lemma	freq	distance	eligible	proper	concreteness	out_deg	in_deg
aacc	2	NA	1	1		0	0
aagot	3	NA	1	1		0	0
aaron	2	NA	1	0		0	0
aba	4	NA	1	1		0	0
ababa	3	NA	1	1		0	0
abajo	1	NA	1	0		0	0
abandon	10	NA	1	0	2.54	0	0
abandonment	3	NA	1	0	2.54	0	0
abate	2	NA	1	0		0	0
abbey	22	NA	1	1		0	0
abbot	1	NA	1	0		0	0
abbreviate	4	NA	1	0	2.59	0	0
abbreviation	2	NA	1	1	3.07	0	0
abc	4	NA	1	1		0	0
abdomen	4	NA	1	0	4.70	0	0
abdominal	7	NA	1	0	4.28	0	0
abduction	3	1	1	0	3.07	2	0
abdul	2	NA	1	1		0	0
abdullah	24	0	1	1		1	0
abdullahs	1	NA	1	0		0	0
abe	3	NA	1	1		0	0
aberdeenshire	6	NA	1	1		0	0
aberration	2	NA	1	0		0	0
abhandlungen	1	NA	1	0		0	0
abhay	3	NA	1	0		0	0
abide	3	NA	1	0	1.68	0	0
abigail	1	NA	1	0		0	0
ability	151	NA	1	0	1.81	0	4
abiotic	19	NA	1	0		0	0
able	230	0	1	0	2.38	0	0
abnormal	8	NA	1	0	2.14	0	0
abnormality	14	NA	1	0	2.48	0	0
abnormally	1	NA	1	0	1.75	0	0
abo	6	NA	1	1		0	0
abolition	2	NA	1	0	2.43	0	0
aboral	1	NA	1	0		0	0
abort	1	NA	1	0	2.83	0	0
abound	3	NA	1	0	2.27	0	0
about	1319	0	0	0	1.77	0	0
above	150	NA	0	0	3.33	0	0
aboveground	2	NA	1	0	4.03	0	0
abraham	3	NA	1	1		0	0
abrams	3	NA	1	1		0	0
abrasion	1	NA	1	0	4.57	0	0
abroad	17	NA	1	0	2.72	0	0
abrs	5	0	1	0		0	0
abrupt	1	NA	1	0	2.27	0	0
abscess	2	NA	1	0	4.48	0	0
absence	19	NA	1	0	2.31	0	0
absent	16	NA	1	0	2.70	0	0
absolute	7	NA	1	0	1.81	0	0
absolutely	22	0	1	0	1.97	0	0
absorb	92	NA	1	0	3.11	0	0
absorbable	1	NA	1	0	2.47	0	0
absorber	2	NA	1	0	2.96	0	0
absorption	13	NA	1	0	3.22	0	0
absorptive	1	NA	1	0		0	0
abstain	1	NA	1	0	2.38	0	0
abstention	2	NA	1	0	2.16	0	0
abstract	1	NA	1	0	1.45	0	0
abundance	13	NA	1	0	2.21	2	0
abundant	30	NA	1	0	2.83	0	0
abuse	25	NA	1	0	2.71	0	0
abusement	1	NA	1	0		0	0
abusive	1	NA	1	0	2.55	0	0
abuzz	2	NA	1	0		0	0
abyssal	5	NA	1	0		0	0
academic	29	NA	1	0	2.11	0	0
academicintegrity	1	NA	1	0		0	0
academy	16	NA	1	1	4.29	0	0
acanthocystis	1	NA	1	0		0	0
accelerate	17	NA	1	0	3.48	0	0
acceleration	4	NA	1	0	2.97	0	0
accelerator	3	NA	1	0	4.32	0	0
accell	7	NA	1	1		0	0
accells	1	NA	1	0		0	0
accent	3	NA	1	0	3.26	0	0
accept	76	NA	1	0	3.03	0	0
acceptability	2	NA	1	0	1.74	0	0
acceptable	12	NA	1	0	1.93	0	0
acceptance	7	NA	1	0	2.21	0	0
acceptor	11	4	1	0	2.79	1	0
access	92	NA	1	0	2.71	0	3
accessibility	4	NA	1	0	2.30	0	0
accessible	18	NA	1	0	1.80	0	0
accession	1	NA	1	0		0	0
accessory	11	NA	1	0	4.10	0	0
accident	26	0	1	0	3.26	0	0
accidental	6	NA	1	0	2.17	0	0
accidentally	10	NA	1	0	1.71	0	0
acclaim	1	NA	1	0	2.04	0	0
accommodate	4	NA	1	0	1.86	0	0
accommodation	8	NA	1	0	2.96	0	0
accompany	8	NA	1	0	3.07	0	0
accomplish	9	NA	1	0	2.33	0	0
accomplishment	1	NA	1	0	2.50	0	0
accord	276	NA	1	0	1.57	0	0
accordance	6	NA	1	0	1.54	0	0
accordingly	3	NA	1	0	1.58	0	0
account	91	NA	1	0	3.08	0	0
accountant	1	NA	1	0	4.41	0	0
accounting	7	NA	1	0	3.27	0	0
accredit	3	NA	1	0	2.15	0	0
accreditation	3	NA	1	0	2.68	0	0
accumulate	17	NA	1	0	3.00	0	0
accumulation	7	NA	1	0	2.97	0	0
accuracy	8	NA	1	0	1.85	0	0
accurate	18	NA	1	0	1.90	0	0
accurately	7	NA	1	0	2.39	0	0
accusation	1	NA	1	0	2.38	0	0
accusative	1	NA	1	0	1.60	0	0
accuse	2	NA	1	0	2.25	0	0
accused	19	0	1	0	2.93	0	0
accustom	3	NA	1	0	1.48	0	0
acea	13	NA	1	1		0	0
aceas	1	NA	1	0		0	0
acellular	3	NA	1	0		0	0
acetaldehyde	2	NA	1	0		0	0
acetaminophen	1	NA	1	0	3.80	0	0
acetyl	12	NA	1	0		0	0
acetylcholine	2	NA	1	0		0	0
ache	1	NA	1	0	3.43	0	0
achievable	1	NA	1	0	2.07	0	0
achieve	55	NA	1	0	2.29	0	0
achievement	21	NA	1	0	2.37	0	2
achilles	2	NA	1	1		0	0
acid	269	1	1	0	4.25	4	2
acidic	27	NA	1	0	3.54	0	0
acidity	6	NA	1	0	3.40	0	0
acidproduces	1	NA	1	0		0	0
acknowledge	14	NA	1	0	2.03	0	0
acne	1	NA	1	0	4.89	0	0
acoelomate	4	NA	1	0		0	0
acoelomates	4	NA	1	0		1	0
acorn	2	NA	1	0	4.96	0	0
acquaintance	5	NA	1	0	3.41	0	0
acquiesce	1	NA	1	0	2.21	0	0
acquire	43	NA	1	0	2.93	0	0
acquisition	5	NA	1	0	2.60	0	0
acre	3	NA	1	0	4.18	0	0
acres	8	NA	1	0		0	0
acromegaly	1	NA	1	0		0	0
acronym	2	NA	1	0	2.64	0	0
acrosomal	3	NA	1	0		0	0
acrosome	3	NA	1	0		1	0
across	250	0	0	0	3.07	0	0
act	83	0	1	0	2.46	1	1
actin	13	NA	1	0		0	1
acting	13	NA	1	0	2.54	0	0
actinopterygii	2	NA	1	0		0	0
action	126	NA	1	0	2.86	0	2
activate	36	NA	1	0	2.97	0	0
activating	2	NA	1	0		0	0
activation	17	1	1	0	2.41	2	0
activator	4	NA	1	0	3.14	0	0
active	89	NA	1	0	3.32	0	0
actively	15	NA	1	0	2.41	0	0
activist	16	NA	1	0	3.34	0	4
activity	139	NA	1	0	2.72	0	1
actor	41	NA	1	0	4.57	0	0
acts	43	NA	1	0	3.29	0	0
actual	29	NA	1	0	2.22	0	0
actually	66	0	1	0	1.37	0	0
actuarial	1	NA	1	0	2.33	0	0
acuity	1	NA	1	0		0	0
acupuncture	4	NA	1	0	3.83	0	0
acute	2	NA	1	0	1.92	0	0
acyclovir	1	NA	1	0		0	0
ad	19	1	1	0	4.46	1	0
adage	1	NA	1	0	1.86	0	0
adam	3	NA	1	1		0	0
adapt	72	0	1	0	2.41	0	0
adaptability	3	NA	1	0	1.38	0	0
adaptable	2	NA	1	0	1.85	0	0
adaptation	85	1	1	0	2.04	1	2
adaption	1	NA	1	0	2.40	0	0
adaptive	48	NA	1	0	1.97	0	0
adaptor	1	NA	1	0	4.04	0	0
add	283	1	1	0	3.00	2	0
addict	19	NA	1	0	3.14	0	1
addiction	8	NA	1	0	2.85	0	0
addictive	2	NA	1	0	2.22	0	0
addis	3	NA	1	1		0	0
addison	1	NA	1	0		0	0
addition	101	NA	1	0	2.89	0	3
additional	35	NA	1	0	2.43	0	0
additionally	23	NA	1	0	2.20	0	0
address	57	NA	1	0	3.89	0	0
adelaide	3	NA	1	1		0	0
adele	1	NA	1	0		0	0
aden	4	NA	1	1		0	0
adenine	14	NA	1	0		0	0
adenoid	2	NA	1	0		0	0
adenosine	9	0	1	0		0	0
adenovirus	4	2	1	0		1	0
adept	2	NA	1	0	2.23	0	0
adequate	6	NA	1	0	1.97	0	0
adequately	4	NA	1	0	1.72	0	0
adesso	3	NA	1	1		0	0
adhere	7	NA	1	0	2.62	0	0
adherence	2	NA	1	0	1.50	0	0
adhesion	3	NA	1	0	3.32	1	0
adhesive	1	NA	1	0	4.35	0	0
adib	3	NA	1	1		0	0
adidas	3	NA	1	1		0	0
adipocere	1	NA	1	0		0	0
adipocytes	1	1	1	0		1	0
adipose	8	NA	1	0		0	0
adjacent	23	NA	1	0	3.63	0	0
adjective	3	NA	1	0	2.43	0	0
adjoin	4	0	1	0	2.73	0	0
adjust	10	NA	1	0	2.93	0	0
adjustment	8	NA	1	0	2.81	0	0
admin	19	0	1	0	2.96	0	0
administer	4	NA	1	0	2.53	0	0
administration	18	NA	1	0	2.78	0	0
administrative	1	NA	1	0	2.14	0	0
administrator	3	NA	1	0	3.89	0	0
admiration	2	NA	1	0	1.86	0	0
admire	11	NA	1	0	2.04	0	0
admirer	1	NA	1	0	2.93	0	0
admission	6	NA	1	0	2.83	0	0
admit	77	NA	1	0	2.32	0	0
adolescence	5	NA	1	0	2.81	0	0
adolescent	3	NA	1	0	3.48	0	0
adolph	1	NA	1	0		0	0
adolphus	2	NA	1	1		0	0
adonis	3	NA	1	1		0	0
adopt	11	NA	1	0	2.36	0	0
adopter	1	NA	1	0	3.33	0	0
adoption	1	NA	1	0	3.03	0	0
adorable	2	NA	1	0	1.86	0	0
adore	5	NA	1	0	2.34	0	0
adp	16	NA	1	1		0	0
adrenal	18	NA	1	0	3.28	0	0
adrenaline	3	NA	1	0	3.04	0	0
adrenocorticotropic	2	NA	1	0		0	0
adrift	3	NA	1	0	2.71	0	0
adult	189	NA	1	0	4.40	0	0
adulthood	4	NA	1	0	2.50	0	0
advance	47	NA	1	0	2.57	0	0
advancement	10	NA	1	1	2.10	0	0
advantage	61	NA	1	0	2.00	0	1
advantageous	4	NA	1	0	2.07	0	0
advent	3	NA	1	0	2.48	0	0
adventitious	2	NA	1	0		0	0
adventure	8	NA	1	0	2.59	0	0
adversary	1	NA	1	0	2.93	0	0
adversely	1	NA	1	0	1.62	0	0
advert	7	NA	1	0	3.08	0	0
advertise	10	NA	1	0	2.81	0	0
advertisement	3	NA	1	0	3.77	0	0
advertiser	7	NA	1	0	3.93	0	0
advertising	38	NA	1	0	3.88	0	0
advice	38	NA	1	0	2.73	0	0
advise	15	NA	1	0	2.03	0	0
adviser	8	NA	1	0	3.67	0	0
advisory	7	0	1	1	2.50	0	0
advocacy	2	NA	1	0	2.00	0	0
advocate	4	NA	1	0	2.72	0	0
aegean	6	NA	1	1		0	0
aella	1	NA	1	0		0	0
aerial	5	NA	1	0	3.04	0	0
aerobe	1	NA	1	0		0	0
aerobic	41	NA	1	0	3.14	0	0
aeroplane	12	NA	1	0		0	0
aerosol	1	NA	1	0	4.23	0	0
aeruginosa	1	NA	1	0		0	0
aesthetic	2	NA	1	0	2.33	0	0
aesthetics	3	NA	1	0	2.22	0	0
affability	1	NA	1	0	1.54	0	0
affairs	9	NA	1	1		0	0
affect	159	NA	1	0	1.93	0	0
afferent	2	NA	1	0		0	0
affiliate	2	NA	1	0	2.50	0	0
affinity	3	NA	1	0		0	0
affirm	1	NA	1	0	1.96	0	0
affirmative	1	NA	1	0	1.93	0	0
afflict	3	NA	1	0	2.14	0	0
affluence	1	NA	1	0	2.15	0	0
affluent	2	NA	1	0	1.83	0	0
afford	33	NA	1	0	1.83	0	0
affordable	9	NA	1	0	2.10	0	0
affront	1	NA	1	0	1.83	0	0
afghan	2	NA	1	1	4.50	0	0
afghanistan	13	1	1	1		2	0
aflatoxin	2	NA	1	0		0	0
afloat	2	NA	1	0	3.34	0	0
aforementioned	1	NA	1	0	1.93	0	0
afp	1	NA	1	0		0	0
afraid	27	0	1	0	2.70	0	0
africa	151	NA	1	1		0	0
african	69	NA	1	1		0	0
afrikaner	2	NA	1	1		0	0
after	731	0	0	0	2.12	0	0
aftermath	2	NA	1	0	1.97	0	0
afternoon	10	0	1	0	3.70	0	0
afterwards	17	NA	0	0	2.14	0	0
ag	2	NA	1	0		0	0
against	199	0	0	0	1.80	0	0
agaric	1	NA	1	0		0	0
agaricus	1	NA	1	0		0	0
age	237	0	1	0	2.86	0	0
aged	65	NA	1	0	3.14	0	0
ageing	39	NA	1	0		0	0
agency	49	NA	1	0	3.87	0	0
agenda	6	NA	1	0	2.66	0	0
agent	32	0	1	0	3.61	0	4
agewatch	3	NA	1	1		0	0
aggravate	1	NA	1	0	2.26	0	0
aggregate	2	NA	1	0	2.14	0	0
aggregation	3	NA	1	0	2.16	0	0
aggression	1	NA	1	0	2.68	0	0
aggressive	9	NA	1	0	2.54	0	0
aggressively	3	NA	1	0	2.25	0	0
agile	2	NA	1	0	2.31	0	0
agility	3	NA	1	0	2.38	0	0
aging	3	NA	1	0	2.88	0	0
agio	12	NA	1	1		0	0
agitate	1	NA	1	0	2.93	0	0
aglow	2	NA	1	0	2.29	0	0
ago	166	0	1	0	1.42	0	0
agonize	2	NA	1	0	1.97	0	0
agouti	2	NA	1	0		0	0
agree	117	NA	1	0	2.31	0	0
agreement	30	NA	1	0	2.22	0	2
agricultural	40	NA	1	0	3.29	0	0
agriculture	51	NA	1	0	3.67	0	0
agrilus	1	NA	1	0		0	0
agrobacterium	3	NA	1	1		0	0
agtcatga	1	NA	1	0		0	0
agustino	3	NA	1	1		0	0
ahead	51	0	1	0	3.00	0	0
ahmad	2	NA	1	1		0	0
ahmed	3	NA	1	1		0	0
aid	40	NA	1	0	3.10	0	0
aides	4	NA	1	0	3.75	0	0
aids	21	NA	1	1	3.44	0	0
ail	1	NA	1	0		0	0
ailment	1	NA	1	0	2.93	0	0
aim	70	NA	1	0	3.27	0	1
air	274	0	1	0	4.11	0	0
airbase	2	NA	1	0	4.29	0	0
airbnb	2	NA	1	1		0	0
airborne	1	NA	1	0	3.45	0	0
aircraft	32	1	1	0	4.40	1	0
airfare	1	NA	1	0	3.93	0	0
airflow	1	NA	1	0	3.59	0	0
airless	1	NA	1	0	3.00	0	0
airline	8	NA	1	0	4.00	0	1
airliner	8	NA	1	0	4.45	0	0
airplane	3	NA	1	0	4.96	0	0
airport	21	NA	1	0	4.87	2	0
airspeed	2	NA	1	0	3.04	0	0
airway	7	NA	1	0	4.34	0	2
aisle	3	NA	1	0	4.35	0	0
aitor	3	NA	1	1		0	0
ajar	2	NA	1	0	3.27	0	0
ajaz	1	NA	1	0		0	0
ajek	21	NA	1	0		0	0
akamai	1	NA	1	0		0	0
akes	1	NA	1	0		0	0
akin	1	NA	1	0	1.71	0	0
akio	3	NA	1	1		0	0
akter	3	NA	1	1		0	0
aladdin	4	NA	1	1		0	0
alakeson	3	NA	1	1		0	0
alamin	3	NA	1	0		0	0
alan	9	NA	1	1		0	0
alanine	1	NA	1	0		0	0
alarm	17	NA	1	0	4.47	0	0
alaska	7	2	1	1		1	0
albeit	2	NA	0	0	1.46	0	0
alberta	2	NA	0	1		0	0
albinism	1	NA	1	0		0	0
albino	3	NA	1	0	4.41	0	0
albrecht	3	NA	1	1		0	0
album	81	NA	1	0	4.69	0	1
albumin	1	NA	1	0		0	0
alcanivorax	1	NA	1	0		0	0
alcohol	31	NA	1	0	4.76	0	0
alcoholic	3	NA	1	0	3.37	0	0
alcoholism	2	NA	1	0	2.93	0	0
alcornocales	1	NA	1	0		0	0
aldehyde	1	NA	1	0		0	0
aldosterone	3	NA	1	0		0	0
ale	4	NA	1	0	4.65	0	0
alegre	3	NA	1	1		0	0
aleppo	3	NA	1	1		0	0
alert	4	NA	1	0	2.59	0	0
alessandro	3	NA	1	1		0	0
alex	25	NA	1	1		0	0
alexander	7	NA	1	1		0	0
alexandra	3	NA	1	0		0	0
alexandre	1	NA	1	0		0	0
alexandria	5	NA	1	1		0	0
alexis	6	NA	1	1		0	0
alexs	1	NA	1	0		0	0
alfalfa	2	NA	1	0	4.69	0	0
alfred	5	NA	1	1		0	0
alfredo	6	NA	1	1		0	0
alga	3	NA	1	0		0	0
algae	55	NA	1	0	4.93	0	0
algal	5	NA	1	0		0	0
algorithm	5	NA	1	0	3.07	0	0
algorithmic	1	NA	1	0		0	0
alhambra	1	NA	1	0		0	0
alhandra	3	NA	1	1		0	0
ali	2	NA	1	1		0	0
alice	1	NA	1	0		0	0
alien	5	NA	1	0	3.52	0	0
align	11	NA	1	0	2.79	0	0
alignment	3	NA	1	0	3.26	0	0
alike	6	NA	1	0	2.38	0	0
alive	41	0	1	0	3.14	0	0
alkaline	5	NA	1	0	3.48	0	0
alkaloid	5	NA	1	0	3.38	0	0
alkhalaf	4	NA	1	1		0	0
all	3	0	0	0	2.27	0	0
allan	2	NA	1	1		0	0
allegation	5	NA	1	0	1.79	0	0
allege	18	NA	1	0	1.76	0	0
allegedly	2	NA	1	0	1.64	0	0
allegiance	1	NA	1	0	1.77	0	0
allele	177	3	1	0		4	3
allelic	1	NA	1	0		0	0
allen	40	1	1	1		3	0
allergen	7	NA	1	0	3.93	0	0
allergic	14	NA	1	0	2.55	0	0
allergist	4	NA	1	0	4.00	0	1
allergy	52	1	1	0	3.68	2	0
allgemeine	1	NA	1	0		0	0
alliance	10	NA	1	1	2.50	0	1
alliaria	1	NA	1	0		0	0
allibert	3	NA	1	1		0	0
allies	7	NA	1	0	3.48	0	0
alligator	5	NA	1	0	4.96	0	0
alligator's	1	NA	1	0		0	0
allo	1	NA	1	0		0	0
allocate	6	NA	1	0	2.38	0	0
allocation	2	NA	1	0	2.32	0	0
allopatric	9	NA	1	0		0	0
alloploidy	1	NA	1	0		0	0
allopolyploid	2	5	1	0		3	0
allopolyploids	1	NA	1	0		0	0
allopolyploidy	2	NA	1	0		0	0
allosteric	12	NA	1	0		0	0
allosterically	1	NA	1	0		0	0
allout	1	NA	1	0		0	0
allow	409	NA	1	0	2.41	0	0
allowance	1	NA	1	0	3.07	0	0
alloy	2	NA	1	0	4.29	0	1
allude	1	NA	1	0	1.81	0	0
allusion	2	NA	1	0	1.58	0	0
ally	5	NA	1	0	2.61	0	1
almost	227	0	0	0	1.66	0	0
alone	65	0	0	0	2.86	0	0
along	134	0	0	0	2.14	0	0
alongside	15	NA	1	0	2.82	0	0
aloof	2	NA	1	0	1.46	0	0
alpha	7	NA	1	0	1.81	0	0
alphabet	12	NA	1	0	4.31	0	0
alps	4	NA	1	1		0	0
already	252	0	0	0	1.64	0	0
als	8	NA	1	1		0	0
also	1410	0	0	0	1.83	0	0
alstead	2	NA	1	1		0	0
altaica	1	NA	1	0		0	0
altar	2	NA	1	0	4.85	0	0
alter	32	NA	1	0	3.07	0	1
alteration	4	NA	1	0	3.21	0	0
altercation	1	NA	1	0	3.21	0	0
altering	6	NA	1	0		0	0
alternate	20	NA	1	0	2.43	0	0
alternately	1	NA	1	0	2.03	0	0
alternation	14	NA	1	0	3.00	0	0
alternative	69	NA	1	0	2.46	0	0
alternatively	4	NA	1	0	1.92	0	0
although	220	NA	0	0	1.07	0	0
altitude	36	NA	1	0	2.96	0	0
alto	3	NA	1	1	3.37	0	0
altogether	5	NA	1	0	2.36	0	0
alton	3	NA	1	1		0	0
aluminium	6	NA	1	0		0	0
aluminum	1	NA	1	0	4.88	0	0
alveolar	7	NA	1	0		0	0
alveolus	14	NA	1	0		0	0
always	172	0	0	0	1.71	0	0
alzheimer	2	NA	1	1	2.53	0	0
amadou	3	NA	1	1		0	0
amanita	2	NA	1	1		0	0
amass	4	NA	1	0	2.28	0	0
amateur	4	NA	1	0	2.31	0	0
amaze	32	0	1	0	2.00	0	0
amazingly	3	NA	1	0	1.58	0	0
amazon	58	NA	1	1		0	0
amazonian	3	NA	1	1		0	0
ambani	3	1	1	1		1	0
ambassador	14	1	1	0	4.28	1	0
ambassdaor	1	NA	1	0		0	0
amber	6	NA	1	0	4.35	0	0
ambient	2	NA	1	0	2.04	0	0
ambition	16	NA	1	0	1.74	0	0
ambitious	3	NA	1	0	1.81	0	0
ambitiously	1	NA	1	0	1.78	0	0
ambitiousness	2	NA	1	0	1.78	0	0
ambulance	4	NA	1	0	4.81	0	0
amenable	1	NA	1	0	1.86	0	0
amend	4	NA	1	0	2.32	0	0
amendment	11	NA	1	1	2.44	0	0
america	143	0	1	1		1	0
american	162	0	1	1		0	0
americanus	1	NA	1	0		0	0
amid	11	NA	0	0	2.27	0	0
amidst	1	NA	1	0	2.15	0	0
amin	3	NA	1	0		0	0
amino	110	0	1	0	2.74	0	0
amish	2	NA	1	0		0	0
amjid	3	NA	1	0		0	0
ammeter	1	NA	1	0		0	0
ammonia	13	NA	1	0	4.44	0	1
ammonification	5	1	1	0		3	0
ammonium	7	NA	1	0	4.04	0	0
amnesia	1	NA	1	0	3.61	0	0
amniota	1	NA	1	0		0	0
amniote	8	NA	1	0		1	0
amniotic	18	0	1	0		0	0
amoeba	3	NA	1	0	3.77	0	1
amoebocyte	1	2	1	0		1	0
amoebocytes	2	NA	1	0		0	0
amoeboid	4	NA	1	0		0	0
amoebozoa	2	1	1	0		1	0
among	221	NA	0	0	2.38	0	0
amongst	2	NA	0	0	2.81	0	0
amorphous	1	NA	1	0	2.15	0	0
amount	202	NA	0	0	2.74	0	0
amoxicillin	1	NA	1	0		0	0
amp	5	NA	1	1	3.59	0	0
ampakines	1	NA	1	0		1	0
ampere	3	NA	1	0		0	0
amphetamine	1	NA	1	0	4.18	0	0
amphibia	4	NA	1	0		0	0
amphibian	44	NA	1	0	3.77	0	3
amphibious	1	NA	1	0	3.64	0	0
ample	3	NA	1	0	2.50	0	0
amplify	2	NA	1	0	2.96	0	0
ampulla	2	NA	1	0		1	0
amsterdam	7	NA	1	1		0	0
amygdala	3	NA	1	0		1	0
amylase	4	3	1	0		1	0
amylopectin	1	NA	1	0		0	0
amylose	2	NA	1	0		0	0
amyotrophic	1	NA	1	0		0	0
ana	36	NA	1	0		0	0
anabolic	7	NA	1	0		0	0
anabolism	2	4	1	0		2	0
anaconda	1	NA	1	0	4.93	0	0
anadromous	1	NA	1	0		0	0
anaemia	3	NA	1	0		0	0
anaerobe	3	NA	1	0		0	0
anaerobic	32	NA	1	0	2.64	0	0
anaerobically	1	NA	1	0		0	0
anakin	3	NA	1	1		0	0
anal	12	NA	1	0	3.30	0	0
analgesic	2	NA	1	1	3.57	0	0
analogous	15	0	1	0	1.58	0	0
analogue	3	NA	1	0	3.08	0	0
analogy	4	NA	1	0	1.61	1	0
analyse	12	NA	1	0		0	0
analysis	67	NA	1	0	2.56	1	1
analyst	27	NA	1	0	4.23	0	1
analytic	10	NA	1	1	1.80	0	0
analytical	5	NA	1	0	1.86	0	0
analyze	25	NA	1	0	2.30	0	0
anaphase	14	0	1	0		1	0
anaphylactic	2	NA	1	0	3.00	0	0
anaphylaxis	2	NA	1	1		0	0
anarchist	1	NA	1	0	2.83	0	0
anarchy	1	NA	1	0	2.12	0	0
anas	1	NA	1	0		0	0
anatomical	8	NA	1	0	3.07	0	0
anatomically	2	NA	1	0	3.00	0	0
anatomy	28	NA	1	0	3.59	0	0
anc	17	NA	1	1		0	0
ancestor	57	NA	1	0	3.24	0	0
ancestral	26	NA	1	0	1.96	0	0
ancestry	5	NA	1	0	2.83	0	0
anchor	12	NA	1	0	4.77	0	0
anchorage	1	NA	1	0	3.48	0	0
anchorman	2	NA	1	0	4.72	0	0
ancient	40	NA	1	0	2.04	0	0
ancillary	1	NA	1	0		0	0
andaluc	5	NA	1	1		0	0
andaluci	2	NA	1	1		0	0
andalus	3	NA	1	1		0	0
andalusa	1	NA	1	0		0	0
andalusian	5	NA	1	1		0	0
andean	5	NA	1	1		0	0
anders	6	NA	1	1		0	0
andersen	9	NA	1	1		0	0
anderson	34	1	1	1		2	0
andes	1	NA	1	0		0	0
andesite	1	NA	1	0		0	0
andorra	3	NA	1	1		0	0
andr	1	NA	1	0		0	0
andrew	13	NA	1	1		0	0
andrews	3	NA	1	0		0	0
androecium	1	NA	1	0		0	1
androgen	7	NA	1	0		0	0
android	14	NA	1	1	4.22	0	0
andronicus	1	NA	1	0		0	0
andy	8	NA	1	1		0	0
anecdotal	1	NA	1	0	2.00	0	0
anemia	7	NA	1	0	3.25	0	0
anemone	8	NA	1	0	4.24	0	1
aneuploid	3	NA	1	0		0	0
aneuploidy	2	NA	1	0		0	0
anew	2	NA	1	0	1.72	0	0
angel	8	0	1	1	3.82	0	0
angela	8	0	1	1		0	0
angell	2	NA	1	1		0	0
angelo	3	NA	1	0		0	0
anger	13	NA	1	0	2.41	0	0
angiosperm	32	4	1	0		1	3
angle	11	NA	1	0	3.50	0	0
angler	1	NA	1	0	4.14	0	0
anglican	1	NA	1	0		0	0
anglicism	1	NA	1	0		0	0
anglocentric	1	NA	1	0		0	0
angola	1	NA	1	0		0	0
angry	21	NA	1	0	2.53	0	0
angular	3	NA	1	0	3.07	0	0
angus	3	NA	1	0	4.19	0	0
anh	1	NA	1	0		0	0
anil	3	NA	1	0		0	0
anim	2	NA	1	1		0	0
animal	661	NA	1	0	4.61	3	13
animal's	1	NA	1	0		0	0
animalcule	1	NA	1	0		0	0
animalia	4	NA	1	1		1	0
animate	2	NA	1	0	3.04	0	0
animation	18	NA	1	0	3.41	0	0
anime	1	NA	1	0	3.62	0	0
anion	3	4	1	0		1	0
anitta	14	1	1	1		1	0
anittas	3	NA	1	1		0	0
ankle	1	NA	1	0	4.81	0	0
ankylose	1	NA	1	0		0	0
ann	7	NA	1	1		0	0
anna	3	NA	1	1		0	0
anne	6	NA	1	1		0	0
anneal	1	NA	1	0		0	0
annealing	1	1	1	0		1	0
annelid	20	1	1	0		1	0
annelida	6	NA	1	1		1	0
annellus	1	NA	1	0		0	0
anniversary	14	NA	1	0	3.15	0	0
announce	53	NA	1	0	3.31	0	0
announcement	19	NA	1	0	2.79	0	0
annoy	6	NA	1	0	1.93	0	0
annoying	1	NA	1	0	2.31	0	0
annual	57	NA	1	0	1.78	0	0
annually	9	NA	1	0	2.77	0	0
anomalistic	1	NA	1	0		0	0
anomalous	2	NA	1	0		0	0
anomaly	2	NA	1	0	1.79	0	0
anonymous	5	NA	1	0	2.03	0	0
anonymously	1	NA	1	0	2.00	0	0
anopheles	2	NA	1	1		0	0
another	415	0	0	0	2.69	0	0
anoxic	3	NA	1	0		0	0
answer	56	0	1	0	2.89	0	0
ant	15	NA	1	0	4.86	0	0
antagonistic	1	NA	1	0	2.07	0	0
antalis	1	NA	1	0		0	0
antarctic	6	NA	1	1	4.21	0	0
antarctica	9	NA	1	1		0	0
anteater	2	NA	1	0	4.86	0	0
anterior	34	NA	1	0	3.50	0	0
anther	8	NA	1	0		1	0
antheridium	1	NA	1	0		0	1
anthocerotophyta	2	NA	1	1		0	0
anthocyanin	1	NA	1	0		0	0
anthony	6	NA	1	1		0	0
anthophyta	2	3	1	0		1	0
anthopleura	2	NA	1	1		0	0
anthozoa	3	NA	1	1		0	0
anthracis	1	NA	1	0		1	0
anthracite	1	NA	1	0		0	0
anthrax	13	0	1	0	4.44	0	0
anthropocene	3	NA	1	1		0	0
anthropogenic	4	NA	1	0		0	0
anthropoid	7	NA	1	0		1	0
anthropologist	3	NA	1	0	4.00	0	0
anthropology	3	NA	1	0	2.41	0	0
anti	49	NA	0	0	2.12	0	0
antibacterial	2	NA	1	0	3.17	0	0
antibiotic	97	NA	1	0	4.43	0	0
antibody	72	1	1	0	3.48	2	1
antic	1	NA	1	0	2.16	0	0
anticipate	14	NA	1	0	1.54	0	0
anticipation	2	NA	1	0	1.93	0	0
anticoagulant	2	NA	1	0	3.46	0	0
anticodon	2	NA	1	0		0	1
antidepressant	1	NA	1	0	3.80	0	0
antidiuretic	3	NA	1	0		0	0
antifreeze	1	NA	1	0	4.54	0	0
antifungal	1	NA	1	0	3.55	0	0
antigen	75	1	1	0		2	0
antigenic	3	NA	1	0		0	0
antihistamine	1	NA	1	0	3.68	0	0
antimalarial	1	NA	1	0		0	0
antimicrobial	3	NA	1	0		0	0
antiobiotics	1	NA	1	0		0	0
antioxidant	13	NA	1	0	3.59	0	0
antipyretic	2	NA	1	1		0	0
antiquarian	1	NA	1	0		0	0
antiquity	4	NA	1	0	2.13	0	0
antiretroviral	4	NA	1	0		0	0
antirrhinum	1	NA	1	0		0	0
antisocial	17	NA	1	0	1.86	0	0
antivenom	1	NA	1	0		0	0
antiviral	8	NA	1	0	3.17	0	0
antoine	1	NA	1	0		0	0
antonio	4	NA	1	1		0	0
antony	1	NA	1	0		0	0
anura	4	NA	1	1		0	0
anus	17	1	1	0	4.86	2	1
anvil	1	NA	1	0	4.96	0	0
anxiety	12	NA	1	0	2.21	0	0
anxious	4	NA	1	0	1.68	0	0
anybody	16	0	0	0	2.67	0	0
anymore	10	0	1	0	2.04	0	0
anyone	55	0	0	0	2.70	0	0
anyones	1	NA	1	0		0	0
anything	96	0	0	0	1.38	0	0
anyway	2	0	0	0	1.68	0	0
anywhere	25	0	0	0	2.21	0	0
anza	1	NA	1	0		0	0
aol	3	NA	1	1		0	0
aorta	9	1	1	0	4.61	2	1
aortic	1	NA	1	0		0	0
apache	8	NA	1	1	3.88	0	0
apart	48	NA	1	0	3.15	0	0
apartheid	10	NA	1	0		0	0
apartment	23	0	1	0	4.90	0	0
apc	24	NA	1	1		0	0
ape	43	NA	1	0	4.79	0	0
aperture	2	NA	1	0		0	0
apex	7	NA	1	0	3.41	0	0
aphid	2	NA	1	0	4.76	0	0
aphotic	7	NA	1	0		0	0
apical	7	NA	1	0		0	0
aplacophora	2	NA	1	1		0	0
apoda	4	NA	1	1		0	0
apollo	9	NA	1	1		0	0
apologize	5	NA	1	0	2.63	0	0
apology	2	NA	1	0	2.86	0	0
apoptosis	7	1	1	0		1	0
apostolic	3	NA	1	1	2.26	0	0
apoyeque	2	3	1	1		1	0
app	24	NA	1	0	3.86	0	1
appalling	4	NA	1	0	2.03	0	0
apparatus	18	NA	1	0	3.78	1	1
apparent	12	NA	1	0	1.73	0	0
apparently	12	NA	1	0	1.75	0	0
appeal	29	NA	1	0	1.73	0	0
appear	163	NA	1	0	3.13	0	0
appearance	48	NA	1	0	2.57	0	2
appearing	7	NA	1	0		0	0
appendage	16	NA	1	0	4.26	0	2
appendicular	6	NA	1	0		0	0
appendix	4	NA	1	0	4.25	0	0
appetite	10	NA	1	0	2.74	0	0
apple	122	1	1	1	5.00	2	0
appleby	1	NA	1	0		0	0
appliance	1	NA	1	0	4.57	0	0
applicability	3	NA	1	0	1.69	0	0
applicable	1	NA	1	0	2.30	0	0
applicant	12	NA	1	0	4.00	0	0
application	70	NA	1	0	3.40	0	1
apply	96	NA	1	0	2.50	0	1
appoint	8	NA	1	0	2.24	0	0
appointment	6	NA	1	0	3.00	1	0
appreciate	14	0	1	0	2.23	0	0
appreciation	2	NA	1	0	1.63	0	0
appreciative	1	NA	1	0	1.93	0	0
apprentice	3	NA	1	0	3.67	0	0
apprenticeship	1	NA	1	0	2.70	0	0
approach	70	NA	1	0	2.74	0	0
approaching	3	NA	1	0	2.63	0	0
appropriate	24	NA	1	0	2.00	0	0
appropriately	4	NA	1	0	1.79	0	0
approval	9	NA	1	0	2.33	0	1
approve	20	NA	1	0	1.85	0	0
approximate	3	NA	1	0	2.03	0	0
approximately	60	NA	1	0	2.54	0	0
apps	28	NA	1	0		1	0
april	37	0	1	1	3.33	1	0
apt	1	NA	1	0	1.78	0	0
aptitude	1	NA	1	0	1.54	0	0
aptly	1	NA	1	0	1.66	0	0
aquaculture	3	NA	1	0	2.64	0	0
aquarium	26	NA	1	0	4.77	0	0
aquatic	75	NA	1	0	3.44	0	0
aqueous	7	NA	1	0		0	0
aquifer	5	NA	1	0	4.04	0	0
arab	2	NA	1	1		0	0
arabia	8	NA	1	1		1	0
arabian	3	NA	1	1		0	0
arabidopsis	1	NA	1	0		0	0
arable	3	NA	1	0		0	0
arachidic	1	NA	1	0		0	0
arachis	1	NA	1	0		0	0
arachnid	4	NA	1	0	4.65	0	0
arachnoid	3	NA	1	0		0	0
aragonite	1	NA	1	0		0	0
arbitrary	3	NA	1	0	1.62	0	0
arboreal	3	NA	1	0		0	0
arbuscles	1	NA	1	0		0	0
arbuscular	1	NA	1	0		0	0
arc	1	NA	1	0	4.14	0	0
arcane	1	NA	1	0		0	0
arch	4	NA	1	0	4.59	0	0
archaea	49	NA	1	1		1	1
archaeal	4	NA	1	0		0	0
archaean	1	NA	1	0		0	0
archaeological	3	NA	1	0	2.67	0	0
archaeologist	3	NA	1	0	4.45	0	0
archaeology	4	NA	1	0	3.08	0	0
archaeplastida	2	1	1	0		1	0
archaic	1	NA	1	0	2.23	0	0
archbishop	12	NA	1	1	4.14	0	0
archea	2	NA	1	0		0	0
archean	1	NA	1	0		0	0
archegonium	2	NA	1	0		0	0
archer	5	NA	1	1	3.90	0	0
archetype	2	NA	1	0		0	0
archimedes	3	NA	1	1		1	0
archipelago	6	NA	1	0	3.96	0	0
architect	22	NA	1	0	3.74	0	1
architecture	3	NA	1	0	3.59	0	0
archive	4	NA	1	0	3.58	0	0
archives	4	NA	1	0	3.93	0	0
arctic	47	NA	1	1	3.00	0	0
ardent	1	NA	1	0	1.64	0	0
area	359	0	1	0	3.72	1	5
aren	18	0	1	0		0	0
arent	9	NA	1	0		0	0
argentina	6	NA	1	0		0	0
argentinian	6	NA	1	1		0	0
argon	2	NA	1	0	3.20	0	0
arguably	4	NA	1	0	1.79	0	0
argue	52	NA	1	0	2.75	0	0
arguing	3	NA	1	0		0	0
argument	23	NA	1	0	2.85	0	0
arianna	5	NA	1	1		0	0
arid	4	NA	1	0	2.96	0	0
arif	4	NA	1	0		0	0
arise	43	NA	1	0	3.17	0	0
aristos	1	NA	1	0		0	0
arithmetic	3	NA	1	0	2.74	0	0
arizona	3	NA	1	0		0	0
arkansas	1	NA	1	0		0	0
arm	25	NA	1	0	4.96	0	0
armenia	3	NA	1	1		0	0
armillaria	1	NA	1	0		0	0
armor	5	NA	1	0	4.76	0	0
armour	6	NA	1	0		0	0
armoury	1	NA	1	0		0	0
armpit	2	NA	1	0	4.80	0	0
arms	31	NA	1	0	4.97	0	0
army	23	0	1	0	4.70	0	0
arnaud	3	NA	1	1		0	0
arney	3	NA	1	1		0	0
arnold	7	NA	1	1		0	0
aromatic	3	NA	1	0	3.04	0	0
around	535	0	0	0	1.96	0	0
arousal	3	NA	1	0	2.83	0	1
arraes	4	NA	1	1		1	0
arrange	22	NA	1	0	2.79	0	0
arrangement	28	NA	1	0	2.30	0	2
arranging	1	NA	1	0		0	0
array	10	NA	1	0	2.54	0	0
arrector	1	NA	1	0		0	0
arrest	54	NA	1	0	3.93	1	0
arrival	13	NA	1	0	3.07	0	0
arrive	76	NA	1	0	3.22	0	0
arrow	5	NA	1	0	4.97	0	0
arsenal	1	NA	1	0	3.86	0	0
arsenic	1	NA	1	0	4.29	0	0
arson	2	NA	1	0	3.66	0	0
art	61	NA	1	0	4.17	0	1
artefact	3	NA	1	0		0	0
artemisia	1	NA	1	0		0	0
arteriole	2	NA	1	0		1	1
artery	27	NA	1	0	4.48	1	1
arthritis	6	NA	1	0	3.50	0	0
arthrobotrys	1	NA	1	0		0	0
arthrogram	2	NA	1	0		0	0
arthrography	1	NA	1	0		1	0
arthrophyta	2	NA	1	1		0	0
arthropod	23	NA	1	0		1	0
arthropoda	8	NA	1	1		1	0
arthur	1	NA	1	0		0	0
arti	3	NA	1	0		0	0
article	28	NA	1	0	4.33	0	0
articulate	3	NA	1	0	2.20	0	0
articulation	1	NA	1	0	2.65	0	0
artifact	2	NA	1	0	4.50	0	0
artificial	19	NA	1	0	2.93	0	0
artificially	10	NA	1	0	1.81	0	0
artillery	1	NA	1	0	4.31	0	0
artist	112	1	1	0	4.24	1	3
artistic	2	NA	1	0	2.14	0	0
artistically	1	NA	1	0	2.13	0	0
arts	19	NA	1	0	3.75	0	0
artwork	20	NA	1	0	4.42	0	2
arvind	3	NA	1	1		0	0
ascending	2	NA	1	0	2.66	0	0
ascent	6	NA	1	0	2.61	0	0
ascertain	2	NA	1	0	2.11	0	0
ascetic	4	NA	1	0		0	1
ascomycete	1	NA	1	0		0	1
ascomycota	5	NA	1	1		0	0
ascot	1	NA	1	0	4.32	0	0
ascribe	1	NA	1	0	2.44	0	0
ascus	1	3	1	0		1	0
asda	1	NA	1	0		0	0
asexual	48	NA	1	0	2.43	0	0
asexually	11	NA	1	0	2.08	0	0
ash	28	NA	1	0	4.96	0	0
ashamed	6	NA	1	0	1.74	0	0
ashley	6	NA	1	1		0	0
ashraf	1	NA	1	0		0	0
asia	52	NA	1	1		0	0
asiaas	1	NA	1	0		0	0
asian	22	0	1	1		0	0
asiatic	1	NA	1	0		0	0
aside	14	NA	1	0	2.21	0	0
ask	209	0	1	0	2.52	0	0
asking	51	0	1	0		0	0
asleep	6	NA	1	0	3.71	0	0
aspartic	1	NA	1	0		0	0
aspect	32	NA	1	0	1.82	0	1
aspergillus	2	NA	1	1		0	0
asphalt	2	NA	1	0	4.83	0	0
aspinall	5	NA	1	1		0	0
aspinalls	1	NA	1	0		0	0
aspirational	3	NA	1	0		0	0
aspire	1	NA	1	0	1.53	0	0
aspirin	3	NA	1	0	4.76	0	0
assad	5	NA	1	1		0	0
assads	1	NA	1	0		0	0
assault	11	NA	1	0	3.41	0	0
assemblage	1	NA	1	0	3.00	0	0
assemble	16	NA	1	0	3.67	0	0
assembling	1	NA	1	0		0	0
assembly	11	NA	1	0	3.79	0	0
assert	2	NA	1	0	2.03	0	0
assertion	1	NA	1	0	2.20	0	0
assess	23	NA	1	0	2.26	0	0
assessment	14	NA	1	0	2.11	0	0
asset	4	NA	1	0	2.92	0	0
assets	9	NA	1	0	3.52	0	0
assign	10	NA	1	0	2.86	0	0
assigning	1	NA	1	0		0	0
assignment	8	NA	1	0	3.86	0	0
assist	13	NA	1	0	2.52	0	0
assistance	12	NA	1	0	2.25	0	0
assistant	6	NA	1	0	4.07	0	0
associate	110	NA	1	0	3.41	0	1
association	89	NA	1	1	2.30	0	3
assort	4	NA	1	0	2.33	0	0
assortment	15	0	1	0	2.50	0	0
assume	27	NA	1	0	1.75	0	0
assumption	6	NA	1	0	1.84	0	0
assurance	5	NA	1	0	1.76	0	0
assure	10	NA	1	0	2.43	0	0
asteroid	6	NA	1	0	4.86	0	0
asteroidea	3	NA	1	1		0	0
asthma	3	NA	1	0	3.71	0	0
astonish	6	NA	1	0	1.70	0	0
astound	1	NA	1	0	1.93	0	0
astrocyte	1	NA	1	0		0	0
astronaut	48	NA	1	0	4.75	0	1
astronomer	4	NA	1	0	4.27	0	0
astronomic	1	NA	1	0	2.53	0	0
astronomy	11	NA	1	0	3.03	0	0
astrophysicist	5	0	1	0	4.07	0	1
astrotourism	8	NA	1	0		0	0
astrovillage	5	NA	1	0		1	0
asu	1	NA	1	0		0	0
asylum	11	NA	1	0	4.41	0	0
asymmetric	1	NA	1	0	3.50	0	0
asymmetrical	6	NA	1	0	3.21	0	0
atari	1	NA	1	0		0	0
ate	13	NA	1	0	3.74	0	0
atelopus	2	NA	1	1		0	0
ath	2	NA	1	0		0	0
atheist	1	NA	1	0	2.93	0	0
athenian	1	NA	1	0		0	0
athens	22	NA	1	1		0	0
athlete	15	NA	1	0	4.30	0	0
atif	2	NA	1	1		0	0
atlantic	22	NA	1	1	3.26	0	0
atlas	40	0	1	0	4.79	1	0
atm	35	NA	1	1		0	0
atminventor	3	NA	1	1		0	0
atmosphere	118	2	1	0	3.04	1	1
atmospheric	14	NA	1	0	2.90	0	0
atoll	4	NA	1	0		0	0
atom	136	2	1	0	3.34	3	6
atomic	18	NA	1	0	2.93	0	0
atp	121	1	1	1		2	2
atratus	1	NA	1	0		0	0
atrial	2	NA	1	0		0	0
atrium	19	NA	1	0	4.72	0	0
atrocious	1	NA	1	0	1.69	0	0
atrocity	2	NA	1	0	2.15	0	0
atropa	1	NA	1	0		0	0
atrophy	1	NA	1	0	2.86	0	0
atropine	2	NA	1	1		0	0
attach	102	NA	1	0	3.33	0	1
attache	13	NA	1	0		0	1
attachment	21	NA	1	0	3.04	1	0
attack	119	0	1	0	3.71	0	0
attacker	3	NA	1	0	4.04	0	0
attain	5	NA	1	0	2.18	0	0
attempt	68	NA	1	0	2.22	0	0
attenborough	3	NA	1	1		0	0
attend	23	NA	1	0	3.17	0	0
attendance	15	NA	1	0	3.07	0	0
attendant	4	NA	1	0	4.44	0	0
attending	3	NA	1	0		0	0
attention	58	0	1	0	2.30	0	1
attenuate	1	NA	1	0		0	0
attenuation	2	NA	1	0		1	0
attered	1	NA	1	0		0	0
attic	1	NA	1	0	4.53	0	0
attitude	18	NA	1	0	1.97	0	1
attorney	5	NA	1	1	4.52	0	0
attract	73	NA	1	0	2.73	0	0
attraction	37	NA	1	0	2.24	1	3
attractive	7	NA	1	0	2.64	0	0
attribute	10	NA	1	0	2.33	0	1
attribution	7	NA	1	0	2.04	0	0
atwood	8	NA	1	1		0	0
atwoods	1	NA	1	0		0	0
atypical	1	NA	1	0	1.93	0	0
atzamis	3	NA	1	1		0	0
aubergine	3	NA	1	0		0	0
aubrey	3	NA	1	1		0	0
auckland	2	NA	1	0		0	0
auction	28	NA	1	0	3.93	0	0
auctioneer	2	NA	1	0	4.55	0	0
audacious	2	NA	1	0	1.63	0	0
audi	3	NA	1	1		0	0
audible	3	NA	1	0	3.23	0	0
audience	41	NA	1	0	4.29	0	0
audio	6	NA	1	0	3.50	0	0
audis	3	1	1	0		1	0
audit	1	NA	1	0	3.15	0	0
auditor	3	NA	1	0	3.38	0	0
auditorium	3	NA	1	0	4.70	0	1
auditory	5	NA	1	0	3.07	0	0
aug	5	NA	1	1		0	1
augment	4	NA	1	0	2.81	0	0
augsburg	1	NA	1	0		0	0
august	36	1	1	1	3.04	1	0
augustinian	1	NA	1	0		0	0
aunt	3	NA	1	0	4.17	0	0
aur	1	NA	1	0		0	0
aurelia	4	NA	1	0		0	0
aureus	13	NA	1	0		0	0
aurora	3	NA	1	1	3.48	0	0
austen	3	NA	1	1		0	0
austerity	9	NA	1	0	1.38	0	0
austin	6	NA	1	1		0	0
australasia	1	NA	1	0		0	0
australia	98	NA	1	1		0	1
australian	18	NA	1	1		0	0
austria	12	NA	1	1		0	0
austrian	9	0	1	1		0	0
austro	2	NA	1	0		0	0
authentic	1	NA	1	0	2.31	0	0
authenticity	2	NA	1	0	1.74	0	0
author	89	NA	1	0	4.26	0	3
authoritative	3	NA	1	0	1.68	0	0
authorities	43	0	1	0		0	0
authority	19	NA	1	1	2.34	0	0
authorize	2	NA	1	0	2.22	0	0
autism	36	NA	1	0	2.69	1	0
autistic	4	NA	1	0	2.89	0	0
auto	4	NA	1	0	4.00	0	0
autoantibody	3	2	1	0		1	0
autoimmune	6	NA	1	0	2.64	0	0
autoimmunity	8	NA	1	0		1	0
automate	12	NA	1	0	2.71	0	0
automatic	13	NA	1	0	2.82	0	0
automatically	5	NA	1	0	2.03	0	0
automation	7	NA	1	0	2.48	0	0
automobile	4	NA	1	1	4.96	0	0
automotive	3	NA	1	0	4.19	0	0
autonomic	12	NA	1	0		0	0
autonomous	2	NA	1	0	2.00	0	0
autonomously	2	NA	1	0	2.35	0	0
autopolyploid	2	NA	1	0		0	0
autopolyploidy	3	NA	1	0		1	0
autopsy	31	0	1	0	4.29	0	0
autosomal	2	NA	1	0		0	0
autosome	5	NA	1	0		1	0
autotroph	27	NA	1	0		1	1
autotrophic	3	NA	1	0		0	0
autumn	18	0	1	0	3.27	0	0
auvergne	1	NA	1	0		0	0
ava	1	NA	1	0		0	0
avail	1	NA	1	0	1.33	0	0
availability	13	NA	1	0	2.32	0	0
available	99	NA	1	0	2.11	0	0
avante	1	NA	1	0		0	0
aventador	3	NA	1	1		0	0
avenue	23	1	1	0	4.00	1	0
average	186	NA	1	0	2.40	0	0
averse	1	NA	1	0		0	0
aversive	1	NA	1	0		0	0
avert	3	NA	1	0	2.41	0	0
aves	1	NA	1	0		0	0
avian	1	NA	1	0		0	0
aviation	3	NA	1	1	3.39	0	0
avie	3	NA	1	0		0	0
avocado	1	NA	1	0	4.89	0	0
avoid	86	NA	1	0	2.41	0	0
avoidable	1	NA	1	0	1.79	0	0
avoidably	1	NA	1	0	1.57	0	0
avoidance	11	NA	1	0	1.86	0	0
avon	4	NA	1	1		0	0
avoured	2	NA	1	0		0	0
avours	2	NA	1	0		0	0
await	2	NA	1	0	1.54	0	0
awake	2	NA	1	0	3.32	0	0
awaken	10	NA	1	1	3.45	0	0
awan	3	1	1	1		1	0
award	40	NA	1	0	4.14	0	0
aware	20	NA	1	0	2.00	0	0
awareness	9	NA	1	0	1.84	0	0
away	215	0	1	0	2.23	0	0
awe	4	NA	1	0	1.89	0	0
awesome	8	NA	1	0	1.83	0	0
awful	3	NA	1	0	1.92	0	0
awry	1	NA	1	0	2.10	0	0
axani	38	NA	1	1		0	0
axanis	1	NA	1	0		0	0
axe	4	NA	1	0	5.00	0	0
axial	12	NA	1	0		0	0
axillary	2	NA	1	0		0	0
axis	8	NA	1	0	3.57	0	0
axon	28	NA	1	0		1	1
axydridis	1	NA	1	0		0	0
aylett	3	NA	1	1		0	0
azarenka	3	NA	1	1		0	0
azim	3	NA	1	1		0	0
azotobacter	1	NA	1	0		0	0
azt	1	NA	1	0		0	0
ba	3	NA	1	1		0	0
baath	1	NA	1	0		0	0
baburam	3	NA	1	1		0	0
baby	82	0	1	0	5.00	1	0
babyklar	6	NA	1	1		0	0
babylonian	1	NA	1	0		0	0
babysit	1	NA	1	0	3.45	0	0
bachelor	3	NA	1	0	4.32	0	0
bacillus	4	NA	1	0		0	0
back	325	0	0	0	4.33	0	0
backbone	17	NA	1	0	4.19	1	2
backdrop	3	NA	1	0	4.48	0	0
backer	3	NA	1	0	2.80	0	0
backfire	1	NA	1	0	2.86	0	0
backflow	2	NA	1	0	3.04	0	0
background	36	NA	1	0	3.26	0	1
backing	2	NA	0	0	2.85	0	0
backlash	2	NA	1	0	1.85	0	0
backpack	5	NA	1	0	4.96	0	0
backroom	3	NA	1	0	4.50	0	0
backup	5	NA	1	0	3.20	0	0
backward	3	NA	1	0	3.41	0	0
backyard	1	NA	1	0	4.57	0	0
bacon	4	NA	1	1	4.90	0	0
bacp	2	NA	1	1		0	0
bacteria	311	1	1	0	4.14	2	1
bacterial	60	0	1	0	3.54	0	0
bacteriophage	6	NA	1	0		0	0
bacterium	35	NA	1	0	3.69	0	0
bacteroides	1	NA	1	0		0	0
bad	107	0	1	0	1.68	0	0
badge	2	NA	1	0	4.93	0	0
badger	2	NA	1	0	4.37	0	0
badly	16	NA	1	0	1.93	0	0
baelo	1	NA	1	0		0	0
baffin	4	NA	1	1		0	0
bag	31	0	1	0	4.90	0	1
bagayoko	3	NA	1	1		0	0
baggage	2	NA	1	0	4.43	0	0
baghdad	5	1	1	1		1	0
bahamas	3	NA	1	1		0	0
bahamian	1	NA	1	0		0	0
bahrat	3	NA	1	1		0	0
bail	5	NA	1	0	3.86	0	0
baile	5	NA	1	0		0	0
baillie	1	NA	1	0		0	0
baird	3	NA	1	1		0	0
bait	3	NA	1	0	4.45	0	0
bake	10	NA	1	0	4.21	0	0
baker	4	NA	1	1	4.71	1	0
baking	2	NA	1	0	4.10	0	0
bal	2	NA	1	0		0	0
balance	65	NA	1	0	2.89	1	0
balancing	2	NA	1	0	3.17	0	0
balaraman	9	NA	1	1		0	0
balcony	3	NA	1	0	4.68	0	0
bald	1	NA	1	0	4.69	0	0
baldey	3	NA	1	1		0	0
baleen	1	NA	1	0		0	0
bali	3	NA	1	1		0	0
ball	29	0	1	0	5.00	1	0
ballad	1	NA	1	0	3.88	0	0
ballantine	1	NA	1	0		0	0
ballast	4	NA	1	0	3.14	0	0
ballistic	1	NA	1	0	2.61	0	0
balloon	27	NA	1	0	4.92	0	0
ballot	2	NA	1	0	4.73	0	0
baltic	5	NA	1	1		0	0
baltimore	2	NA	1	1		0	0
baluchistan	3	NA	1	1		0	0
balustrade	1	NA	1	0		0	0
ban	93	NA	1	0	2.37	0	0
banana	7	NA	1	0	5.00	0	0
band	34	NA	1	0	4.68	1	1
bandicoot	2	NA	1	0		0	0
banding	5	NA	1	0	3.15	0	0
bangladesh	31	NA	1	1		0	0
bangladeshi	6	NA	1	1		0	0
bangui	2	NA	1	1		0	0
bank	82	0	1	0	4.78	0	0
banker	2	NA	1	0	4.43	0	0
banking	8	NA	1	0	3.55	0	0
banknote	22	NA	1	0	4.88	0	0
bankroll	1	NA	1	0	3.75	0	0
banks	55	1	1	0		1	0
banksy	15	0	1	1		0	0
banksys	4	0	1	1		0	0
banky	1	NA	1	0		0	0
banner	8	0	1	0	4.80	0	0
banning	5	NA	1	0	2.28	0	0
baptist	1	NA	1	0		0	0
baptiste	1	NA	1	0		0	0
bar	66	0	1	0	4.67	0	0
barack	31	NA	1	1		0	0
barb	3	NA	1	0	4.52	0	0
barba	12	NA	1	1		0	0
barbara	10	NA	1	1		0	0
barbecue	4	NA	1	0	4.52	0	0
barber	2	NA	1	0	4.59	0	0
barcelona	11	NA	1	1		0	0
bard	3	NA	1	0		0	0
bardiya	3	NA	1	1		0	0
bare	10	NA	1	0	3.21	0	0
barely	9	NA	1	0	1.71	0	0
bargain	11	NA	1	0	2.59	0	0
bark	6	NA	1	0	4.52	0	0
barley	2	NA	1	0	4.59	0	0
barnacle	2	NA	1	0	4.92	0	0
barnett	5	NA	1	1		0	0
baron	7	0	1	0	4.14	0	0
baroudi	3	NA	1	1		0	0
barr	2	NA	1	1		0	0
barrels	8	0	1	0		0	0
barren	2	NA	1	0	3.20	0	0
barrier	35	NA	1	0	4.41	0	2
barrio	1	NA	1	0		0	0
barron	17	NA	1	0		0	0
barrons	1	NA	1	0		0	0
barry	7	NA	1	1		0	0
bars	19	NA	1	0		0	1
bartender	2	NA	1	0	4.82	0	0
barter	1	NA	1	0	2.96	0	0
bartho	3	NA	1	0		0	0
barton	2	NA	1	1		0	0
barzun	3	NA	1	1		0	0
basal	9	NA	1	0		0	0
basalt	5	1	1	0		1	0
bascicity	1	NA	1	0		0	0
base	301	NA	1	0	3.86	0	0
baseball	1	NA	1	0	4.86	0	0
baseline	3	NA	1	0	2.86	0	0
basement	3	NA	1	0	4.89	0	0
basford	13	NA	1	1		0	0
basfords	2	NA	1	0		0	0
bashar	3	NA	1	1		0	0
basic	135	NA	1	0	2.26	0	0
basically	12	NA	1	0	1.32	0	0
basicity	1	NA	1	0		0	0
basics	4	NA	1	0	2.27	0	0
basidiomycota	6	NA	1	1		0	0
basidium	1	NA	1	0		0	0
basilica	3	NA	1	1		0	0
basin	10	NA	1	0	4.63	0	0
basis	58	NA	1	0	1.83	0	0
bask	1	NA	1	0	3.03	0	0
basket	4	NA	1	0	5.00	0	0
bass	2	NA	1	0	4.31	0	0
bassiana	1	NA	1	0		1	0
bastion	3	NA	1	1		0	0
bat	29	NA	1	0	5.00	0	0
batch	4	NA	1	0	3.80	0	0
bath	1	NA	1	0	4.85	0	0
bathe	11	NA	1	0	4.19	0	0
bathing	4	NA	1	0	4.07	0	0
bathroom	3	NA	1	0	4.52	0	0
bathtub	2	NA	1	0	4.92	0	0
batista	3	NA	1	1		1	0
batrachochytrium	2	NA	1	1		0	0
batter	1	NA	1	0	4.41	0	0
battery	35	NA	1	0	4.67	0	1
battle	48	NA	1	0	4.00	0	0
battlefield	1	NA	1	0	4.54	0	0
bauble	1	NA	1	0	3.23	0	0
baumgartner	63	0	1	1		0	0
baumgartners	2	NA	1	0		0	0
baur	3	NA	1	1		0	0
bavaria	1	NA	1	0		0	0
bay	42	1	1	1	4.81	2	0
bayad	1	NA	1	0		0	0
bayen	1	NA	1	0		0	0
baylis	1	NA	1	0		0	0
baywatch	3	NA	1	1		0	0
bazaar	5	NA	1	1	3.63	0	0
bbc	15	0	1	1		0	0
bbcs	1	NA	1	0		0	0
bbm	39	NA	1	1		1	0
bbms	2	NA	1	1		0	0
be	2	0	0	0	1.85	0	0
beach	55	NA	1	0	4.79	0	0
beachfront	2	NA	1	0	4.46	0	0
beachside	2	NA	1	0	4.04	0	0
beads	2	NA	1	0		0	0
beady	2	NA	1	0	3.46	0	0
beagle	2	NA	1	0	4.81	0	0
beak	18	NA	1	0	4.96	0	0
beaker	1	NA	1	0	4.72	0	0
beale	3	NA	1	1		0	0
beam	9	NA	1	0	3.96	0	0
beamreach	1	NA	1	0		0	0
bean	16	NA	1	0	5.00	0	0
bear	68	NA	1	0	4.88	1	1
beard	4	NA	1	0	4.96	0	0
bearer	2	NA	1	0	3.58	0	0
bearing	14	NA	1	0	2.82	0	0
beast	6	NA	1	1	4.63	0	0
beat	25	0	1	0	3.97	0	0
beatify	1	NA	1	0		0	0
beating	7	NA	1	0	3.76	0	0
beatlemania	1	NA	1	0		0	0
beatles	3	NA	1	1		0	0
beats	5	NA	1	1		0	0
beause	1	NA	1	0		0	0
beausoleil	4	NA	1	1		1	0
beautician	3	NA	1	0	4.69	0	0
beautiful	43	0	1	0	2.16	0	0
beautifully	3	NA	1	0	1.72	0	0
beauty	12	NA	1	0	2.93	0	0
beauveria	1	NA	1	0		0	0
beaver	1	NA	1	0	4.68	0	0
bebba	3	NA	1	1		0	0
bec	1	NA	1	0		0	0
because	1048	0	0	0	1.22	0	0
beckham	1	NA	1	0		0	0
become	603	0	0	0	1.54	0	3
bed	33	0	1	0	5.00	0	1
bedford	1	NA	1	0		0	0
bedfordi	1	NA	1	0		0	0
bedlam	2	NA	1	0		0	0
bedoya	3	NA	1	1		0	0
bedrock	5	NA	1	0	4.46	0	0
bedroom	12	NA	1	0	4.90	0	0
bee	22	NA	1	0	4.88	0	0
beef	20	NA	1	0	4.74	0	0
beekeeper	1	NA	1	0	4.67	0	0
beer	66	0	1	0	4.88	1	0
beeswax	1	NA	1	0	4.88	0	0
beetle	3	NA	1	0	4.83	0	0
befall	1	NA	1	0	1.72	0	0
before	417	0	0	0	1.96	0	0
beforehand	4	NA	0	0	1.97	0	0
befriend	3	NA	1	0	2.36	0	0
begin	248	NA	1	0	2.56	0	2
beginner	3	NA	1	0	2.73	0	0
beginning	66	NA	1	0	2.50	0	1
behalf	4	NA	1	0	1.52	0	0
behave	32	NA	1	0	1.78	0	0
behavior	25	NA	1	0	2.19	0	1
behavioral	5	NA	1	0	1.48	0	0
behaviour	48	NA	1	0		0	0
behavioural	3	NA	1	0		0	0
behind	90	0	0	0	3.48	0	0
beijing	2	NA	1	1		0	0
being	13	NA	0	0	1.93	0	0
belarus	6	NA	1	1		0	0
belated	2	NA	1	0	1.89	0	0
belem	6	NA	1	1		0	0
belfast	1	NA	1	0		0	0
belgian	7	NA	1	1		0	0
belgium	3	NA	1	1		0	0
belgo	3	NA	1	1		0	0
belief	99	NA	1	0	1.19	0	1
believable	2	NA	1	0	1.46	0	0
believe	210	0	1	0	1.55	0	0
believer	1	NA	1	0	2.73	0	0
believing	1	NA	1	0	1.69	0	0
belk	1	NA	1	0		0	0
belkacem	2	NA	1	1		0	0
bell	11	NA	1	0	4.96	0	0
bella	3	NA	1	1		0	0
belladonna	1	NA	1	0		0	0
bellevue	1	NA	1	0		0	0
belly	3	NA	1	0	4.80	0	0
belo	6	NA	1	1		0	0
belong	45	NA	1	0	1.43	0	0
belonging	8	NA	1	0	1.92	0	1
belongings	1	NA	1	0	3.88	0	0
beloved	1	NA	1	0	2.14	0	0
below	76	NA	0	0	3.45	0	0
belt	12	2	1	0	4.90	1	1
ben	4	0	1	1		0	0
bena	1	NA	1	0		0	0
benazir	2	NA	1	1		0	0
bench	9	0	1	0	4.87	0	0
benchmark	2	NA	1	0	2.48	0	0
bend	7	NA	1	0	3.88	0	1
bending	1	NA	1	0	3.18	0	0
bends	2	NA	1	0		0	0
bene	19	NA	1	0		0	0
beneath	25	NA	0	0	3.11	0	0
benedict	23	NA	1	1		0	0
beneficial	27	NA	1	0	1.77	0	0
benefit	143	NA	1	0	2.25	0	3
benevolent	1	NA	1	0	1.44	0	0
benfica	2	NA	1	1		0	0
benficas	1	NA	1	0		0	0
bengal	3	NA	1	0		0	0
benidorm	3	NA	1	1		0	0
benign	5	NA	1	0	1.89	0	0
benjamin	4	NA	1	1		0	0
bennett	6	NA	1	1		0	0
benny	3	NA	1	1		0	0
beno	2	NA	1	1		0	0
benot	1	NA	1	0		0	0
benson	1	NA	1	0		0	0
bent	2	NA	1	0	3.62	0	0
benthic	5	NA	1	0		0	0
benz	3	NA	1	0		0	0
bequeath	1	NA	1	0	2.00	0	0
ber	1	NA	1	0		0	0
berate	2	NA	1	0	2.50	0	0
berating	1	NA	1	0		0	0
bereaved	1	NA	1	0	2.00	0	0
bergsland	9	NA	1	1		0	0
bering	1	NA	1	0		0	0
beringia	1	NA	1	0		0	0
berkeley	3	NA	1	1		0	0
berlin	19	NA	1	1		0	0
berlusconi	3	NA	1	1		0	0
berners	3	NA	1	0		0	0
bernie	2	NA	1	0		0	0
bernini	1	NA	1	0		0	0
berry	3	NA	1	0	4.93	0	0
berson	1	NA	1	0		0	0
beryllium	2	NA	1	0		0	0
beside	9	NA	0	0	2.59	0	0
besides	3	0	0	0	2.25	0	0
beskidy	4	0	1	1		0	0
best	198	0	1	0	1.60	0	2
bestseller	5	NA	1	0	2.59	0	0
bestselling	3	NA	1	0	2.52	0	0
bet	7	0	1	1	3.10	0	0
beta	8	NA	1	0	2.84	0	0
betelgeuse	3	NA	1	1		0	0
bethlehem	3	NA	1	1		0	0
betray	5	NA	1	0	2.17	0	0
betrayal	2	NA	1	0	1.76	0	0
better	201	0	1	0	1.91	0	1
betterboyfriend	14	NA	1	1		0	0
between	701	0	0	0	2.72	0	0
beverage	3	NA	1	0	4.60	0	0
beverly	3	NA	1	1		0	0
beville	3	NA	1	1		0	0
beware	1	NA	1	0	2.00	0	0
bewilder	2	NA	1	0	1.96	0	0
bewilderment	1	NA	1	0	2.03	0	0
beyonc	6	NA	1	1		0	0
beyonce	1	NA	1	0		0	0
beyond	49	NA	0	0	1.72	0	0
bharatiya	5	NA	1	1		0	0
bhurtel	3	NA	1	1		2	0
bhutto	2	NA	1	1		0	0
bias	2	NA	1	0	1.68	2	0
bib	1	NA	1	0	4.79	0	0
bible	1	NA	1	0	4.61	0	0
biblical	2	NA	1	0	1.97	0	0
bicarbonate	6	NA	1	0	3.71	0	0
bickering	1	NA	1	0		0	0
biconcave	1	NA	1	0		0	0
bicuspid	2	NA	1	0	4.09	0	0
bicycle	29	NA	1	0	4.89	0	0
bid	15	NA	1	0	2.71	0	0
biden	3	NA	1	1		0	0
bidirectional	1	NA	1	0	2.32	0	0
biennial	4	NA	1	0		0	0
bifurcate	1	NA	1	0		0	0
big	424	0	1	0	3.66	0	0
bigbelly	1	NA	1	0		0	0
bigger	34	NA	1	0	3.53	0	0
bike	108	NA	1	0	5.00	0	0
bikemaker	3	NA	1	0		0	0
bikini	1	NA	1	0	4.96	0	0
bilateral	9	NA	1	0	2.70	0	0
bilateralism	1	NA	1	0		1	0
bilaterally	3	NA	1	0	2.66	0	0
bilayer	13	NA	1	0		0	2
bilayers	3	NA	1	0		0	0
bild	1	NA	1	0		0	0
bile	11	NA	1	0	4.46	1	0
bilge	2	NA	1	0		0	0
bilirubin	1	NA	1	0		0	0
bill	78	0	1	0	4.68	1	0
billboard	4	NA	1	0	4.83	0	0
billet	1	NA	1	0		0	0
billing	2	1	1	0	3.54	1	0
billion	132	NA	0	0	3.79	0	0
billionaire	27	NA	1	0	3.22	0	0
billund	3	NA	1	1		0	0
billy	3	NA	1	1		0	0
biloba	5	3	1	0		1	2
bin	18	NA	1	0	4.72	0	0
binary	17	NA	1	0	3.00	0	0
bind	71	2	1	0	3.40	1	2
binding	36	NA	1	0	3.39	0	0
bingebo	3	NA	1	1		0	0
binns	2	NA	1	1		0	0
binocular	1	NA	1	0	4.50	0	0
binoculars	4	NA	1	0	5.00	0	0
binomial	5	NA	1	0	2.33	0	0
bio	3	NA	1	0	2.57	0	0
biocellcyc	1	NA	1	0		0	0
biochemical	15	NA	1	0	2.84	0	0
biochemically	1	NA	1	0	2.69	0	0
biochemist	1	NA	1	0	3.81	0	0
biochemistry	3	NA	1	0	3.40	0	0
biodefense	1	NA	1	0		0	0
biodegrade	3	NA	1	0		0	0
biodiesel	1	NA	1	0		0	0
biodiverse	4	NA	1	0		0	0
biodiversity	104	NA	1	0	2.19	1	0
bioenergetics	2	3	1	0		1	0
bioethicists	1	NA	1	0		0	0
bioethics	3	NA	1	0		1	0
biofilm	4	1	1	0		3	1
biofilms	6	NA	1	0		1	0
biofuel	1	NA	1	0	3.45	0	0
biofuels	4	NA	1	0		0	0
biogas	8	NA	1	0		0	0
biogeochemical	5	0	1	0		0	0
biogeographers	3	NA	1	0		0	0
biogeography	11	1	1	0		1	0
biol	1	NA	1	0		0	0
biological	76	NA	1	0	3.11	0	0
biologically	3	NA	1	0	1.86	0	0
biologist	65	NA	1	0	3.96	0	1
biology	92	1	1	0	3.48	3	0
bioluminescent	2	NA	1	0	4.05	0	0
biomagnification	5	NA	1	0		2	0
biomagnify	3	NA	1	0		0	0
biomarker	3	2	1	0		1	0
biomarkers	4	NA	1	0		0	0
biomass	6	NA	1	0		0	0
biome	67	NA	1	0		1	8
biomedical	2	NA	1	0	2.59	0	0
biomimicry	1	NA	1	0		0	0
biomolecules	1	NA	1	0		0	0
biophysics	1	NA	1	0	2.83	0	0
biopolymers	1	NA	1	0		0	1
bioremediation	12	1	1	0		1	0
bios	1	NA	1	0	2.92	0	0
biosphere	8	NA	1	0	3.22	1	0
biota	3	NA	1	0		0	0
biotech	1	NA	1	0	3.00	0	0
biotechnologists	3	NA	1	0		0	0
biotechnology	22	1	1	0	2.90	1	0
biotecture	1	NA	1	0		0	0
biotic	8	NA	1	0		0	0
biotransformation	1	NA	1	0		0	0
bipartisan	1	NA	1	0	2.00	0	0
biphenyl	1	NA	1	0		0	0
biphenyls	1	NA	1	0		0	0
biradial	1	NA	1	0		0	0
bird	149	NA	1	0	5.00	1	1
birdlife	7	NA	1	0	3.27	0	0
birdsong	9	NA	1	0	3.72	0	0
birmingham	10	NA	1	1		0	0
birth	95	NA	1	0	4.46	0	3
birthday	28	0	1	0	3.20	0	0
birthing	1	NA	1	0	3.42	0	0
birthplace	5	NA	1	1	3.46	0	0
birthweight	1	NA	1	0	3.70	0	0
biscotti	1	NA	1	0		0	0
bishop	10	NA	1	1	4.21	0	0
bison	1	NA	1	0	4.68	0	0
bisphosphate	1	NA	1	0		0	0
bit	7	NA	1	0	3.27	0	0
bitcoin	2	NA	1	0		0	0
bite	103	0	1	0	4.44	0	0
bitter	3	NA	1	0	2.93	0	0
bitterly	1	NA	1	0	1.81	0	0
bitterness	1	NA	1	0	2.36	0	0
bitumen	2	NA	1	0		0	0
bituminous	2	NA	1	0		0	0
bivalve	5	NA	1	0		0	0
bivalvia	2	NA	1	1		0	0
bizarre	4	NA	1	0	1.79	0	0
bjarkard	2	NA	1	1		0	0
bjarkardttir	1	NA	1	0		0	0
bjp	4	NA	1	1		0	0
black	138	0	1	0	3.76	0	0
blackberry	36	NA	1	1	4.97	0	0
blackburn	2	NA	1	1		0	0
blacken	1	NA	1	0	3.43	0	0
blackett	7	NA	1	1		0	0
blackface	1	NA	1	0	3.96	0	0
blackfish	2	NA	1	1	4.41	0	0
blackness	2	NA	1	0	3.54	0	0
blackout	1	NA	1	0	3.73	0	0
blacksmith	1	NA	1	0	4.38	0	0
blackstar	3	NA	1	1		0	0
blacktop	1	NA	1	0	4.65	0	0
bladder	20	NA	1	0	4.48	0	0
blade	10	NA	1	0	4.93	0	0
blame	38	NA	1	0	2.06	0	1
blanc	3	NA	1	1		0	0
blanche	1	NA	1	0		0	0
bland	6	0	1	0	2.38	0	0
blank	4	NA	1	0	3.12	1	0
blanket	1	NA	1	0	5.00	0	0
blast	12	NA	1	0	3.90	0	0
blastocyst	7	NA	1	0		2	0
blastopore	2	NA	1	0		1	0
blastula	11	2	1	0		1	0
blatherwick	3	NA	1	1		0	0
blatter	9	NA	1	1		0	0
blaupunkt	1	NA	1	0		0	0
blazing	1	NA	1	0	3.64	0	0
bleach	3	5	1	0	4.74	2	0
bleeding	8	NA	1	0	4.30	0	0
blend	13	NA	1	0	3.70	0	1
blending	3	NA	1	0	3.45	0	0
bless	5	NA	1	0	2.68	0	0
blessing	3	NA	1	0	2.19	0	0
bleue	1	NA	1	0		0	0
blight	7	NA	1	0	2.81	0	0
blind	8	0	1	0	4.03	0	0
blindness	2	NA	1	0	3.73	0	0
blitz	1	NA	1	0	2.85	0	0
bloat	4	NA	1	0	3.04	0	0
blob	4	NA	1	0	4.06	0	0
bloc	2	NA	1	0		0	0
block	51	NA	1	0	4.48	2	2
blockage	1	NA	1	0	3.93	0	0
blockbuster	3	NA	1	0	2.72	0	0
blocking	4	NA	1	0	3.04	0	0
blocky	1	NA	1	0		0	0
blog	9	NA	1	0	3.92	0	0
blogger	3	NA	1	0	3.10	0	0
blogpost	3	NA	1	0		0	0
blood	295	0	1	0	4.86	3	1
bloodstream	10	NA	1	0	4.04	0	0
bloody	1	NA	1	0	4.08	0	0
bloom	7	1	1	0	4.00	2	0
bloomfield	2	NA	1	1		0	0
blooming	3	NA	1	0	4.07	0	0
blossom	2	NA	1	0	4.26	0	0
blotchy	3	NA	1	1	3.48	0	0
blow	29	0	1	0	3.74	0	1
blowing	5	NA	1	0	4.21	0	0
blr	1	NA	1	0		0	0
blubber	9	NA	1	0	3.93	0	0
blue	61	0	1	0	3.76	0	0
blueberry	1	NA	1	0	4.96	0	0
blueprint	2	NA	1	0	4.77	0	0
blues	37	NA	1	0	2.31	0	0
bluesmen	3	NA	1	0		0	0
bluetooth	2	NA	1	1	3.59	0	0
blunder	2	NA	1	0	2.35	0	0
blunt	1	NA	1	0	3.07	0	0
blur	3	NA	1	0	3.30	0	0
blustery	1	NA	1	0	2.89	0	0
bmj	2	NA	1	0		0	0
bmw	6	NA	1	1		0	0
bmws	3	NA	1	1		0	0
boa	2	NA	1	1	4.92	0	0
boar	5	NA	1	0	4.80	0	0
board	21	NA	1	0	4.57	0	0
boards	1	NA	1	0		0	0
boast	5	NA	1	0	2.32	0	0
boat	39	0	1	0	4.93	0	0
boater	1	NA	1	0	4.33	0	0
bob	15	0	1	1	3.68	0	0
bobby	4	NA	1	1		0	0
bode	2	NA	1	0	1.88	0	0
bodily	8	NA	1	0	2.69	0	0
bodleian	3	NA	1	1		0	0
body	674	0	1	0	4.79	1	11
body's	1	NA	1	0		0	0
bodyweight	3	NA	1	0		0	0
boehner	11	NA	1	1		0	0
boer	18	NA	1	1		1	0
boerma	2	NA	1	1		0	0
bog	9	1	1	0	4.08	1	0
boggs	1	NA	1	0		0	0
bogus	5	NA	1	0	2.19	0	0
boiga	1	NA	1	0		0	0
boil	17	NA	1	0	4.20	0	0
boiler	3	NA	1	0	4.52	0	0
boiling	28	NA	1	0	4.39	0	0
boksburg	3	NA	1	1		0	0
bold	4	NA	1	0	2.43	0	0
bolivia	67	0	1	1		0	0
bolivian	4	NA	1	1		0	0
boll	1	NA	1	0		0	0
bolland	1	NA	1	0		0	0
bolster	1	NA	1	0	1.89	0	0
bolus	6	3	1	0		2	0
bomb	28	NA	1	0	4.84	0	1
bombard	1	NA	1	0	3.00	0	0
bombast	1	NA	1	0		0	0
bomber	2	NA	1	0	4.45	0	0
bombing	5	0	1	0	3.93	0	0
bon	3	NA	1	1		0	0
bond	209	5	1	0	3.62	2	1
bonding	12	NA	1	0	2.48	0	0
bondwatchers	1	NA	1	0		0	0
bone	57	NA	1	0	4.90	0	3
bones	107	NA	1	0		0	2
boney	1	NA	1	0	3.29	0	0
bono	4	NA	1	1		0	0
bonobo	3	NA	1	0		0	0
bonus	25	NA	1	0	3.04	1	0
bony	21	NA	1	0	3.67	0	0
boo	3	NA	1	0	2.48	0	0
book	183	0	1	0	4.90	3	2
booker	3	NA	1	1	3.79	0	0
booking	5	NA	1	0	3.00	0	0
bookstore	1	NA	1	0	4.89	0	0
boom	19	NA	1	0	3.66	0	0
boomer	6	NA	1	0		0	0
boon	2	NA	1	0	2.48	0	0
boost	19	1	1	0	2.89	1	0
booster	1	NA	1	0	2.93	0	0
boot	3	NA	1	0	4.96	0	0
booth	4	NA	1	0	4.42	0	0
border	30	NA	1	0	4.29	0	0
bore	5	NA	1	0	2.96	0	0
boreal	17	NA	1	0		0	0
boredom	2	NA	1	0	1.96	0	0
borer	2	NA	1	0		0	0
boring	6	NA	1	0	2.07	0	0
borkumensis	1	NA	1	0		0	0
born	137	0	1	0	3.22	0	0
borneo	7	NA	1	1		0	0
boron	2	NA	1	0		0	0
borrego	1	NA	1	0		0	0
borrow	7	NA	1	0	3.10	0	0
borrower	1	NA	1	0	3.27	0	0
borsar	1	NA	1	0		0	0
borsari	2	NA	1	1		0	0
bosch	2	NA	1	1		0	0
boss	13	0	1	0	3.83	0	1
boston	8	NA	1	1		0	0
bosworth	3	NA	1	1		0	0
botanical	2	NA	1	0	3.54	0	0
botanist	3	NA	1	0	4.07	0	0
botany	6	1	1	0	2.97	1	0
both	373	0	0	0	2.97	0	0
bother	2	NA	1	0	2.00	0	0
botrylloides	1	NA	1	0		0	0
botrytis	2	NA	1	1		0	0
botticelli	1	NA	1	0		0	0
bottle	108	NA	1	0	4.91	1	0
bottleneck	5	NA	1	0	3.97	0	0
bottom	37	NA	0	0	4.25	0	0
botulinum	2	NA	1	0		0	0
botulism	2	NA	1	0	3.52	1	0
boulder	1	NA	1	0	4.67	0	0
boulevard	1	NA	1	0	4.73	0	0
bounce	3	NA	1	0	3.86	0	0
bound	42	NA	1	0	3.43	0	2
boundary	22	NA	1	0	3.04	0	0
bouquet	6	NA	1	0	4.74	0	0
bourgeois	2	NA	1	0	1.97	0	0
boutique	2	NA	1	0	4.27	0	0
bow	6	NA	1	0	4.61	0	0
bowie	70	1	1	1		4	0
bowl	5	NA	1	0	4.87	0	0
box	44	0	1	0	4.90	0	1
boxing	4	NA	1	1	4.55	0	0
boy	38	0	1	0	4.76	0	1
boydell	6	NA	1	1		0	0
boyfriend	37	0	1	0	4.59	0	0
bpi	3	1	1	1		2	0
bra	1	NA	1	0	4.54	0	0
brabon	15	0	1	1		0	0
brace	1	NA	1	0	3.96	0	0
brachiation	2	NA	1	0		0	0
brachiopod	1	NA	1	0		0	1
bracing	2	NA	1	0	3.14	0	0
bracket	2	NA	1	0	4.43	0	0
brackish	3	NA	1	0		0	0
brahmaputra	1	NA	1	0		0	0
brain	277	0	1	0	4.69	1	1
braincase	1	NA	1	0		0	0
brainchild	2	NA	1	0	2.55	0	0
brainstem	8	1	1	0	4.60	1	0
brainwave	3	NA	1	0	3.30	0	0
brake	2	NA	1	0	4.44	0	0
brakes	3	NA	1	0		0	0
branch	87	NA	1	0	4.90	0	1
branching	6	NA	1	0	2.84	0	0
branchiobdellida	2	NA	1	1		0	0
brand	130	NA	1	0	3.29	0	2
brandindex	1	NA	1	0		0	0
branding	5	NA	1	0		0	0
branson	6	NA	1	1		0	0
brasilia	9	NA	1	1		0	0
brass	2	NA	1	0	4.70	1	0
brave	7	NA	1	0	2.26	0	1
bravely	2	NA	1	0	1.93	0	0
bravery	3	NA	1	0	1.96	0	0
bravo	3	NA	1	1	1.86	0	0
brazen	1	NA	1	0	1.93	0	0
brazil	60	NA	1	1	4.19	0	0
brazilian	26	NA	1	1		0	0
brca	1	NA	1	0		0	0
brdu	5	NA	1	1		0	0
brea	1	NA	1	0		0	0
breach	4	NA	1	0	2.48	0	0
bread	38	NA	1	0	4.92	0	0
breadcrumb	1	NA	1	0	4.89	0	0
breadth	4	NA	1	0	2.23	0	0
break	261	0	1	0	3.71	0	6
breakage	10	NA	1	0	3.44	0	0
breakdown	21	NA	1	0	2.75	0	1
breakfast	5	NA	1	0	4.43	0	0
breaking	49	NA	1	0	3.93	0	2
breakpoint	1	NA	1	0	2.64	0	0
breakpoints	1	NA	1	0		0	0
breakthrough	7	NA	1	0	1.87	0	0
breakup	2	NA	1	0	2.00	0	0
breast	14	0	1	0	4.89	0	0
breastbone	1	NA	1	0	4.33	0	0
breath	80	NA	1	0	4.36	0	0
breathable	1	NA	1	0	3.04	0	0
breathe	47	NA	1	0	4.07	0	1
breathing	32	NA	1	0	4.10	0	0
breathlessness	1	NA	1	0	2.76	0	0
breathtaking	2	NA	1	0	1.85	0	0
breed	14	NA	1	0	2.85	0	0
breeder	2	NA	1	0	3.13	0	0
breeding	34	NA	1	0	2.96	0	0
breeze	4	NA	1	1	3.62	0	0
brenda	1	NA	1	0		0	0
brennan	3	NA	1	1		0	0
brevifolia	1	NA	1	0		0	0
brew	13	NA	1	0	4.07	0	0
brewer	7	NA	1	0	4.33	0	0
brewery	9	NA	1	0	4.62	0	0
brewing	4	NA	1	0	3.07	0	0
brian	8	NA	1	1		0	0
bribe	6	NA	1	0	3.44	0	0
brick	12	NA	1	0	4.83	0	0
bricklayer	1	NA	1	0	4.42	0	1
bridge	10	NA	1	0	4.97	0	0
bridges	5	NA	1	0		0	0
bridgewater	1	NA	1	0		0	0
brie	3	NA	1	0	4.28	0	0
brief	14	NA	1	0	2.38	0	0
briefing	1	NA	1	0	2.79	0	0
briefly	6	NA	1	0	1.90	0	0
brigade	1	NA	1	0	4.30	0	0
brigham	1	NA	1	0		0	0
bright	31	NA	1	0	3.92	0	0
brighten	1	NA	1	0	3.41	0	0
brightly	9	NA	1	0	2.73	0	0
brighton	2	NA	1	0		0	0
brilliance	2	NA	1	0	2.39	0	0
brilliant	16	NA	1	0	2.07	0	0
brin	3	NA	1	1		0	0
brindle	4	NA	1	1		0	0
bring	213	0	1	0	2.55	0	0
bringing	28	NA	1	0		0	0
brink	4	NA	1	0	2.48	0	0
brisk	2	NA	1	0	2.50	0	0
bristol	6	NA	1	1		0	0
brit	3	NA	1	1		0	0
britain	125	1	1	1		2	0
british	250	NA	1	1		0	0
britishness	1	NA	1	0		0	0
briton	17	NA	1	1		0	0
brittle	6	NA	1	0	3.56	0	0
brno	1	NA	1	0		0	0
broad	35	NA	1	0	2.45	0	0
broadband	9	NA	1	0	3.04	0	0
broadcast	4	0	1	0	3.46	0	0
broadcaster	2	NA	1	0	4.35	0	0
broadcasting	7	NA	1	0	3.52	0	0
broaden	1	NA	1	0	2.30	0	0
broadly	4	NA	1	0	1.68	0	0
broadway	3	NA	1	1		0	0
bromodeoxyuridine	1	NA	1	0		0	0
bronchiole	11	NA	1	0		1	0
bronchus	10	NA	1	0		0	0
bronx	6	NA	1	1		0	0
brood	1	NA	1	0	2.96	0	0
broodstock	1	NA	1	0		0	0
broody	2	NA	1	0	1.50	0	0
brookesia	1	NA	1	0		0	0
brooking	1	NA	1	0		0	0
brooklyn	3	NA	1	1		0	0
brooks	23	NA	1	1		0	0
bros	3	NA	1	1		0	0
brosnan	9	NA	1	1		0	0
brosnans	1	NA	1	0		0	0
brother	38	0	1	0	4.43	0	0
brotherhood	2	NA	1	0	2.58	0	0
broverman	1	NA	1	0		0	0
brown	48	NA	1	0	4.48	0	0
browning	6	NA	1	1	3.08	0	0
brownish	1	NA	1	0	3.24	0	0
browser	2	NA	1	0	4.26	0	0
bruce	4	NA	1	1		0	0
brucei	4	NA	1	0		1	0
bruegel	1	NA	1	0		0	0
brum	2	NA	1	1		0	0
bruno	2	NA	1	1		0	0
brush	5	NA	1	0	4.54	0	0
brussels	3	NA	1	1		0	0
brutal	5	NA	1	0	2.00	0	0
brutality	5	NA	1	0	2.48	0	0
brutally	4	NA	1	0	2.58	0	0
brute	1	NA	1	0	3.31	0	0
bryophyta	1	NA	1	0		0	0
bryophyte	16	NA	1	0		1	1
bse	1	NA	1	0		0	0
bubble	20	NA	1	0	4.60	1	0
bubonic	12	0	1	0	2.63	0	0
buck	4	NA	1	0	4.67	0	0
bucket	15	NA	1	0	4.96	0	0
buckingham	12	NA	1	1		0	0
buckley	3	NA	1	1		0	0
buckthorn	1	NA	1	0		0	0
bud	12	NA	1	0	4.48	0	0
buddhism	3	NA	1	1	2.30	0	0
buddhist	1	NA	1	0	3.92	0	0
budding	18	2	1	0	2.97	2	0
budget	12	NA	1	0	3.14	0	0
buffalo	2	NA	1	0	4.83	0	0
buffer	15	1	1	0	2.89	2	0
buffett	3	NA	1	1		0	0
buffon	1	NA	1	0		0	0
bug	9	0	1	0	5.00	0	0
buggy	2	NA	1	0	4.18	0	0
build	202	NA	1	0	3.71	0	0
builder	2	NA	1	0	3.97	0	0
building	189	0	1	0	4.64	1	0
buildup	1	NA	1	0	3.08	0	0
bulb	7	NA	1	0	4.93	0	0
bulbourethral	3	NA	1	0		0	0
bulbourethtral	1	NA	1	0		0	0
bulbous	1	NA	1	0		0	0
bulge	1	NA	1	0	3.92	0	0
bulk	20	NA	1	0	3.24	0	0
bulky	2	NA	1	0	3.00	0	0
bull	3	NA	1	1	4.85	0	0
bullet	17	NA	1	0	4.83	0	0
bulletin	4	NA	1	0	4.72	0	0
bullfrog	1	NA	1	0	4.90	0	0
bum	3	NA	1	0	4.21	0	0
bummer	2	NA	1	0	1.97	0	0
bump	4	NA	1	0	4.10	0	0
bunch	2	NA	1	0	3.50	0	0
bundle	7	NA	1	0	4.22	0	2
bunting	2	NA	1	0	4.00	0	0
buoyancy	4	NA	1	0	3.48	0	0
bur	1	NA	1	0	3.88	0	0
burberry	4	NA	1	1		0	0
burden	7	NA	1	0	2.63	0	0
bureau	2	NA	1	1	4.04	0	0
bureaucracy	1	NA	1	0	1.64	0	0
burga	3	NA	1	1		0	0
burgeon	2	NA	1	0		0	0
burger	19	NA	1	0	4.93	0	0
burgess	1	NA	1	0		0	0
burglary	2	NA	1	0	3.64	0	0
burgle	1	NA	1	0		0	0
burial	3	NA	1	0	3.93	0	0
burkina	1	NA	1	0		0	0
burma	3	NA	1	0		0	0
burn	41	NA	1	0	4.11	0	0
burning	30	NA	1	0	3.85	0	0
burns	16	NA	1	0		0	0
burping	1	NA	1	0		0	0
burrow	8	NA	1	0	3.67	0	0
burst	23	NA	1	0	3.10	0	0
burundi	3	NA	1	1		0	0
bury	10	NA	1	0	3.82	0	1
bus	36	0	1	0	4.90	0	0
bush	40	NA	1	1	4.90	0	0
bushfire	1	NA	1	0	4.75	0	0
bushfires	1	NA	1	0		0	0
business	178	0	1	0	3.28	0	1
businessman	6	NA	1	0	4.47	0	0
businesswoman	1	NA	1	0	4.35	0	1
buss	2	NA	1	0		0	0
bustle	1	NA	1	0	2.54	0	0
busy	17	0	1	0	2.41	0	0
butare	9	NA	1	1		0	0
butler	10	0	1	0	4.63	0	1
butt	2	NA	1	0	4.75	0	0
butter	4	NA	1	0	4.90	0	0
butterfly	12	NA	1	0	4.93	0	0
butternut	3	NA	1	0	4.60	0	0
buttock	1	NA	1	0	4.79	0	0
button	28	1	1	0	4.96	1	0
buttonhole	1	NA	1	0	4.70	0	0
butyric	1	NA	1	0		0	0
buy	185	0	1	0	3.35	0	0
buyer	15	NA	1	0	4.36	0	0
buying	43	NA	1	0		0	0
buzz	4	NA	1	0	3.70	0	0
byers	11	NA	1	1		0	0
bypass	1	NA	1	0	3.50	0	0
byproduct	14	NA	1	0	3.16	0	0
byre	1	NA	1	0		0	0
byzantine	1	NA	1	0		0	0
ca	2	NA	0	1		0	0
cab	2	NA	1	0	4.88	0	0
cabaret	1	NA	1	0		0	0
cabbage	2	NA	1	0	4.75	0	0
cabin	3	NA	1	0	4.92	0	0
cabinet	1	NA	1	0	4.89	0	0
cable	7	NA	1	0	4.74	0	0
cabral	2	NA	1	1		0	0
cacioppo	1	NA	1	0		0	0
caco	2	NA	1	1		0	0
cactus	5	NA	1	0	5.00	0	0
cadherins	1	NA	1	0		0	0
cadmium	12	0	1	0	4.07	1	0
caecilian	12	NA	1	0		1	0
caenorhabditis	3	NA	1	1		0	0
caf	15	NA	1	0		0	0
cafe	4	NA	1	0	4.96	0	0
cafeteria	3	NA	1	0	4.71	0	0
caffeine	1	NA	1	0	4.04	0	0
cage	8	NA	1	0	5.00	0	0
cagliari	3	NA	1	1		0	0
caiman	1	NA	1	0		0	0
cairngorm	1	NA	1	0		0	0
cake	11	NA	1	0	4.81	0	0
calais	15	NA	1	1		0	0
calcareous	5	NA	1	0		0	0
calcification	1	NA	1	0	2.92	0	0
calcitic	1	NA	1	0		0	0
calcitonin	4	NA	1	0		0	0
calcium	35	NA	1	0	4.07	0	1
calculate	18	NA	1	0	2.74	0	0
calculation	4	NA	1	0	3.00	0	0
calculator	1	NA	1	0	4.86	0	0
calculus	2	NA	1	0	2.26	0	0
calcutta	3	NA	1	1		0	0
caldera	2	NA	1	0		1	0
calendar	8	0	1	0	4.62	0	0
calf	2	NA	1	0	4.48	0	0
calibrate	1	NA	1	0	3.24	0	0
calibre	1	NA	1	0		0	0
california	60	NA	1	1		0	0
californian	4	NA	1	1		0	0
call	900	0	0	0	4.00	0	0
callanan	3	NA	1	1		1	0
calling	11	0	0	0	2.85	0	0
callosum	3	NA	1	0		1	0
callum	2	NA	1	1		0	0
cally	1	NA	1	0		0	0
calm	14	0	1	0	2.83	0	0
calming	2	NA	1	0		0	0
calmly	3	NA	1	0	2.30	0	0
calorie	16	NA	1	0	3.44	0	0
calorific	1	NA	1	0		0	0
calumet	1	NA	1	0		0	0
calvin	27	3	1	1		1	0
calyx	2	NA	1	0		1	0
cambium	1	NA	1	0		0	0
cambrian	2	NA	1	1		0	0
cambridge	37	NA	1	1		1	0
camelot	1	NA	1	0		1	0
camera	74	NA	1	0	5.00	1	0
cameron	44	0	1	1		1	0
camerons	2	NA	1	1		0	0
cameroon	3	NA	1	1		0	0
camilla	1	NA	1	0		0	0
camouflage	3	NA	1	0	4.24	0	0
camp	41	NA	1	0	4.35	0	0
campaign	137	NA	1	0	3.00	0	0
campaigner	19	NA	1	0	3.52	0	1
campaigning	1	NA	1	0		0	0
campbell	3	NA	1	1		1	0
camper	4	NA	1	0	4.63	0	0
campestris	1	NA	1	0		0	0
campus	13	NA	1	0	4.64	0	0
can	1	0	0	0	4.55	0	0
canada	41	NA	1	1		0	2
canadian	26	NA	1	1		0	1
canal	5	NA	1	0	4.68	1	0
canary	1	NA	1	0	4.63	0	0
cance	1	NA	1	0		0	0
cancel	8	NA	1	0	2.41	0	0
cancellation	1	NA	1	0	2.10	0	0
cancer	65	NA	1	0	3.86	1	0
cancerous	10	NA	1	0	3.10	0	0
candid	1	NA	1	0	1.81	0	0
candida	2	NA	1	1		0	0
candidacy	1	NA	1	0	2.39	0	0
candidate	11	NA	1	0	3.81	0	0
candle	4	NA	1	0	4.86	0	0
cane	2	NA	1	0	4.87	0	0
canidae	1	NA	1	0		1	0
canine	2	NA	1	0	4.71	0	0
caning	1	NA	1	0		0	0
canis	2	NA	1	1		0	0
cannot	166	0	0	0	2.33	0	0
canny	1	NA	1	0		0	0
canoe	16	NA	1	0	4.86	0	0
canola	3	NA	1	0	4.11	0	0
canonization	2	NA	1	0	1.74	1	0
canopy	10	NA	1	0	4.52	1	0
cant	51	NA	1	0	2.05	0	0
cantabrian	3	NA	1	1		0	0
canteen	1	NA	1	0	4.88	0	0
canterbury	2	NA	1	1		1	0
cantly	3	NA	1	0		0	0
cantrell	6	NA	1	1		0	0
cantrells	1	NA	1	0		0	0
cantwell	13	NA	1	1		0	0
canyon	4	NA	1	0	4.81	0	0
cap	11	NA	1	0	4.59	0	0
capability	8	NA	1	0	1.93	0	0
capable	40	NA	1	0	2.21	0	0
capacity	50	NA	1	0	3.10	0	0
cape	5	NA	1	1	4.77	0	0
capella	3	NA	1	1		0	0
capillary	17	NA	1	0	4.29	1	0
capillata	1	NA	1	0		0	0
capital	84	NA	1	0	4.10	0	2
capitalism	9	NA	1	0	1.96	0	0
capitalist	17	NA	1	0	2.89	0	0
capitalize	6	NA	1	0	2.29	0	0
capitan	1	NA	1	1		0	0
capitana	1	NA	1	0		0	0
capitulate	2	NA	1	0		0	0
cappuccino	1	NA	1	0	4.79	0	0
capricorn	1	NA	1	0	3.17	0	0
capsid	13	NA	1	0		2	3
capsomere	1	NA	1	0		0	1
capsomeres	2	NA	1	0		1	0
capsulatum	2	NA	1	0		0	0
capsule	26	0	1	0	4.52	0	0
capt	1	NA	1	0		0	0
captain	12	0	1	1	4.19	0	0
caption	1	NA	1	0	3.93	0	0
captive	6	NA	1	0	3.03	0	0
captivity	4	NA	1	0	2.76	0	0
capture	42	NA	1	0	3.21	0	0
caput	4	NA	1	0		0	0
car	240	0	1	0	4.89	0	1
cara	3	NA	1	1		0	0
carapace	4	2	1	0		1	0
caravan	5	NA	1	0	4.37	0	0
carb	2	NA	1	0		0	0
carbohydrate	96	1	1	0	3.59	2	3
carbon	317	1	1	0	4.22	2	0
carbonate	21	NA	1	0	3.43	0	0
carbonic	7	NA	1	0		0	0
carboniferous	10	NA	1	1		0	0
carboxyl	5	NA	1	0		0	0
carcass	1	NA	1	0	4.46	0	0
carcinogenic	1	NA	1	0	2.62	0	0
carcinus	2	NA	1	1		0	0
card	40	0	1	0	4.90	0	1
cardboard	2	NA	1	0	4.90	0	0
cardew	17	NA	1	1		1	0
cardews	3	NA	1	1		0	0
cardiac	26	NA	1	0	2.81	0	0
cardinal	17	NA	1	0	4.74	0	0
cardiology	1	NA	1	0	3.25	0	0
cardiomyocytes	3	NA	1	0		0	0
cardiovascular	10	NA	1	0	3.20	0	0
cardozo	1	NA	1	0		0	0
cards	15	NA	1	0		0	0
care	94	0	1	0	2.33	0	0
career	29	NA	1	0	2.54	0	0
carefree	1	NA	1	0	1.88	0	0
careful	35	0	1	0	1.86	0	0
carefully	29	NA	1	0	2.15	0	0
caregiver	1	NA	1	0	4.18	0	0
carers	5	NA	1	0		0	0
cargo	11	NA	1	0	4.62	0	0
caribbean	8	NA	1	1		0	0
caribou	1	NA	1	0	4.92	0	0
caring	1	NA	1	0	1.77	0	0
caringly	1	NA	1	0		0	0
carl	6	NA	1	1		0	0
carle	25	NA	1	1		0	0
carles	4	NA	1	1		0	0
carlo	5	NA	1	1		0	0
carlos	6	NA	1	1		0	0
carlsberg	6	NA	1	0		0	0
carlsson	6	0	1	1		0	0
carnage	2	NA	1	0	3.48	0	0
carnarvon	17	NA	1	1		0	0
carnegie	3	NA	1	1		0	0
carnegiea	1	NA	1	0		0	0
carney	9	NA	1	1		0	0
carnival	3	NA	1	0	4.68	0	0
carnivora	2	NA	1	1		1	0
carnivore	26	NA	1	0	4.17	0	1
carnivorous	5	NA	1	0	2.85	0	0
carole	1	NA	1	0		0	0
carolina	13	NA	1	1		0	0
caroline	3	NA	1	0		0	0
carotenoid	2	NA	1	0		0	0
carp	19	NA	1	0	4.62	0	1
carpathian	1	NA	1	0		0	0
carpathians	6	NA	1	1		0	0
carpel	11	NA	1	0		1	1
carpet	9	NA	1	0	4.96	0	0
carpooling	3	NA	1	0		0	0
carriage	3	NA	1	0	4.86	0	0
carrie	1	NA	1	0		0	0
carrier	24	NA	1	0	4.20	0	1
carrion	3	NA	1	0		0	0
carroll's	1	NA	1	0		0	0
carrot	3	NA	1	0	5.00	0	0
carry	228	NA	1	0	4.04	0	1
carson	1	NA	1	0		0	0
carte	2	NA	1	1		0	0
carter	3	NA	1	1		0	0
carthatidae	1	NA	1	0		0	0
cartilage	22	NA	1	0	4.71	0	0
cartilaginous	23	NA	1	0		0	0
cartographer	1	NA	1	0	3.81	0	0
cartography	1	NA	1	0	3.52	0	0
carton	3	NA	1	0	5.00	0	0
cartoon	3	NA	1	0	4.33	0	0
cartridge	1	NA	1	0	4.78	0	0
cascade	4	NA	1	0	3.83	0	0
case	231	0	1	0	3.93	1	1
cash	68	0	1	0	4.48	0	0
cashpoint	3	NA	1	0		0	0
casing	2	NA	1	0	4.28	0	0
casino	3	NA	1	1	4.77	0	0
casserly	6	NA	1	1		0	0
cassette	6	NA	1	0	4.60	0	0
cassill	1	NA	1	0		0	0
cast	7	NA	1	0	3.92	0	0
castaway	6	NA	1	0	3.48	0	0
castell	1	NA	1	0		0	0
castle	21	NA	1	1	4.96	0	0
castration	1	NA	1	0	3.53	0	0
casual	3	NA	1	0	2.03	0	0
casualty	3	NA	1	0	2.85	0	0
casuarina	1	NA	1	0		0	0
cat	34	NA	1	0	4.86	0	0
catabolic	10	NA	1	0		0	0
catabolism	19	1	1	0		2	0
catabolize	2	NA	1	0		0	0
catalog	3	NA	1	0	4.68	0	0
catalogue	10	NA	1	0	4.36	0	0
catalysis	1	NA	1	0	2.62	0	0
catalyst	6	NA	1	0	2.85	1	1
catalytic	2	NA	1	0	2.58	0	0
catalyze	21	NA	1	0	2.42	0	0
catastrophe	6	NA	1	0	2.96	0	0
catastrophic	13	NA	1	0	2.76	0	0
catastrophically	1	NA	1	0	1.78	0	0
catch	55	0	1	0	4.11	0	1
catchall	1	NA	1	0	2.35	0	0
catching	14	NA	1	0	3.42	0	1
catchphrase	1	NA	1	0	3.17	0	0
catchy	2	NA	1	0	1.79	0	0
categorize	8	NA	1	0	2.60	0	0
category	51	NA	1	0	2.82	0	8
caterer	4	NA	1	0	4.37	0	0
catering	12	NA	1	0	3.81	0	0
caterpillar	7	NA	1	0	4.87	0	0
catesbeiana	1	NA	1	0		0	0
catfish	2	NA	1	0	4.85	0	0
cathal	3	NA	1	1		0	0
catharanthus	1	NA	1	0		0	0
cathartica	1	NA	1	0		0	0
cathedral	9	NA	1	1	4.86	0	0
catherine	2	NA	1	1		0	0
catholic	5	NA	1	1	2.93	0	0
cathy	7	NA	1	1		0	0
cation	13	4	1	0		3	0
cattle	4	NA	1	0	4.64	0	0
caudatum	4	NA	1	0		0	0
caudet	3	NA	1	1		0	0
caulerpa	1	NA	1	0		0	0
causative	5	NA	1	0	1.54	0	0
cause	499	0	1	0	2.43	0	5
causing	70	NA	1	0	1.55	0	0
caution	3	NA	1	0	2.04	0	0
cautionary	1	NA	1	0	2.00	0	0
cautious	6	NA	1	0	1.81	0	0
cautiously	1	NA	1	0	2.63	0	0
cava	6	NA	1	0		1	0
cave	22	NA	1	0	4.96	0	0
cavers	2	NA	1	0		0	0
caviar	3	NA	1	0	4.70	0	0
cavity	67	0	1	0	4.50	4	3
cbd	4	NA	1	0		0	0
cd	3	NA	1	1		0	0
cdc	3	NA	1	1		0	0
cdk	2	NA	1	1		0	0
cdna	1	NA	1	0		0	0
ce	2	NA	1	0		0	0
cease	6	NA	1	0	2.39	0	1
cecum	2	NA	1	0		0	0
cedar	1	NA	1	0	4.83	0	0
ceiling	10	NA	1	0	4.85	0	0
celan	2	NA	1	0		0	0
celebrate	22	NA	1	0	2.90	0	0
celebration	9	NA	1	0	3.47	0	0
celebrity	11	NA	1	0	3.28	0	0
celiac	2	NA	1	0	3.32	0	0
cell	1602	1	1	0	4.44	8	24
cella	1	NA	1	0		0	0
cellar	3	NA	1	0	4.68	0	0
cellular	98	NA	1	0	3.11	0	0
cellulase	2	NA	1	0		0	0
cellulases	1	NA	1	0		0	0
cellulose	33	1	1	0	4.33	2	0
cellulosic	1	NA	1	0		0	0
celsius	2	NA	1	1		0	0
celtic	1	NA	1	0	2.96	0	0
cement	5	NA	1	0	4.97	0	0
censorship	6	NA	1	1	1.79	0	0
census	10	NA	1	0	3.30	0	0
cent	17	NA	1	0	4.19	0	0
centenary	1	NA	1	0		0	0
center	55	NA	1	0	3.85	0	0
centimeter	9	NA	1	0	4.13	0	0
centimetre	3	NA	1	0		0	0
centipede	3	NA	1	0	4.79	0	0
central	134	NA	1	0	2.71	0	0
centralia	1	NA	1	0		0	0
centralize	6	NA	1	0	2.15	0	0
centre	148	NA	1	0		0	0
centric	1	NA	1	0	2.04	0	0
centriole	15	NA	1	0		2	0
centromere	11	NA	1	0		0	0
centrosome	19	NA	1	0		1	0
century	119	NA	1	0	2.83	0	3
ceo	27	NA	1	1		0	1
cephalization	1	2	1	0		1	0
cephalochordata	5	NA	1	1		1	0
cephalochordate	1	NA	1	0		0	0
cephalopod	4	NA	1	0		0	0
cephalopoda	3	NA	1	1		0	0
cephalothorax	4	1	1	0		1	0
cer	5	NA	1	0		0	1
cereal	24	NA	1	0	4.83	1	0
cerebellum	7	NA	1	0	4.57	1	0
cerebral	14	NA	1	0	2.22	0	0
cerebrospinal	2	NA	1	0		0	0
ceremonial	2	NA	1	0	2.24	0	0
ceremony	17	NA	1	0	3.57	0	0
cerevisiae	4	NA	1	0		0	0
cerf	22	NA	1	1		0	0
certain	150	0	1	0	1.68	0	0
certainly	41	0	1	0	1.86	0	0
certainty	4	NA	1	0	1.59	0	0
certhidea	1	NA	1	0		0	0
certificate	7	NA	1	0	4.59	0	0
certification	3	NA	1	0	3.72	0	0
certify	6	NA	1	0	2.55	0	0
cervical	5	NA	1	0	3.59	0	0
cervix	7	NA	1	0	4.62	0	0
cessation	1	NA	1	0		0	0
cestoda	2	NA	1	1		0	0
cestode	4	NA	1	0		0	1
cetacea	1	NA	1	0		1	0
cetacean	1	NA	1	0		0	0
cga	1	NA	1	0		0	0
chad	2	NA	1	1		0	0
chaeta	8	NA	1	0		2	0
chaga	3	NA	1	1		0	0
chain	125	2	1	0	4.55	3	5
chains	37	NA	1	0		0	0
chair	35	0	1	0	4.58	0	0
chairlift	1	NA	1	0	4.52	0	0
chairman	8	NA	1	0	4.31	0	0
chairperson	4	NA	1	0	4.58	0	0
chairwoman	3	NA	1	1	4.41	0	0
chalkboard	3	NA	1	0	4.97	0	0
chalky	1	NA	1	0	4.14	0	0
challenge	130	NA	1	0	2.11	0	5
challenger	1	NA	1	0	2.68	0	0
challis	8	0	1	1		1	0
chamber	16	NA	1	0	4.59	0	1
chamberland	2	NA	1	0		0	0
chambers	9	NA	1	0		0	0
chameleon	6	NA	1	0	4.68	0	0
chamise	1	NA	1	0		0	0
champ	4	NA	1	1	3.29	0	0
champion	18	NA	1	0	3.82	0	0
chan	3	NA	1	1		0	0
chance	65	0	1	0	1.64	0	0
chancellor	3	NA	1	1	4.20	0	0
chandelier	3	NA	1	0	4.79	0	0
chandler	1	NA	1	0		0	0
change	793	0	1	0	2.89	0	9
channel	19	1	1	0	4.18	1	2
channelrhodopsin	4	2	1	0		1	0
channels	28	NA	1	0		0	0
chant	3	NA	1	0	4.00	0	0
chantal	3	NA	1	1		0	0
chanterelle	1	NA	1	0		0	0
chanting	1	NA	1	0	3.78	0	0
chaos	8	NA	1	0	2.79	0	0
chaotic	7	NA	1	0	2.08	0	0
chapagain	4	NA	1	1		0	0
chaparral	6	NA	1	0		1	1
chapel	1	NA	1	0	4.60	0	0
chapentier	1	NA	1	0		0	0
chaplin	4	NA	1	1		0	0
chapman	12	NA	1	1		0	0
chapron	13	NA	1	1		0	0
chapter	13	NA	1	0	3.43	0	0
char	2	NA	1	0		0	0
character	66	NA	1	0	2.93	0	1
characteristic	172	NA	1	0	2.38	2	5
characteristically	4	NA	1	0	1.48	0	0
characterize	47	NA	1	0	2.00	0	0
charalampos	3	NA	1	1		0	0
charcoal	1	NA	1	0	4.85	0	0
chargaff	3	NA	1	1		0	0
charge	150	0	1	0	2.96	0	2
charismatic	3	NA	1	0	1.77	0	0
charit	3	NA	1	1		0	0
charitable	2	NA	1	0	2.13	0	0
charity	106	1	1	0	2.62	1	1
charles	20	NA	1	1		0	1
charlie	6	0	1	1		0	0
charlotte	3	NA	1	1	2.96	0	0
charlton	1	NA	1	0		0	0
charm	6	NA	1	0	2.76	0	2
charon	15	NA	1	1		0	0
charpentier	2	NA	1	1		0	0
chart	44	NA	1	0	4.48	0	1
charter	9	NA	1	1	3.15	0	0
chartres	1	NA	1	0		0	0
chartwood	1	NA	1	0		0	0
chase	5	NA	1	0	3.48	0	0
chassis	1	NA	1	0		0	0
chat	22	NA	1	0	3.66	0	0
chateau	3	NA	1	0	4.39	0	0
chauffeur	2	NA	1	0	4.43	0	0
chaulmoogra	1	NA	1	0		0	0
chauvet	3	NA	1	1		0	0
chaves	3	NA	1	1		0	0
cheap	47	NA	1	0	2.11	0	0
cheaply	4	NA	1	0	2.14	0	0
cheat	7	NA	1	0	2.23	0	0
check	59	0	1	0	4.11	0	2
checklist	4	NA	1	0	4.61	0	0
checkpoint	26	1	1	0	3.62	1	0
cheddar	3	NA	1	0	4.46	0	0
cheek	7	NA	1	0	4.83	0	0
cheer	13	NA	1	0	2.77	0	0
cheerful	2	NA	1	0	2.34	0	0
cheering	1	NA	1	0	3.63	0	0
cheese	22	NA	1	0	4.70	1	0
cheeseburger	3	NA	1	0	4.93	0	0
cheeseman	2	NA	1	1		0	0
chef	8	NA	1	0	4.30	0	0
chegrinec	3	NA	1	1		0	0
chelicera	4	NA	1	0		1	0
chelicerata	6	NA	1	1		0	0
chelicerate	5	NA	1	0		0	0
chelsea	3	NA	1	1		0	0
chelyabinsk	11	1	1	1		1	0
chemical	245	NA	1	0	3.86	0	2
chemically	7	NA	1	0	2.81	0	0
chemin	3	NA	1	1		0	0
chemiosmosis	10	2	1	0		2	0
chemist	8	NA	1	0	4.24	0	0
chemistry	28	NA	1	0	3.64	0	0
chemoautotroph	1	NA	1	0		1	0
chemoautotrophic	1	NA	1	0		0	0
chemoautotrophs	5	NA	1	0		0	0
chemofossil	1	NA	1	0		1	0
chemosensory	2	NA	1	0		0	0
chemosynthetic	4	NA	1	0		0	0
chemotaxis	1	NA	1	0		0	0
chemotherapy	3	NA	1	0	4.35	0	0
chemotrophs	2	NA	1	0		0	0
chengdu	1	NA	1	0		0	0
cheque	5	NA	1	0		0	0
cherish	5	NA	1	0	1.73	0	0
chernobyl	2	NA	1	1		0	0
cherry	3	NA	1	0	4.62	0	0
ches	4	NA	1	0		0	0
chesapeake	9	NA	1	1		0	0
cheshire	2	1	1	1		2	0
chest	20	NA	1	0	4.93	0	0
chestnut	3	NA	1	0	4.70	0	0
chevy	1	NA	1	0	4.48	0	0
chew	16	NA	1	0	3.93	0	0
chewing	19	NA	1	0		0	1
chi	15	NA	1	1		0	0
chiasma	9	NA	1	0		0	0
chicago	21	NA	1	1		0	0
chick	5	NA	1	0	4.93	0	0
chicken	15	NA	1	0	4.80	0	0
chickenpox	2	NA	1	0	4.56	0	0
chief	93	0	1	0	4.26	0	0
chiefly	1	NA	1	0	1.90	0	0
chihuahuan	1	NA	1	0		0	0
child	413	0	1	0	4.78	2	0
childbirth	1	NA	1	0	4.04	0	0
childhood	20	NA	1	0	2.53	0	0
childish	3	NA	1	0	2.52	0	0
childminder	3	NA	1	0		0	1
children	14	NA	1	0	4.89	0	0
chile	7	NA	1	1		0	0
chilean	1	NA	1	0		0	0
chill	5	NA	1	0	2.89	0	0
chillon	3	NA	1	1		0	0
chimaera	1	1	1	0		1	0
chimney	2	NA	1	0	5.00	0	0
chimp	3	NA	1	0	4.96	0	0
chimpanzee	25	NA	1	0	4.96	0	0
china	85	1	1	1	4.79	3	0
chinese	45	NA	1	1		0	0
chinguetti	2	NA	1	1		0	0
chinook	5	NA	1	1		0	0
chipotle	9	NA	1	1		0	0
chips	15	NA	1	0	4.90	0	0
chiquitos	3	NA	1	1		0	0
chiroptera	1	NA	1	0		0	0
chit	2	NA	1	0		0	0
chitin	11	1	1	0		3	0
chitinous	7	NA	1	0		0	0
chiton	2	NA	1	0		0	0
chitwan	5	NA	1	1		0	0
chloride	7	NA	1	0	3.74	0	0
chlorinate	1	NA	1	0	3.07	0	0
chlorine	6	NA	1	0	4.50	0	0
chlorophyll	33	5	1	0	4.07	1	1
chloroplast	50	6	1	0	3.13	2	2
chloroquine	1	NA	1	0		0	0
choanocyte	8	NA	1	0		1	0
choanoflagellates	1	NA	1	0		0	0
chocolate	12	NA	1	0	4.72	0	0
choice	38	0	1	0	1.90	0	0
choking	1	NA	1	0	4.33	0	0
cholesterol	25	2	1	0	3.40	3	1
chon	14	NA	1	1		1	0
chondrichthyes	4	1	1	1		2	0
choose	65	NA	1	0	2.62	0	0
chop	2	NA	1	0	4.48	0	0
choquenot	1	NA	1	0		0	0
chord	2	NA	1	0	4.29	0	0
chordata	9	4	1	1		2	0
chordate	23	NA	1	0		0	1
choreograph	2	NA	1	0	3.16	0	0
chorion	2	NA	1	0		0	1
chorionic	2	NA	1	0		0	0
chorister	3	NA	1	0		0	1
chorus	2	NA	1	0	4.03	0	0
chosen	30	NA	1	0	2.33	0	0
chouette	3	NA	1	0		0	0
chris	9	NA	1	1		0	0
christi	1	NA	1	0		0	0
christian	14	0	1	1		0	0
christiane	2	NA	1	1		0	0
christianity	1	NA	1	0	2.50	0	0
christine	7	NA	1	1		0	0
christmas	32	0	1	1	3.41	0	0
christopher	6	NA	1	1		0	0
chromalveolata	3	1	1	1		1	0
chromatid	47	1	1	0		1	0
chromatin	6	NA	1	0		1	0
chromium	1	NA	1	0	4.33	0	0
chromosomal	17	NA	1	0		0	0
chromosome	367	NA	1	0	4.11	4	5
chronic	21	NA	1	0	2.17	0	0
chronically	9	0	1	0	2.28	0	0
chronicle	1	NA	1	0	2.96	0	0
chuckle	3	NA	1	0	3.82	0	0
chuka	3	NA	1	1		0	0
chunk	2	NA	1	0	3.86	0	0
church	25	NA	1	0	4.90	0	0
churchill	6	NA	1	1		0	1
churn	1	NA	1	0	4.00	0	0
chute	1	NA	1	0	4.61	0	0
chyme	10	1	1	0		3	2
chytridiomycosis	3	1	1	0		2	0
chytridiomycota	5	NA	1	1		0	1
chytrids	3	NA	1	0		0	1
cia	7	NA	1	1		0	0
cial	8	NA	1	0		0	0
cially	2	NA	1	0		0	0
cials	3	NA	1	0		0	0
cichlid	7	NA	1	0		0	0
cient	2	NA	1	0		0	0
cigarette	124	NA	1	0	4.88	0	0
cigs	1	NA	1	0		0	0
ciliate	2	NA	1	0		0	0
ciliated	4	NA	1	0		0	0
cilium	18	NA	1	0		0	0
cinchona	1	NA	1	0		0	0
cincinnati	1	NA	1	0		0	0
cinema	38	0	1	0	4.69	1	0
cinerea	1	NA	1	0		0	0
cineworld	3	NA	1	1		0	0
cinnamon	2	NA	1	0	4.85	0	0
ciong	1	NA	1	0		0	0
cipd	9	NA	1	1		0	0
circadian	5	NA	1	0		0	0
circle	26	NA	1	0	4.44	0	1
circuit	13	NA	1	0	3.83	1	0
circuitry	1	NA	1	0	3.85	0	0
circular	24	NA	1	0	3.79	0	0
circularity	1	NA	1	0	2.72	0	0
circulate	26	NA	1	0	2.88	0	0
circulation	22	2	1	0	3.03	3	0
circulatory	41	0	1	0	3.43	0	0
circumference	2	NA	1	0	3.96	0	0
circumstances	6	NA	1	0	1.59	0	0
circus	1	NA	1	0	4.43	0	0
cis	4	NA	1	0		0	0
cisternal	1	NA	1	0		0	0
cite	17	NA	1	0	3.07	0	0
citizen	32	NA	1	0	4.43	1	0
citric	15	0	1	0	3.19	0	0
citro	2	NA	1	1		0	0
citron	1	NA	1	0		0	0
city	392	0	1	0	4.79	0	4
civil	14	NA	1	0	2.07	0	0
civilization	12	NA	1	0	3.32	0	0
clade	53	NA	1	0		1	10
cladistics	6	NA	1	0		1	0
cladogram	1	NA	1	0		0	0
claim	99	NA	1	0	2.96	0	0
claimant	14	NA	1	0	3.36	0	0
clair	4	NA	1	0		0	0
claire	2	NA	1	0		0	0
clam	2	NA	1	0	4.89	0	0
clamber	1	NA	1	0		0	0
clamp	1	NA	1	0	4.53	0	0
clams	7	NA	1	0		0	0
clan	3	NA	1	0	3.46	0	0
clandestine	1	NA	1	0		0	0
clapeyron	1	NA	1	0		0	0
clapper	2	NA	1	1	3.92	1	0
clapton	6	NA	1	1		0	0
clare	3	NA	1	1		0	0
claridge	2	NA	1	1		0	0
claridges	1	NA	1	0		0	0
clarify	7	NA	1	0	2.07	0	0
clarity	3	NA	1	0	2.00	0	0
clark	4	NA	1	1		0	0
clash	11	NA	1	0	2.63	0	0
class	155	0	1	0	3.85	2	0
classic	13	NA	1	0	2.00	0	0
classical	12	NA	1	0	2.18	0	0
classification	37	NA	1	0	2.52	0	0
classified	34	NA	1	0	2.21	0	0
classify	7	NA	1	0	2.41	0	0
classmate	8	NA	1	0	4.32	0	0
classroom	32	NA	1	0	4.76	2	0
claude	3	NA	1	1		0	0
claudia	4	NA	1	1		0	0
clause	2	NA	1	0	2.73	0	0
clausius	1	NA	1	0		0	0
clavatum	1	5	1	0		1	0
claviceps	1	NA	1	0		0	0
clavicle	2	NA	1	0	4.50	0	0
claw	4	NA	1	0	4.83	0	0
clay	10	NA	1	0	4.93	0	0
clayton	4	NA	1	1		0	0
clean	65	0	1	0	3.07	0	0
cleaner	17	NA	1	0	3.78	0	0
cleaners	1	NA	1	0		0	0
cleaning	17	NA	1	0	3.71	0	0
cleanliness	2	NA	1	0	2.63	0	0
cleanly	2	NA	1	0	2.76	0	0
cleanse	1	NA	1	0	3.31	0	0
cleansing	8	NA	1	0	2.75	0	0
cleanup	1	NA	1	0	3.04	0	0
clear	144	0	1	0	3.55	0	0
clearance	5	NA	1	0	2.19	0	0
clearing	8	NA	1	0	3.79	0	0
clearly	24	NA	1	0	2.04	0	0
clearview	1	NA	1	0		0	0
cleavage	13	NA	1	0	4.64	0	0
cleave	1	NA	1	0	3.33	0	0
cleft	4	NA	1	0	4.31	1	0
clegg	5	1	1	1		1	0
clelland	5	NA	1	1		1	0
clench	1	NA	1	0	4.25	0	0
clergyman	2	NA	1	0	4.73	0	0
clermont	15	0	1	1		0	0
clever	8	NA	1	0	1.79	0	0
cleverly	1	NA	1	0	2.14	0	0
click	36	NA	1	0	4.03	0	0
clicker	2	NA	1	0	4.32	0	0
client	29	NA	1	0	3.90	0	0
clientele	1	NA	1	0	3.31	0	0
cliff	7	NA	1	0	4.71	0	0
climate	194	NA	1	0	3.50	0	0
climatic	4	NA	1	0	2.91	0	0
climax	5	NA	1	0	2.86	0	0
climb	36	NA	1	0	4.11	0	0
climber	19	0	1	0	4.50	0	0
climbing	11	NA	1	0	4.07	0	0
cline	1	NA	1	0		0	0
cling	2	NA	1	0	3.59	0	0
clinic	10	NA	1	0	4.24	0	0
clinical	16	NA	1	0	2.52	0	0
clinician	1	NA	1	0	4.12	0	0
clip	8	0	1	0	4.37	0	0
clipper	1	NA	1	0	4.30	0	0
clitellata	1	NA	1	0		0	0
clitellum	2	NA	1	0		1	0
clitoris	4	NA	1	0	4.93	1	0
clock	8	NA	1	0	5.00	0	0
clockwise	1	NA	1	0	4.14	0	0
clog	2	NA	1	0	3.47	0	0
clonal	2	NA	1	0		0	0
clone	24	NA	1	0	4.34	0	0
cloning	19	2	1	0	2.69	3	0
close	166	0	1	0	3.20	0	1
closely	75	NA	1	0	2.46	0	0
closeness	1	NA	1	0	2.39	0	0
closer	54	NA	1	0	3.00	0	0
closing	19	NA	1	0		0	0
clostridia	1	NA	1	0		0	0
clostridium	4	NA	1	1		0	0
closure	21	NA	1	0	1.78	0	0
clot	1	NA	1	0	4.20	0	1
cloth	1	NA	1	0	4.90	0	0
clothe	4	NA	1	0	3.50	0	0
clothes	23	0	1	0	4.76	0	0
clothing	18	NA	1	0	4.43	0	0
clotting	2	NA	1	0		0	0
cloud	73	NA	1	0	4.54	0	0
cloudy	2	NA	1	0	4.00	0	0
club	101	0	1	0	3.78	0	1
clue	9	NA	1	0	2.93	0	0
clueless	2	NA	1	0	1.97	0	0
clump	7	NA	1	0	4.00	0	0
clumping	1	NA	1	0		0	0
clunky	1	NA	1	0	3.45	0	0
cluster	15	NA	1	0	4.04	0	0
clutter	1	NA	1	0	3.68	0	0
clyde	3	NA	1	1		0	0
cmi	10	NA	1	1		0	0
cmis	2	NA	1	1		0	0
cnidaria	8	NA	1	1		1	0
cnidarian	24	NA	1	0		0	1
cnidocyte	3	2	1	0		1	0
cnidocytes	4	NA	1	0		1	0
cns	19	NA	1	1		0	1
co	1	NA	1	1		0	0
coa	11	NA	1	1		2	0
coach	31	NA	1	0	4.12	0	1
coadaptation	2	NA	1	0		0	0
coagulation	1	NA	1	0	3.62	0	0
coal	114	0	1	0	4.66	3	0
coalesce	1	NA	1	0		0	0
coalition	2	NA	1	0	2.75	0	0
coalmine	1	NA	1	0	4.80	0	0
coast	52	NA	1	0	4.21	0	0
coastal	14	NA	1	0	3.89	0	0
coaster	1	NA	1	0	4.68	0	0
coastguard	2	NA	1	0	4.45	0	0
coastline	3	NA	1	0	4.54	0	0
coat	32	1	1	0	4.97	2	1
coating	7	NA	1	0	3.97	0	1
cobble	1	NA	1	0	3.79	0	0
coca	34	NA	1	0		0	0
cocaine	24	NA	1	0	4.52	1	1
cocci	2	NA	1	0		0	0
coccidioidomycosis	1	NA	1	0		0	0
coccyx	1	NA	1	0		0	0
cochlea	2	NA	1	0		0	0
cochlear	2	NA	1	0		0	0
cochrane	1	NA	1	0		0	0
cocker	3	NA	1	1		0	0
cockpit	1	NA	1	0	4.27	0	0
cockrell	21	NA	1	1		2	0
cockroach	5	NA	1	0	4.96	0	0
cocktail	3	NA	1	0	4.40	0	0
cocoa	2	NA	1	0	4.89	0	0
coconut	1	NA	1	0	4.79	0	0
cocoon	1	NA	1	0	4.83	0	0
cod	2	NA	1	0	4.61	0	0
code	57	2	1	0	3.00	2	1
codeine	1	NA	1	0	4.08	0	0
coding	6	NA	1	0	3.03	0	0
codominance	4	NA	1	0		0	0
codominant	2	NA	1	0		0	0
codon	23	2	1	0		4	1
coelacanth	4	NA	1	0		0	0
coelom	14	1	1	0		1	0
coelomate	2	NA	1	0		0	0
coelomates	4	NA	1	0		0	0
coelomic	5	NA	1	0		0	0
coenocytic	1	NA	1	0		0	0
coenzyme	12	NA	1	0		0	1
coerce	2	NA	1	0	2.04	0	0
coercion	1	NA	1	0	1.71	0	0
coevolution	5	NA	1	0		0	0
coevolve	2	NA	1	0		0	0
coevolved	2	NA	1	0		0	0
coevolving	2	NA	1	0		0	0
coexist	8	NA	1	0	2.25	0	0
coexistence	4	NA	1	0	2.36	1	0
cofactor	6	NA	1	0		0	0
coffee	37	0	1	0	4.81	0	0
coffeemaker	3	NA	1	0	4.93	0	0
cognition	3	NA	1	0	1.79	0	0
cognitive	13	NA	1	0	1.63	0	0
cohabit	1	NA	1	0	2.93	0	0
cohen	5	NA	1	0		0	0
coherent	1	NA	1	0	2.00	0	0
cohesion	5	NA	1	0	2.16	1	0
cohesive	4	NA	1	0	2.22	0	0
coil	16	NA	1	0	4.56	0	0
coin	14	0	1	0	4.89	0	0
coincide	8	NA	1	0	2.26	0	0
coincidence	8	NA	1	0	1.57	0	0
coincident	1	NA	1	0	1.92	0	0
coke	4	NA	1	0	4.83	0	0
col	4	NA	1	1		0	0
cola	6	NA	1	0	4.79	0	0
cold	75	0	1	0	3.85	0	0
coldplay	3	NA	1	0		0	0
cole	5	NA	1	1		0	0
coleochaetes	1	NA	1	0		0	0
coleoptrata	1	NA	1	0		0	0
coli	26	NA	1	0		0	0
colin	10	NA	1	1		0	0
collaborate	8	NA	1	0	1.81	0	0
collaboration	6	NA	1	0	2.59	0	1
collaborative	2	NA	1	0	2.11	0	0
collagen	5	NA	1	0	3.67	0	0
collapse	46	NA	1	0	3.67	0	2
collar	3	NA	1	0	4.64	0	0
collarbone	1	NA	1	0	4.85	0	0
collate	4	NA	1	0	2.44	0	0
collateral	1	NA	1	0	2.28	0	0
colleague	65	NA	1	0	3.79	0	0
collect	100	NA	1	0	3.34	0	0
collecting	16	NA	1	0		0	0
collection	51	NA	1	0	4.04	0	0
collective	8	NA	1	0	2.52	0	1
collectively	16	NA	1	0	2.31	0	0
collector	4	NA	1	0	4.10	0	0
college	63	0	1	1	4.62	0	1
collen	1	NA	1	0		0	0
collide	2	NA	1	0	4.00	0	0
colloquially	2	NA	1	0	1.77	0	0
colombia	3	NA	1	1		0	0
colombian	3	NA	1	1		0	0
colon	10	NA	1	0	4.66	1	1
colonel	7	0	1	0	3.89	0	0
colonial	16	NA	1	0	2.75	0	0
colonist	1	NA	1	0	3.80	0	0
colonization	1	NA	1	0	2.69	0	0
colonize	20	NA	1	0	2.54	0	0
colonnade	1	NA	1	0		0	0
colonsay	3	NA	1	1		0	0
colony	30	NA	1	0	3.77	0	0
color	56	NA	1	0	4.08	0	0
colorado	6	NA	1	1		0	0
coloration	19	NA	1	0	2.59	0	1
colored	13	NA	1	0	4.00	0	0
colorful	2	NA	1	0	3.78	0	0
colorization	1	NA	1	0	2.48	0	0
colorless	1	NA	1	0	3.15	0	0
colors	17	NA	1	0	4.17	0	0
colossal	1	NA	1	0	2.69	0	0
colour	39	NA	1	0		0	0
colourer	2	NA	1	0		0	0
colourful	4	NA	1	0		0	0
colouring	29	0	1	0		0	0
colours	18	NA	1	0		0	0
columbia	4	NA	1	1		0	0
columbus	1	NA	1	0		0	0
column	30	NA	1	0	4.48	1	1
com	18	0	1	0		1	0
coma	1	NA	1	0	3.69	0	0
combat	15	NA	1	0	3.67	0	0
combination	60	NA	1	0	2.86	0	6
combine	87	NA	1	0	3.41	0	2
combining	8	NA	1	0	3.12	0	0
combust	1	NA	1	0	3.52	0	0
combustible	2	NA	1	0	3.21	0	0
combustion	21	1	1	0	3.86	2	0
come	499	0	1	0	2.72	0	0
comeback	3	NA	1	0	2.23	0	0
comet	1	NA	1	0	4.67	0	0
comfort	1	NA	1	0	2.89	0	0
comfortable	10	NA	1	0	2.33	0	0
comfortably	3	NA	1	0	2.10	0	0
comic	6	NA	1	1	4.00	0	0
coming	79	0	1	0	2.07	0	1
command	5	NA	1	0	2.48	0	0
commander	3	NA	1	0	4.31	0	0
commemorate	2	NA	1	0	2.20	0	0
commensal	5	NA	1	0		0	0
commensalism	3	4	1	0		3	0
comment	40	NA	1	0	3.29	0	0
commentary	4	NA	1	0	2.96	0	0
commentator	9	NA	1	0	4.15	0	0
commenter	1	NA	1	0	3.69	0	0
commerce	3	NA	1	0	2.76	0	0
commercial	39	NA	1	0	3.24	0	0
commercialism	2	NA	1	0	2.07	0	0
commercialization	3	NA	1	0	2.07	0	0
commercially	9	NA	1	0	2.56	0	0
commis	2	NA	1	0		0	0
commission	28	NA	1	1	3.04	0	0
commissioner	3	NA	1	0	3.64	0	0
commit	22	NA	1	0	2.17	0	0
commitment	8	NA	1	0	1.74	0	0
committee	66	NA	1	0	4.14	1	1
commodity	1	NA	1	0	2.91	0	0
common	224	NA	1	0	2.07	1	0
commonly	53	NA	1	0	1.73	0	0
commonness	2	NA	1	0	1.74	0	0
commonplace	6	NA	1	0	2.20	0	0
commons	14	NA	1	1	2.92	1	0
commonwealth	2	NA	1	1	3.38	0	0
communicable	3	NA	1	0	2.27	0	0
communicate	40	NA	1	0	3.43	0	0
communicating	14	0	1	0	3.42	0	0
communication	48	NA	0	0	2.90	0	0
communications	44	NA	0	0		0	0
communist	10	NA	1	0	3.50	0	0
community	195	NA	1	0	3.52	1	7
community's	1	NA	1	0		0	0
commute	3	NA	1	0	3.79	0	0
commuter	4	NA	1	0	3.03	0	0
commuting	7	NA	1	0	3.07	0	0
como	1	NA	1	0		0	0
compact	8	NA	1	0	3.04	0	0
compaction	4	NA	1	0		0	0
compactly	1	NA	1	0	1.96	0	0
compactors	1	NA	1	0		0	0
companion	6	NA	1	0	3.75	0	0
companionship	2	NA	1	0	2.45	0	0
company	430	0	1	0	4.11	0	8
comparable	8	NA	1	0	2.31	0	0
comparative	5	NA	1	0	1.74	0	0
comparatively	1	NA	1	0	1.96	0	0
compare	120	NA	1	0	2.52	0	0
comparing	12	NA	1	0		0	0
comparison	19	NA	1	0	2.00	0	0
compartment	18	NA	1	0	3.57	1	1
compartmentalization	4	NA	1	0	2.39	0	0
compartmentalize	1	NA	1	0	2.19	0	0
compatibility	1	NA	1	0	1.94	0	0
compatible	1	NA	1	0	2.31	0	0
compatriot	2	NA	1	0	3.24	0	0
compel	7	NA	1	0	1.83	0	0
compensate	14	NA	1	0	2.65	0	0
compensation	19	NA	1	0	3.25	0	0
compete	39	NA	1	0	2.57	0	0
competence	1	NA	1	0	1.78	0	0
competition	52	1	1	0	3.86	1	0
competitive	13	NA	1	0	1.89	0	0
competitiveness	1	NA	1	0	2.14	0	0
competitor	14	NA	1	0	3.23	0	0
compile	3	NA	1	0	2.64	0	0
compiling	2	NA	1	0		0	0
complacent	3	NA	1	0	2.17	0	0
complain	44	NA	1	0	2.60	0	0
complainant	1	NA	1	0		0	0
complaint	16	NA	1	0	2.69	0	0
complement	30	NA	1	0	2.00	0	1
complementarity	2	NA	1	0		0	0
complementary	30	NA	1	0	2.64	0	0
complete	130	NA	1	0	2.70	0	0
completely	94	0	1	0	2.18	0	0
completion	11	NA	1	0	2.33	0	0
complex	190	NA	1	0	1.96	0	2
complexity	11	NA	1	0	1.87	0	1
compliance	1	NA	1	0	1.96	0	0
compliant	1	NA	1	0	2.28	0	0
complicate	22	NA	1	0	1.65	0	0
complication	2	NA	1	0	1.86	0	0
complicity	1	NA	1	0	1.70	0	0
comply	8	NA	1	0	2.19	0	0
component	105	NA	1	0	3.04	0	9
compose	74	NA	1	0	2.83	0	0
composer	5	NA	1	0	4.37	0	0
composing	1	NA	1	0		0	0
composite	3	NA	1	0	3.29	0	1
composition	20	NA	1	0	3.10	0	0
compost	2	NA	1	0	4.46	0	0
compound	102	NA	1	0	3.03	0	8
compounding	2	NA	1	0	1.92	0	0
comprehend	3	NA	1	0	1.86	0	0
comprehension	2	NA	1	1	1.78	0	0
comprehensive	6	NA	1	0	1.82	0	0
comprehensively	1	NA	1	0	2.00	0	0
compress	9	NA	1	0	3.97	0	1
compression	4	NA	1	0	3.07	1	1
compressor	2	NA	1	0	4.39	0	0
comprise	25	NA	1	0	1.89	0	0
compromise	14	NA	1	0	1.80	0	0
compulsory	7	NA	1	0	1.96	0	0
computation	1	NA	1	0	2.92	0	0
computational	1	NA	1	0	1.59	0	0
compute	3	NA	1	0	2.39	0	0
computer	112	NA	1	0	4.93	0	0
computerize	2	NA	1	0	2.39	0	0
comscore	2	NA	1	0		0	0
comte	1	NA	1	0		0	0
con	18	NA	1	0	2.50	0	0
concacaf	1	NA	1	0		0	0
conceal	2	NA	1	0	3.19	0	0
concealment	1	NA	1	0	2.52	0	0
concede	6	NA	1	0	1.96	0	0
conceding	2	NA	1	0		0	0
conceive	5	NA	1	0	2.04	0	0
concentrate	26	NA	1	0	2.48	0	0
concentration	115	NA	1	0	2.10	0	1
concentrators	1	NA	1	0		0	0
concept	66	2	1	0	1.41	1	6
conception	2	NA	1	0	2.24	2	0
conceptualize	1	NA	1	0	1.85	0	0
concern	63	NA	1	0	1.70	0	1
concert	54	NA	1	0	4.35	0	0
concertgoers	1	NA	1	0		0	0
concession	4	NA	1	0	2.71	0	0
conch	1	NA	1	0	4.52	0	0
concierge	3	NA	1	0	3.89	0	0
conciliatory	4	NA	1	0	2.33	0	0
concise	1	NA	1	0	1.88	0	0
concistoro	2	NA	1	1		0	0
conclave	1	NA	1	0	2.96	0	0
conclude	19	NA	1	0	1.78	0	0
conclusion	16	NA	1	0	2.11	0	0
concoct	1	NA	1	0	2.40	0	0
concrete	9	NA	1	0	4.59	0	0
concurrently	3	NA	1	0	1.60	0	0
condemn	4	NA	1	0	1.96	0	0
condensation	10	0	1	0	4.24	1	1
condense	13	NA	1	0	3.26	0	0
condenser	2	NA	1	0	3.96	0	0
condensing	3	NA	1	0		0	0
condition	35	NA	1	0	2.15	0	3
conditioning	23	NA	1	0	2.25	0	0
conditions	134	NA	1	0		1	0
condone	1	NA	1	0	1.79	0	0
condor	3	3	1	0	4.46	1	0
conduct	26	NA	1	0	2.08	0	0
conducting	7	NA	1	0		0	0
conduction	1	NA	1	0	2.65	0	0
conductive	2	NA	1	0	2.63	0	0
conductor	11	NA	1	0	4.26	2	0
conduit	1	NA	1	0	3.58	0	0
cone	13	NA	1	0	4.86	1	0
coneflower	1	NA	1	0		0	0
confederation	21	NA	1	1	2.86	0	0
confer	6	NA	1	0	2.35	0	0
conference	32	NA	1	0	3.86	0	0
confess	4	NA	1	0	2.57	0	0
confession	1	NA	1	0	2.40	0	0
confidant	1	NA	1	0	3.03	0	0
confide	1	NA	1	0	1.81	0	0
confidence	17	NA	1	0	2.17	0	0
confident	10	NA	1	0	2.62	0	0
confidential	9	NA	1	0	2.08	0	0
confidentiality	1	NA	1	0	2.47	0	0
confidently	2	NA	1	0	2.11	0	0
configuration	3	NA	1	0	2.54	0	1
confine	2	NA	1	0	3.07	0	0
confirm	30	NA	1	0	2.15	0	0
confirmation	3	NA	1	0	2.39	0	0
conflict	25	NA	1	0	2.21	0	0
conformation	4	NA	1	0	2.04	0	0
conformational	3	NA	1	0	1.90	0	0
confound	6	NA	1	0	2.22	0	0
confront	3	NA	1	0	2.43	0	0
confrontation	1	NA	1	0	2.53	0	0
confuse	14	NA	1	0	2.04	0	0
confusion	17	NA	1	0	2.24	0	0
congenial	1	NA	1	0	2.04	0	0
congenital	1	NA	1	0	2.32	0	0
congestion	13	NA	1	0	3.61	0	0
congo	13	NA	1	1		0	0
congolese	6	NA	1	1		0	0
congratulate	4	NA	1	0	3.04	0	0
congratulations	6	0	1	0	2.44	0	1
congress	38	NA	1	1	3.90	0	0
congressional	2	NA	1	0	2.22	0	0
congressman	1	NA	1	0	4.58	0	0
conical	2	NA	1	0	3.24	0	0
conifer	18	3	1	0	4.12	3	0
coniferophyta	2	NA	1	0		0	0
coniferous	5	NA	1	0	3.26	0	0
conjecture	1	NA	1	0	1.75	0	0
conjugate	4	NA	1	0	2.00	0	0
conjugation	4	1	1	0		2	0
conjunction	1	NA	1	0	2.15	0	0
conjuring	1	NA	1	0		0	0
conmebol	1	NA	1	0		0	0
connect	119	0	1	0	2.88	0	0
connection	52	NA	1	0	3.00	1	0
connective	15	0	1	0	2.26	0	0
connectivity	6	NA	1	0	2.33	0	0
connery	3	NA	1	1		0	0
conquer	2	NA	1	0	2.90	0	0
conquering	1	NA	1	0	2.86	0	0
conqueror	2	NA	1	1	3.54	0	0
conron	6	NA	1	1		0	0
conscious	4	NA	1	0	2.03	0	0
consciously	3	NA	1	0	2.07	0	0
consciousness	3	NA	1	0	2.32	0	0
consecutive	5	NA	1	0	2.48	0	0
consensus	2	NA	1	0	2.32	0	0
consent	12	NA	1	0	2.08	0	0
consequence	40	NA	1	0	2.64	0	0
consequent	2	NA	1	0	1.83	0	0
consequential	1	NA	1	0	1.86	0	0
consequently	6	NA	1	0	1.69	0	0
conservancy	4	NA	1	1		0	0
conservation	67	NA	1	0	2.41	0	0
conservationist	20	NA	1	0	3.17	0	0
conservative	36	NA	1	1	1.96	0	1
conservatory	2	NA	1	0	4.24	0	0
conserve	20	NA	1	0	1.96	0	0
conserves	1	NA	1	0		0	0
consider	134	NA	1	0	1.68	0	0
considerable	17	NA	1	0	2.14	0	0
considerably	3	NA	1	0	1.62	0	0
consideration	9	NA	1	0	1.86	0	0
consist	109	NA	1	0	2.07	0	0
consistency	4	NA	1	0	2.55	0	1
consistent	7	NA	1	0	2.21	0	0
consistently	4	NA	1	0	2.04	0	0
console	3	NA	1	0	3.86	0	0
consolidate	2	NA	1	0	2.72	0	0
conspicuous	6	NA	1	0	1.89	0	0
conspiracy	2	NA	1	0	1.76	0	0
conspirator	1	NA	1	0	2.37	0	0
constable	4	NA	1	1	4.54	0	0
constant	54	NA	1	0	2.04	0	0
constantinou	1	NA	1	0		0	0
constantly	35	NA	1	0	2.21	0	0
constituency	1	NA	1	0	2.56	0	0
constituent	5	NA	1	0	3.12	0	1
constitute	13	NA	1	0	2.13	0	0
constitution	7	NA	1	0	3.23	0	0
constitutional	10	NA	1	0	1.93	0	0
constrain	1	NA	1	0	2.57	0	0
constraint	3	NA	1	0	2.93	0	0
constrict	3	NA	1	0	3.07	0	0
constriction	2	NA	1	0	3.00	0	1
construct	20	NA	1	0	2.60	0	1
construction	18	NA	1	0	3.72	1	0
consuelo	3	NA	1	1		0	0
consul	3	NA	1	0	3.36	0	0
consulate	3	NA	1	0	3.60	0	0
consult	4	NA	1	0	3.04	0	0
consultancy	4	NA	1	0	2.04	0	0
consultant	12	NA	1	0	3.97	0	0
consultation	2	NA	1	0	2.19	0	0
consume	61	NA	1	0	3.41	0	0
consumer	108	NA	1	0	3.57	2	3
consumption	58	NA	1	0	3.16	0	0
consumptive	1	NA	1	0	2.05	0	0
contact	77	NA	1	0	3.86	0	0
contactless	5	NA	1	0		0	0
contain	359	NA	1	0	2.74	0	0
container	14	NA	1	0	4.85	0	0
contaminate	15	NA	1	0	3.10	0	0
contamination	2	NA	1	0	2.70	0	0
contemplate	3	NA	1	0	1.71	0	0
contemplative	1	NA	1	0	1.78	0	0
contemporaries	1	NA	1	0		0	0
contemporary	24	NA	1	0	1.96	0	0
contempt	1	NA	1	0	1.82	0	0
contend	2	NA	1	0	2.07	0	0
contender	1	NA	1	0	3.00	0	1
content	57	NA	1	0	2.59	0	0
contentedness	1	NA	1	0	1.85	0	0
contention	1	NA	1	0	1.75	0	0
contentious	1	NA	1	0	1.78	0	0
contents	22	NA	1	0	3.65	0	0
contest	3	NA	1	0	3.52	0	0
context	19	NA	1	0	2.17	0	0
continent	23	NA	1	0	4.34	0	0
continental	6	NA	1	0	2.48	0	0
contingency	2	NA	1	0	2.03	0	0
continual	3	NA	1	0	2.30	0	0
continually	17	0	1	0	1.76	0	0
continuation	1	NA	1	0	2.36	0	0
continue	249	NA	1	0	2.36	0	0
continuity	2	NA	1	0	2.03	0	0
continuous	18	NA	1	0	2.11	0	0
continuously	17	NA	1	0	2.50	0	0
continuum	4	NA	1	0	2.36	0	0
contort	2	NA	1	0	3.35	0	0
contour	1	NA	1	0	3.24	0	0
contraceptive	1	NA	1	0	3.89	0	0
contract	107	NA	1	0	4.15	0	0
contractile	4	NA	1	0		0	0
contracting	6	NA	1	0		0	0
contraction	31	4	1	0	3.53	2	1
contractor	1	NA	1	0	4.20	0	0
contradict	2	NA	1	0	2.24	0	0
contrary	3	NA	1	0	1.56	0	0
contrast	58	NA	1	0	2.64	0	0
contribute	79	NA	1	0	2.13	0	0
contribution	22	NA	1	0	2.41	0	1
contributor	7	NA	1	0	3.60	0	2
contributory	1	NA	1	0	2.08	0	0
control	272	0	1	0	1.93	0	2
controversial	32	NA	1	0	1.53	0	0
controversially	2	NA	1	0	1.48	0	0
controversy	19	NA	1	0	2.29	0	0
conundrum	1	NA	1	0	1.93	0	0
convene	1	NA	1	0	2.79	0	0
convenience	4	NA	1	0	2.04	0	0
convenient	3	NA	1	0	1.85	0	0
convention	33	NA	1	0	3.28	0	0
conventional	30	NA	1	0	1.50	0	0
converge	1	NA	1	0	2.65	0	0
convergence	2	NA	1	0	2.20	0	1
convergent	6	NA	1	0	2.08	0	0
conversation	18	NA	1	0	3.28	0	0
conversational	1	NA	1	0	2.29	0	0
converse	1	NA	1	0	2.85	0	0
conversely	4	NA	1	0	1.70	0	0
conversion	8	NA	1	0	2.46	0	0
convert	69	0	1	0	2.73	0	4
convey	5	NA	1	0	1.72	0	0
convict	7	NA	1	0	4.11	0	0
conviction	5	NA	1	0	2.07	0	0
convince	26	NA	1	0	1.85	0	0
convincingly	3	NA	1	0	1.65	0	0
convoke	1	NA	1	0		0	0
convolute	1	NA	1	0	2.05	0	0
convulsion	2	NA	1	0	3.62	0	0
conyon	7	NA	1	1		0	0
cooh	2	NA	1	1		0	0
cook	25	NA	1	0	4.32	0	1
cooker	2	NA	1	0	4.22	0	0
cookie	8	NA	1	0	5.00	0	0
cooking	14	NA	1	0	4.19	0	0
cool	64	0	1	0	3.53	0	0
coolant	1	NA	1	0	4.25	0	0
cooler	16	NA	1	0	4.14	0	1
cooling	18	NA	1	0	3.03	0	0
cooperate	1	NA	1	0	1.87	0	0
cooperation	7	NA	1	0	2.03	0	0
cooperative	4	NA	1	0	2.50	0	0
coordinate	23	NA	1	0	2.36	0	0
coordination	9	NA	1	0	2.86	0	0
coordinator	3	NA	1	0	3.52	0	0
coors	3	NA	1	1		0	0
copacabana	3	NA	1	1		0	0
cope	13	NA	1	0	1.78	0	0
copenhagen	15	NA	1	1		0	0
copenhagener	2	NA	1	1		0	1
copernicium	3	NA	1	0		0	0
coping	2	NA	1	0	1.67	0	0
copper	7	NA	1	0	4.52	0	0
coprolite	1	NA	1	0		1	0
copse	1	NA	1	0		0	0
copulate	1	NA	1	0	3.13	0	0
copulation	2	NA	1	0	3.28	0	0
copulatory	1	NA	1	0		0	0
copy	77	NA	1	0	3.90	0	3
copying	4	NA	1	0		0	0
copyright	25	NA	1	0	3.04	0	0
coragyps	1	NA	1	0		0	0
coral	54	3	1	0	4.40	1	0
corbett	1	NA	1	0		1	0
corbyn	5	NA	1	1		0	0
cord	46	2	1	0	4.63	4	1
cordon	1	NA	1	0		0	0
cords	10	NA	1	0		0	0
core	30	0	1	0	3.96	0	0
cork	1	NA	1	0	4.86	0	0
corn	8	NA	1	0	4.96	1	0
cornell	5	NA	1	1		0	0
corner	10	NA	1	0	4.61	1	0
cornflakes	2	NA	1	0	4.82	0	0
cornice	1	NA	1	0		0	0
cornwall	2	NA	1	1		0	0
corolla	3	NA	1	0		1	0
coronavirus	1	NA	1	0		0	0
coronaviruses	3	NA	1	0		0	0
coroner	3	NA	1	0	4.34	0	0
corporate	9	NA	1	0	2.27	0	0
corporation	21	0	1	0	2.79	0	0
corporatized	1	NA	1	0		0	0
corps	1	NA	1	0	3.43	0	0
corpse	4	NA	1	0	4.89	0	0
corpus	16	NA	1	0		0	0
corral	1	NA	1	0	4.54	0	0
correa	3	NA	1	1		0	0
correct	49	NA	1	0	2.59	0	0
correction	1	NA	1	0	3.00	0	0
correctly	24	NA	1	0	2.07	0	0
correlate	8	NA	1	0	1.63	0	0
correlation	1	NA	1	0	2.04	0	0
correspond	24	NA	1	0	2.27	0	0
correspondence	4	NA	1	0	3.35	0	1
correspondent	1	NA	1	0	3.44	0	0
corridor	5	NA	1	0	4.72	0	0
corroborate	2	NA	1	0	1.76	0	0
corrosive	3	NA	1	0	3.30	0	0
corrugate	2	NA	1	0	3.17	0	0
corrupt	7	NA	1	0	2.03	0	0
corruption	14	NA	1	0	2.39	0	0
cortex	35	3	1	0	3.79	2	0
cortical	2	NA	1	0		0	0
corticosteroid	2	NA	1	0		0	0
corticosterone	1	NA	1	0		0	0
cortisol	3	NA	1	0		0	0
cortisone	2	NA	1	0	3.65	0	0
cory	2	NA	1	1		0	0
corynorhinus	1	NA	1	0		0	0
cos	1	NA	0	0		0	0
cosmetic	3	NA	1	0	2.96	0	0
cosmic	6	NA	1	0	2.76	0	0
cost	105	NA	1	0	2.50	0	2
costa	25	NA	1	1		0	0
costal	4	NA	1	0		0	0
costing	4	NA	1	0	2.85	0	0
costly	8	NA	1	0	2.07	0	0
costs	55	NA	1	0		0	0
costume	6	NA	1	0	4.57	0	0
cosy	2	NA	1	0		0	0
cottesloe	1	NA	1	0		0	0
cotton	8	NA	1	0	4.97	0	0
cotyledon	11	6	1	0		1	0
couldn	28	0	1	0		0	0
couldnt	14	NA	1	0		0	0
coulomb	2	NA	1	0		0	0
council	39	NA	1	0	2.73	0	0
councillor	9	NA	1	0		0	2
councilwoman	3	NA	1	0	4.59	0	0
counsel	3	NA	1	0	2.48	0	1
counselling	11	NA	1	0		0	0
counsellor	8	NA	1	0		0	1
count	28	0	1	0	3.00	0	0
counter	11	NA	1	0	4.17	0	0
countercurrent	2	NA	1	0	2.44	0	0
counterfeit	2	NA	1	0	3.64	0	0
counterintuitive	2	NA	1	0	1.76	0	0
counterpart	4	NA	1	0	2.63	0	0
counterproductive	3	NA	1	0	2.36	0	0
countervail	1	NA	1	0		0	0
counting	3	NA	1	0	3.57	0	0
countless	13	NA	1	0	1.72	0	0
country	553	0	1	0	4.17	1	4
countryside	12	NA	1	0	4.48	0	0
county	7	NA	1	1	4.04	0	0
coup	2	NA	1	0	3.00	0	0
couple	78	0	1	0	3.93	0	0
coupling	1	NA	1	0	3.29	0	0
courage	5	NA	1	0	1.52	0	0
courageous	4	NA	1	0	2.00	0	0
courgette	3	NA	1	0		0	0
course	132	0	1	0	3.82	0	0
coursework	1	NA	1	0	3.96	0	0
coursing	1	NA	1	0	1.96	0	0
court	87	0	1	0	4.31	0	0
courtesy	1	NA	1	0	1.77	0	0
courting	2	NA	1	0		0	0
courtney	1	NA	1	0		0	0
courtship	1	NA	1	0	2.52	0	0
courtyard	6	NA	1	0	4.57	0	0
cousin	5	0	1	0	3.70	0	0
covalent	35	NA	1	0		0	0
covalently	6	NA	1	0		0	0
coventry	1	NA	1	0		1	0
cover	114	0	1	0	4.23	0	2
coverage	15	NA	1	0	2.70	0	0
covering	16	NA	1	0	3.46	0	3
covid	2	NA	1	0		0	0
cow	5	NA	1	0	4.96	0	0
cowpox	1	NA	1	0	4.18	0	0
cows	10	NA	1	0		0	0
cox	4	NA	1	1		0	0
coyote	2	NA	1	0	4.96	0	0
cpan	2	NA	1	1		0	0
crab	3	NA	1	0	4.90	0	0
crabs	10	NA	1	0		0	0
crack	11	NA	1	0	4.53	0	0
cracking	5	NA	1	0	3.80	0	0
craft	11	NA	1	0	3.48	0	0
craig	20	1	1	1		1	0
craigs	1	NA	1	0		0	0
cram	4	NA	1	0	2.71	0	0
cramp	7	NA	1	0	4.09	0	0
crane	1	NA	1	0	4.68	0	0
cranfield	1	NA	1	0		0	0
cranial	6	NA	1	0	3.50	0	0
craniate	3	NA	1	0		1	0
craniosacral	1	NA	1	0		0	0
cranium	2	NA	1	0	4.50	0	0
crash	24	NA	1	0	3.79	0	0
crassa	1	NA	1	0		0	0
crate	1	NA	1	0	4.93	0	0
crater	15	NA	1	0	4.61	0	0
crave	1	NA	1	0	2.52	0	0
crawl	3	NA	1	0	4.27	0	0
crawlies	6	NA	1	0		0	0
crawling	6	NA	1	0	4.47	0	0
crayfish	6	NA	1	0	4.93	1	0
craze	4	NA	1	0	2.04	0	0
crazily	3	NA	1	0	1.85	0	0
crazy	24	0	1	0	2.37	0	0
crches	2	NA	1	0		0	0
crcr	2	NA	1	1		0	0
crcw	2	NA	1	1		0	0
cream	37	NA	1	0	4.83	0	0
create	365	0	1	0	2.62	0	0
creation	14	NA	1	0	2.15	0	1
creative	20	NA	1	0	1.93	0	0
creatively	4	NA	1	0	2.00	0	0
creativity	7	NA	1	0	1.80	0	0
creator	15	NA	1	0	3.07	0	0
creature	34	NA	1	0	4.07	0	0
credentials	3	NA	1	0	3.43	0	0
credibility	4	NA	1	0	2.29	0	0
credit	27	0	1	0	2.71	0	0
creditor	2	NA	1	0	3.37	0	1
credits	4	NA	1	0		0	0
creep	1	NA	1	0	3.38	0	0
creepiness	1	NA	1	0	1.61	0	0
creeping	2	NA	1	0	3.04	0	0
creeps	3	NA	1	1		0	0
creepy	14	NA	1	0	2.33	0	0
crenate	1	NA	1	0		0	0
crescent	2	NA	1	0	4.04	0	0
crest	1	NA	1	0	4.52	0	0
cretaceous	6	NA	1	1	2.50	0	0
crew	30	NA	1	0	4.36	1	0
cri	2	NA	1	0		0	0
crick	6	NA	1	1		0	0
cricket	3	NA	1	0	4.77	0	0
crime	40	0	1	0	3.03	0	0
criminal	53	NA	1	0	3.48	0	0
criminality	3	NA	1	0	1.87	0	0
criminalize	3	NA	1	0	2.21	0	0
criminologist	3	NA	1	0	3.60	0	0
criminology	3	NA	1	0	2.83	0	0
crinoidea	2	NA	1	1		0	0
crisis	141	NA	1	0	2.33	0	0
crisp	3	NA	1	0	3.69	0	0
crispr	4	NA	1	1		1	0
criss	1	NA	1	0		0	0
crist	2	NA	1	1		0	0
cristae	5	NA	1	0		1	0
cristata	1	NA	1	0		0	0
cristbal	1	NA	1	0		0	0
cristina	1	NA	1	0		0	0
criterion	10	NA	1	0		0	0
critic	27	NA	1	0	3.55	0	0
critical	51	NA	1	0	2.14	0	0
critically	10	NA	1	0	1.93	0	0
criticism	27	NA	1	0	2.07	0	0
criticize	55	NA	1	0	2.03	0	0
crocodile	6	NA	1	0	4.83	0	0
crocodilia	4	NA	1	1		0	0
crocodilian	2	NA	1	0		0	0
crohn	1	NA	1	0		0	0
crook	1	NA	1	0	3.79	0	0
crooner	2	NA	1	0	3.48	0	0
crop	108	NA	1	0	4.24	0	2
croplands	1	NA	1	0		0	0
cross	103	NA	1	0	4.44	1	0
crossbreed	3	NA	1	0	3.04	0	0
crosse	19	NA	1	0		0	0
crossing	10	NA	1	0	3.42	0	0
crossover	18	NA	1	0	2.65	1	0
crossroads	2	NA	1	0	4.67	0	1
crowd	50	NA	1	0	4.52	0	0
crowdfunder	2	NA	1	0		0	1
crowdfunding	14	NA	1	0		0	0
crowding	4	NA	1	0		0	0
crown	4	0	1	0	4.81	0	0
crucial	20	NA	1	0	2.08	0	0
crucially	2	NA	1	0	1.76	0	0
cruciata	1	NA	1	0		0	0
crude	6	NA	1	0	1.96	0	0
cruel	7	NA	1	0	2.11	0	0
cruise	10	NA	1	0	4.03	0	0
cruiser	1	NA	1	0	3.78	0	0
crumb	1	NA	1	0	4.80	0	0
crumble	4	NA	1	0	4.04	0	0
crunchy	1	NA	1	0	3.81	0	0
crush	4	NA	1	0	3.90	0	0
crushing	1	NA	1	0	3.71	0	0
crust	8	0	1	0	4.59	0	0
crust's	1	NA	1	0		0	0
crustacea	1	NA	1	0		0	0
crustacean	22	NA	1	0	4.66	0	0
cruzi	2	NA	1	0		0	0
cry	10	NA	1	0	4.00	0	0
cryo	2	NA	1	0		0	0
cryogenically	1	NA	1	0		0	0
cryptic	1	NA	1	0	2.36	0	0
cryptofauna	2	NA	1	0		1	0
crystal	13	NA	1	0	4.58	0	0
crystalline	1	NA	1	0	3.16	0	0
crystallography	3	NA	1	0		0	0
csc	6	NA	1	1		0	0
csf	3	NA	1	1		0	0
csi	1	NA	1	0		0	0
csp	3	NA	1	1		0	0
ctenidium	6	2	1	0		1	0
ction	3	NA	1	0		0	0
cub	5	NA	1	0	4.67	0	0
cuba	15	NA	1	1		0	0
cuban	21	NA	1	1		0	0
cube	4	NA	1	0	4.62	0	0
cubic	4	NA	1	0	2.97	0	0
cubicle	7	NA	1	0	4.83	0	0
cubiclizing	1	NA	1	0		0	0
cubozoa	3	NA	1	1		0	0
cubozoans	3	NA	1	0		0	0
cuckoo	1	NA	1	0	4.42	0	0
cucumber	10	NA	1	0	4.83	0	0
cuddly	5	NA	1	0	2.93	0	0
cue	3	NA	1	0	3.31	0	0
cuisine	7	NA	1	0	3.70	0	0
cul	1	NA	1	0		0	0
cull	14	NA	1	0		0	0
culminate	4	NA	1	0	2.03	0	0
culmination	2	NA	1	0	1.96	0	0
culpability	1	NA	1	0	2.00	0	0
culpable	1	NA	1	0	1.61	0	0
cult	19	NA	1	0	2.71	0	0
culti	1	NA	1	0		0	0
cultivate	10	NA	1	0	3.14	0	0
cultivation	1	NA	1	0	3.13	0	0
cultural	59	NA	1	0	2.10	0	0
culture	75	NA	1	0	2.04	0	1
culty	4	NA	1	0		0	0
cumberbatch	3	NA	1	1		0	0
cumbersome	1	NA	1	0	2.50	0	0
cumulative	4	NA	1	0	2.29	0	0
cumulonimbus	3	NA	1	0		0	0
cumulus	1	NA	1	0	3.56	0	0
cuneiform	1	NA	1	0		0	0
cunion	3	NA	1	1		0	0
cup	61	NA	1	1	5.00	0	0
curate	1	NA	1	0	2.42	0	0
curative	1	NA	1	0	1.70	0	0
curator	3	NA	1	0	3.81	0	1
curb	4	NA	1	0	4.68	0	0
cure	27	NA	1	0	2.41	0	0
curfew	1	NA	1	0	2.73	0	0
curing	1	NA	1	0	2.64	0	0
curiosity	12	NA	1	0	1.61	0	0
curious	11	NA	1	0	1.75	0	0
curitiba	3	NA	1	1		0	0
curl	1	NA	1	0	4.38	0	0
curly	2	NA	1	0	4.41	0	0
currency	8	NA	1	0	4.25	0	0
current	108	2	1	0	3.16	1	0
currently	50	NA	1	0	2.14	0	0
curriculum	1	NA	1	0	3.23	0	0
currie	9	NA	1	1		0	0
curry	9	NA	1	0	4.84	0	0
curse	3	NA	1	0	2.39	0	0
curtail	1	NA	1	0	2.76	0	0
curvature	2	NA	1	0	2.93	0	0
curve	32	NA	1	0	4.41	2	1
cushing	1	NA	1	0		0	0
cushion	3	NA	1	0	4.68	0	0
cusp	1	NA	1	0	2.74	0	0
custody	7	NA	1	0	3.03	0	0
custom	2	NA	1	0	2.68	0	0
customary	2	NA	1	0	1.85	0	0
customer	155	NA	1	0	3.82	0	0
customization	3	NA	1	0		0	0
customize	4	NA	1	0	2.93	0	0
customs	4	NA	1	1	2.82	0	0
cut	98	0	1	0	4.55	0	0
cutaneous	5	NA	1	0		0	0
cute	10	0	1	0	2.76	0	0
cuticle	14	NA	1	0	4.94	0	0
cuticular	1	NA	1	0		0	0
cutlery	4	NA	1	0	4.75	0	0
cutting	19	NA	1	0	4.11	0	0
cuttlefish	4	NA	1	0	4.23	0	0
cwcw	2	NA	1	1		0	0
cwm	2	NA	1	1		1	0
cyanea	1	NA	1	0		0	0
cyanide	3	NA	1	0	4.32	0	0
cyanobacteria	24	NA	1	0		0	0
cyanobacterium	3	NA	1	0		0	0
cyanocitta	1	NA	1	0		0	0
cyber	2	NA	1	0		0	0
cyberspace	4	NA	1	0	2.54	0	0
cycad	5	3	1	0		1	0
cycadophyta	1	NA	1	0		0	0
cycle	291	1	1	0	3.64	13	2
cycler	1	NA	1	0		0	0
cyclic	1	NA	1	0	2.70	0	0
cyclical	1	NA	1	0	2.25	0	0
cycling	17	NA	1	0	4.24	0	1
cyclone	12	NA	1	0	4.48	0	0
cyclooxygenase	1	NA	1	0		0	0
cyclosporine	1	NA	1	0		0	0
cylinder	4	NA	1	0	4.64	0	2
cylindrical	7	NA	1	0	3.54	0	0
cymbal	1	NA	1	0	4.92	0	0
cynic	2	NA	1	0	2.64	0	0
cynical	2	NA	1	0	1.64	0	0
cynicism	8	NA	1	0	1.78	0	0
cynthia	6	1	1	1		1	0
cypress	2	NA	1	0	4.76	0	0
cypriot	3	NA	1	1		0	0
cyprus	9	NA	1	1		0	0
cyst	3	NA	1	0	4.23	0	1
cysteine	1	NA	1	0		0	0
cystic	1	NA	1	0		0	0
cyto	1	NA	1	0		0	0
cytochrome	5	NA	1	0		0	0
cytogeneticist	1	NA	1	0		0	0
cytogenetics	1	NA	1	0		0	0
cytokine	22	3	1	0		2	1
cytokinesis	18	3	1	0		3	1
cytologist	2	NA	1	0		0	0
cytopathic	2	NA	1	0		0	0
cytoplasm	60	5	1	0	3.64	2	1
cytoplasmic	15	NA	1	0		0	0
cytosine	10	NA	1	0		0	0
cytoskeletal	2	NA	1	0		0	0
cytoskeleton	16	NA	1	0		1	0
cytosol	4	NA	1	0		1	0
cytotechnologist	1	NA	1	0		0	0
cytotechnologists	2	NA	1	0		0	0
cytotoxic	4	NA	1	0		0	0
czech	1	NA	1	0		0	0
d	16	0	0	0		0	0
daan	3	NA	1	1		0	0
dabble	1	NA	1	0	2.17	0	0
dad	3	0	1	0	4.29	0	0
daddy	1	0	1	0	4.24	0	0
daft	5	NA	1	1	2.42	0	0
dagger	2	NA	1	0	4.96	0	0
dahlgren	1	NA	1	0		0	0
daily	60	NA	1	0	3.15	0	0
dairy	6	NA	1	0	4.45	0	0
daisy	1	NA	1	0	5.00	0	0
dal	1	NA	1	0		0	0
dalibhunga	3	NA	1	1		0	0
dall	2	NA	1	1		0	0
dalton	9	NA	1	1		0	0
daltrey	6	NA	1	1		0	0
daly	1	NA	1	0		0	0
dam	17	NA	1	0	4.88	0	0
damage	113	0	1	0	3.20	0	0
damages	9	NA	1	0	3.12	0	0
damascene	1	NA	1	0		0	0
damascus	18	NA	1	1		1	0
dame	1	NA	1	0	3.73	0	0
damn	6	0	1	0	2.00	0	0
damon	3	NA	1	1		0	0
damp	7	NA	1	0	3.81	0	0
dan	8	NA	1	1		0	0
danae	3	NA	1	1		0	0
dance	17	0	1	0	4.32	1	0
dancer	5	NA	1	0	4.75	0	1
dancevic	14	NA	1	1		0	0
dancing	11	NA	1	0	4.30	0	0
dandelion	5	NA	1	0	5.00	0	0
dane	8	NA	1	1		0	0
danger	38	NA	1	0	2.68	0	0
dangerous	77	0	1	0	2.13	0	0
dangerously	5	NA	1	0	2.24	0	0
daniel	14	NA	1	1		0	0
danish	9	NA	1	1		0	0
danny	4	0	1	1		0	0
dant	1	NA	1	0		0	0
daphne	2	NA	1	1		0	0
daraya	1	NA	1	0		0	0
dare	4	NA	1	0	2.28	0	0
darfur	4	NA	1	1		0	0
daring	5	NA	1	0	1.71	0	0
dark	98	0	1	0	4.29	0	0
darken	2	NA	1	0	3.30	0	0
darkly	4	NA	1	0	2.15	0	0
darkness	12	NA	1	0	3.85	0	0
darth	10	NA	1	1		0	0
darw	1	NA	1	0		0	0
darwin	31	NA	1	1		0	1
das	4	NA	1	0		0	0
dash	1	NA	1	0	3.39	0	0
data	167	NA	1	0	3.93	0	0
database	23	NA	1	0	4.00	0	0
dataset	1	NA	1	0	3.74	0	0
date	54	0	1	0	3.90	0	0
dater	2	NA	1	0		0	0
dating	22	NA	1	0	2.32	0	0
dative	1	NA	1	0		0	0
daub	1	NA	1	0		0	0
daughter	96	0	1	0	4.79	0	0
daunt	4	NA	1	0	1.83	0	0
dauphin	1	NA	1	0		0	0
dave	6	NA	1	1		0	0
davey	1	NA	1	0		0	0
david	79	0	1	1		0	0
davos	2	NA	1	1		0	0
davy	5	1	1	1		1	0
dawn	3	NA	1	0	4.46	0	0
day	395	0	1	0	3.92	1	0
daylight	7	NA	1	1	4.10	0	2
days	173	0	1	0	3.36	0	0
daytime	5	NA	1	0	4.31	0	0
dazzle	3	NA	1	0	2.52	0	0
ddt	5	NA	1	1		1	0
deace	3	NA	1	1		1	0
deactivate	4	NA	1	0	3.00	0	0
dead	98	0	1	0	4.07	0	0
deadline	4	NA	1	0	2.66	0	1
deadly	7	NA	1	0	2.70	0	0
deadwood	1	NA	1	0	3.48	0	0
deafness	3	1	1	0	3.48	1	0
deal	82	0	1	0	3.10	1	0
dealer	15	NA	1	0	3.76	0	1
dealing	11	NA	1	0	2.37	0	0
dean	3	NA	1	1	4.45	0	1
death	178	0	1	0	3.73	1	1
debatable	1	NA	1	0	2.04	0	0
debate	39	NA	1	0	3.18	1	0
debilitate	4	NA	1	0	2.42	0	0
debit	6	NA	1	0	3.66	0	0
debris	2	NA	1	0	4.69	0	0
debt	16	NA	1	0	2.72	0	0
debunk	2	NA	1	0	2.07	0	0
debut	2	NA	1	0	1.83	0	0
decade	95	NA	1	0	3.19	0	0
decadence	1	NA	1	0	2.22	0	0
decarboxylation	1	NA	1	0		0	0
decay	29	NA	1	0	3.89	0	0
deceased	11	NA	1	0	3.97	0	0
deceive	2	NA	1	0	1.68	0	0
december	50	NA	1	1	3.00	0	0
decent	8	NA	1	0	2.04	0	0
decently	1	NA	1	0	1.66	0	0
decentralize	1	NA	1	0	1.84	0	0
deception	2	NA	1	0	1.86	0	0
deceptive	1	NA	1	0	1.78	0	0
decibel	6	NA	1	0	2.90	0	0
decide	96	0	1	0	1.92	0	0
deciding	4	NA	1	0		0	0
deciduous	13	NA	1	0		0	0
decimate	5	NA	1	0	2.65	0	0
decipher	5	NA	1	0	2.83	0	0
decision	138	NA	1	0	2.19	1	0
deck	2	NA	1	0	4.77	0	0
deckchairs	2	NA	1	0		0	0
declaration	3	NA	1	0	2.52	0	1
declare	15	NA	1	0	2.00	0	0
decline	109	NA	1	0	2.76	0	0
decode	6	NA	1	0	3.00	0	0
decoder	3	NA	1	0	3.56	0	0
decoding	1	NA	1	0		0	0
decompose	18	NA	1	0	3.00	0	0
decomposer	2	NA	1	0	2.83	1	0
decomposers	14	NA	1	0		0	0
decomposition	12	NA	1	0	3.10	0	0
decondense	4	NA	1	0		0	0
decondensed	2	NA	1	0		0	0
decongestant	2	NA	1	1	3.31	0	0
decorate	3	NA	1	0	3.40	0	0
decrease	75	NA	1	0	2.68	0	1
decree	1	NA	1	0	2.68	0	0
decrepit	1	NA	1	0	3.17	0	0
ded	1	NA	1	0		0	0
dedicate	12	NA	1	0	2.69	0	0
dedication	4	NA	1	0	2.16	0	0
deduce	4	NA	1	0	1.61	0	0
deduct	11	NA	1	0	2.31	0	0
deduction	5	NA	1	0	2.19	1	0
deductive	6	NA	1	0	1.33	0	0
dee	2	NA	1	1		0	0
deem	6	NA	1	0	2.10	0	0
deep	90	0	1	0	3.38	0	2
deepen	2	NA	1	0	3.20	0	0
deepening	4	NA	1	0	2.30	0	0
deeply	10	NA	1	0	2.00	0	0
deer	18	NA	1	0	4.86	0	0
deevey	1	NA	1	0		0	0
deezer	3	NA	1	1		0	0
defamatory	2	NA	1	0	1.44	0	0
defame	1	NA	1	0	1.81	0	0
default	4	NA	1	0	2.00	0	0
defeat	15	NA	1	0	2.96	0	0
defeated	3	NA	1	0	2.59	0	0
defecation	1	NA	1	0	4.16	0	0
defect	5	NA	1	0	2.48	0	0
defective	1	NA	1	0	2.56	0	0
defence	20	NA	1	0		0	0
defend	24	NA	1	0	2.31	0	0
defendant	4	NA	1	0	3.80	0	0
defender	1	NA	1	0	3.19	0	0
defense	23	NA	1	0	2.45	1	1
defensive	2	NA	1	0	2.07	0	0
deferens	3	NA	1	0		0	0
defi	1	NA	1	0		0	0
defiant	6	NA	1	0	2.07	0	0
deficiency	2	NA	1	0	2.07	0	0
deficient	2	NA	1	0	1.89	0	0
deficit	5	NA	1	0	2.21	0	0
define	44	NA	1	0	2.15	0	0
defining	8	NA	1	0		0	0
definite	1	NA	1	0	2.07	0	0
definitely	14	0	1	0	1.74	0	0
definition	8	NA	1	0	3.07	0	0
definitively	1	NA	1	0	1.97	0	0
deflate	1	NA	1	0	3.12	0	0
deflect	1	NA	1	0	3.25	0	0
deforestation	7	NA	1	0	3.41	0	0
defunct	6	NA	1	0	2.16	0	0
defy	1	NA	1	0	1.86	0	0
degenerate	7	0	1	0	2.04	0	0
degeneration	3	NA	1	0	2.17	1	0
degenerative	1	NA	1	0	2.15	0	0
degradation	14	NA	1	0	2.23	0	0
degrade	12	NA	1	0	1.64	0	1
degree	55	NA	1	0	3.00	0	3
dehesa	1	NA	1	0		0	0
dehydration	8	NA	1	0	3.52	0	0
dehydrogenase	1	NA	1	0		0	0
deity	1	NA	1	0	2.33	0	0
del	11	NA	1	1		0	0
delacourt	17	NA	1	1		1	0
delacourts	1	NA	1	0		0	0
delaware	1	NA	1	0		0	0
delay	33	NA	1	0	2.79	0	0
delegate	7	NA	1	0	3.07	0	0
delegation	2	NA	1	0	2.70	0	0
delete	11	NA	1	0	3.48	0	0
deleterious	2	NA	1	0		0	0
deletion	6	NA	1	0	2.80	0	0
delhi	13	NA	1	1		0	0
deli	3	NA	1	1	4.57	0	0
deliberate	1	NA	1	0	1.78	0	0
deliberately	1	NA	1	0	2.86	0	0
delicacy	1	NA	1	0	2.81	0	0
delicate	4	NA	1	0	2.30	0	0
deliciously	1	NA	1	0	2.04	0	0
delight	24	NA	1	0	2.30	0	0
delinquency	1	NA	1	0	2.32	0	0
delirium	1	NA	1	0	1.97	0	0
deliver	80	NA	1	0	3.12	0	0
delivery	14	0	1	0	3.69	0	0
dello	1	NA	1	0		0	0
delors	2	NA	1	1		0	0
delphine	1	NA	1	0		0	0
delta	6	NA	1	1	3.21	0	0
deluca	3	NA	1	1		0	0
delve	2	NA	1	0	2.32	0	0
demand	92	NA	1	0	2.20	0	0
dementia	3	NA	1	0	2.23	0	0
demo	1	NA	1	0	3.66	0	0
democracy	15	NA	1	0	1.78	0	0
democrat	10	NA	1	1	3.96	0	0
democratic	24	NA	1	1	1.74	0	0
democratize	1	NA	1	0	1.80	0	0
demographic	11	NA	1	0	2.48	0	0
demography	5	1	1	0	2.64	1	0
demolish	4	NA	1	0	3.46	0	0
demonstrate	45	NA	1	0	2.53	0	0
demonstration	25	NA	1	0	3.75	0	0
demonstrator	14	NA	1	0	4.00	0	0
demur	1	NA	1	0		0	0
denali	3	NA	1	1		0	0
denationalization	3	NA	1	0	1.67	0	0
denaturation	7	NA	1	0		1	0
denature	7	NA	1	0		0	0
dence	2	NA	1	0		0	0
dendrite	16	NA	1	0		1	0
dendritic	8	NA	1	0		0	0
dendrobatidis	3	NA	1	0		0	0
denigrate	1	NA	1	0		0	0
denitrification	5	1	1	0		1	0
denmark	7	NA	1	1		0	0
dennis	3	NA	1	0		0	0
denomination	7	NA	1	0	2.77	0	0
denote	4	NA	1	0	2.04	0	0
denounce	4	NA	1	0	1.83	0	0
dense	24	NA	1	0	3.14	0	0
densely	2	NA	1	0	2.23	0	0
density	49	NA	1	0	2.52	1	0
dent	2	NA	1	0	4.63	0	0
dentaliidae	1	NA	1	0		0	0
dential	1	NA	1	0		0	0
dentist	2	NA	1	0	4.93	0	0
deny	16	NA	1	0	2.20	0	0
deodorant	3	NA	1	0	5.00	0	0
deoxygenate	7	NA	1	0	2.40	0	0
deoxyribonucleic	4	0	1	0		0	0
deoxyribose	8	4	1	0		1	0
depart	1	NA	1	0	2.86	0	0
departed	3	NA	1	0	2.57	0	0
department	57	NA	1	0	3.30	0	0
departure	6	NA	1	0	3.07	0	0
depend	107	NA	1	0	1.89	0	0
dependence	4	NA	1	0	2.15	0	0
dependent	53	NA	1	0	2.32	0	0
depict	9	NA	1	0	2.13	0	0
depicting	1	NA	1	0		0	0
depiction	4	NA	1	0	2.31	0	0
deplete	17	NA	1	0	2.89	0	0
depletion	4	NA	1	0	2.38	0	0
deploy	4	NA	1	0	2.96	0	0
deployment	3	NA	1	0	2.90	0	0
depolarization	6	1	1	0		1	1
depolarize	1	NA	1	0	1.80	0	0
deport	2	NA	1	0	3.41	0	0
deposit	49	NA	1	0	3.92	0	1
deposition	4	NA	1	0	2.92	0	1
depot	1	NA	1	0	4.14	0	0
deprecate	1	NA	1	0	2.29	0	0
depreciation	1	NA	1	0	2.00	0	0
depredation	1	NA	1	0		0	0
depress	10	NA	1	0	2.29	0	0
depression	22	NA	1	0	2.39	0	0
deprivation	7	NA	1	0	1.96	0	0
deprive	1	NA	1	0	2.21	0	0
depth	33	NA	1	0	3.11	0	0
deputy	16	NA	1	0	4.07	0	0
derek	3	NA	1	1		0	0
derelict	6	NA	1	0	3.41	0	0
dereliction	1	NA	1	0		0	0
dergarabedian	9	NA	1	1		0	0
derivative	4	NA	1	0	1.93	0	0
derive	59	NA	1	0	2.00	0	0
deriving	1	NA	1	0		0	0
dermatitis	1	NA	1	0	3.92	0	0
dermatologist	1	NA	1	0	4.21	0	0
dermatophytes	2	NA	1	0		0	0
dermis	1	NA	1	0		0	0
dermos	1	NA	1	0		0	0
derrick	3	NA	1	1		0	0
des	8	NA	1	0		0	0
desaix	1	NA	1	0		0	0
desaki	6	NA	1	1		0	0
desalination	3	NA	1	0		0	0
descend	26	NA	1	0	3.18	0	0
descendant	7	NA	1	0	3.53	0	0
descendants	5	NA	1	0		0	0
descendent	1	NA	1	0	2.62	0	0
descent	25	NA	1	0	3.00	0	0
deschanel	3	NA	1	1		0	0
describe	242	NA	1	0	2.18	0	0
description	25	NA	1	0	2.43	0	1
descriptive	7	NA	1	0	2.20	0	0
desensitize	2	NA	1	0	1.89	0	0
desert	48	NA	1	0	4.86	1	3
deserti	1	NA	1	0		0	0
desertification	2	NA	1	0		0	0
deserts	28	NA	1	0		1	0
deserve	8	NA	1	0	1.69	0	0
desiccation	11	NA	1	0		0	0
design	82	NA	1	0	3.27	0	2
designate	6	NA	1	0	3.14	0	0
designation	1	NA	1	0	1.85	0	0
designer	28	NA	1	0	3.78	0	2
designing	4	NA	1	0	2.93	0	0
desirable	9	NA	1	0	1.92	0	0
desire	15	NA	1	0	1.70	0	0
desk	17	NA	1	0	4.87	0	0
desktop	2	NA	1	0	4.46	0	0
desmond	7	NA	1	1		0	0
desmosome	1	NA	1	0		1	0
desmosomes	4	NA	1	0		0	0
desolate	2	NA	1	0	2.17	0	0
despair	5	NA	1	0	2.21	0	0
desperate	6	NA	1	0	1.73	0	0
desperately	3	NA	1	0	1.96	0	0
desperation	3	NA	1	0	1.90	0	0
despite	90	NA	0	0	1.33	0	0
dessert	7	NA	1	0	4.93	0	0
destabilize	2	NA	1	0	2.04	0	0
destination	29	NA	1	0	3.82	0	0
destine	3	NA	1	0		0	0
destitution	2	NA	1	0	2.08	0	0
destroy	73	NA	1	0	3.08	0	0
destructans	2	NA	1	0		0	0
destruction	27	NA	1	0	3.21	0	0
destructive	9	NA	1	0	2.17	0	0
destructiveness	1	NA	1	0	2.16	0	0
detach	7	NA	1	0	2.90	0	0
detachment	2	NA	1	0	2.48	0	1
detail	77	NA	1	0	2.50	0	0
details	47	NA	1	0		0	0
detain	9	NA	1	0	2.74	0	0
detainee	2	NA	1	0	3.76	0	0
detect	36	NA	1	0	2.19	0	2
detection	13	NA	1	0	2.57	0	0
detective	4	NA	1	0	4.21	0	0
detector	5	NA	1	0	3.70	0	0
deter	13	NA	1	0	2.33	0	0
detergent	2	NA	1	0	4.77	0	0
deteriorate	10	NA	1	0	3.00	0	0
determinant	3	NA	1	0		0	0
determination	15	NA	1	0	1.70	1	0
determine	111	NA	1	0	2.13	0	1
determinedly	1	NA	1	0	1.93	0	0
determiner	1	NA	1	0	2.35	0	0
deterministic	1	NA	1	0		0	0
deterrent	3	NA	1	0	2.63	0	0
detest	1	NA	1	0	2.36	0	0
detonate	1	NA	1	0	3.19	0	0
detoxification	1	NA	1	0	2.50	0	0
detoxify	6	NA	1	0	1.84	0	0
detract	2	NA	1	0	1.73	0	0
detriment	1	NA	1	0	1.77	0	0
detrimental	5	NA	1	0	2.17	0	0
detrital	7	NA	1	0		0	0
detritivores	3	NA	1	0		0	0
detritus	2	NA	1	0		0	0
detroit	5	NA	1	1		0	0
deuteromycota	1	NA	1	0		0	0
deuterostome	3	NA	1	0		0	0
deuterostomes	8	NA	1	0		0	0
deutschmark	3	NA	1	1		0	0
devastate	22	NA	1	0	2.29	0	0
develop	273	NA	1	0	1.87	0	1
developer	8	NA	1	0	3.54	0	1
developing	99	NA	1	0		0	0
development	213	NA	1	0	2.41	0	3
developmental	11	NA	1	0	2.07	0	0
deviate	2	NA	1	0	2.10	0	0
deviation	1	NA	1	0	2.96	0	0
device	42	NA	1	0	3.97	0	1
devices	37	NA	1	0		0	1
devil	4	NA	1	0	3.41	1	0
devise	4	NA	1	0	2.00	0	0
devlin	1	NA	1	0		0	0
devoid	3	NA	1	0	1.85	0	0
devolution	10	NA	1	0		0	0
devolve	2	NA	1	0		0	0
devon	1	NA	1	0		0	0
devonian	4	NA	1	1		0	0
devote	4	NA	1	0	2.00	0	0
devotee	1	NA	1	0	2.86	0	0
devotion	3	NA	1	0	2.36	0	0
devour	2	NA	1	0	3.14	0	0
dgg	1	NA	1	0		0	0
dhaka	13	NA	1	1		0	1
dhakal	6	NA	1	1		0	0
dhia	1	NA	1	0		0	0
dhps	2	NA	1	0		0	0
diabetes	24	NA	1	0	3.83	0	0
diabetic	2	NA	1	0	3.38	0	0
diagnose	23	NA	1	0	1.92	0	0
diagnosis	10	1	1	0	2.63	2	0
diagnostics	1	NA	1	0	2.96	0	0
diagram	35	NA	1	0	4.36	0	1
dial	6	NA	1	0	4.52	0	0
dialogue	4	NA	1	0	3.00	0	0
dialysis	8	1	1	0	3.54	4	0
diameter	11	NA	1	0	4.03	0	1
diamond	7	NA	1	0	4.89	0	0
diana	1	NA	1	0		0	0
diane	2	NA	1	0		0	0
dianne	3	NA	1	1		0	0
diaphragm	25	2	1	0	3.93	1	0
diarist	1	NA	1	0		0	0
diarrhea	1	NA	1	0	4.52	0	0
diarrhoea	3	NA	1	0		0	0
diary	6	NA	1	1	4.50	0	1
diaspora	2	NA	1	0		0	0
diastole	4	2	1	0		1	0
diatom	2	NA	1	0		0	0
dic	1	NA	1	0		0	0
dichlorodiphenyltrichloroethane	1	NA	1	0		0	0
dichotomous	1	NA	1	0		0	0
dickens	1	NA	1	0		0	0
dickinson	2	NA	1	1		0	0
dicostanza	6	NA	1	1		0	0
dicot	5	5	1	0		1	0
dictate	2	NA	1	0	3.15	0	0
dictatorship	6	NA	1	0	2.77	0	0
didn	87	0	1	0		0	0
didnt	39	NA	1	0		0	0
die	188	0	1	0	3.07	0	1
diego	3	NA	1	1		0	0
diesel	14	NA	1	0	3.88	0	0
diet	64	NA	1	0	3.21	1	2
dietary	5	NA	1	0	2.52	0	0
dietetics	2	NA	1	0	2.68	0	0
dietitian	8	1	1	0	4.00	1	0
dif	23	NA	1	0		0	0
differ	28	NA	1	0	1.59	0	0
difference	185	0	1	0	2.15	0	2
different	581	0	1	0	1.97	0	0
differential	6	NA	1	0	2.36	0	0
differentiate	23	NA	1	0	1.54	0	0
differentiation	6	1	1	0	2.16	1	0
differently	11	NA	1	0	1.87	0	0
diffi	1	NA	1	0		0	0
difficult	167	0	1	0	2.21	0	0
difficultly	1	NA	1	0	2.04	0	0
difficulty	25	NA	1	0	1.90	0	0
diffraction	1	NA	1	0		0	0
diffuse	31	NA	1	0	2.46	0	0
diffusion	35	1	1	0	2.24	5	0
digest	43	NA	1	0	3.07	0	0
digester	1	NA	1	0	2.55	0	0
digestible	1	NA	1	0	2.85	0	0
digestion	53	1	1	0	3.66	4	0
digestive	79	NA	1	0	2.67	0	0
digger	2	NA	1	0	4.29	0	0
digging	14	NA	1	0	3.93	0	0
digit	2	NA	1	0	4.52	0	0
digital	89	NA	1	0	3.63	0	0
digitalis	3	NA	1	0		0	0
digitally	3	NA	1	0	2.96	0	0
digitize	11	NA	1	0	2.82	0	0
dignity	7	NA	1	0	2.03	0	0
digoxin	1	NA	1	0		0	0
digs	1	NA	1	0	4.36	0	0
dihybrid	5	NA	1	0		1	0
dike	1	NA	1	0	4.54	0	0
dilate	5	NA	1	0	3.46	0	0
dilator	1	NA	1	0		0	0
dilemma	5	NA	1	0	2.00	0	0
dilma	3	NA	1	1		0	0
dilute	8	NA	1	0	3.10	0	0
dim	2	NA	1	0	3.31	0	0
dime	3	NA	1	0	4.85	0	1
dimension	3	NA	1	0	2.50	0	0
dimensional	7	NA	1	0	2.12	0	0
dimer	6	NA	1	0		0	0
diminish	5	NA	1	0	2.50	0	0
diminutive	1	NA	1	0	2.57	0	0
dimitris	3	NA	1	1		0	0
dimmbl	3	NA	1	1		0	0
dimorphic	2	NA	1	0		0	0
din	1	NA	1	0		0	0
dinah	2	NA	1	1		0	0
dinahs	1	NA	1	0		0	0
dine	1	NA	1	0	3.37	0	0
diner	17	NA	1	0	4.82	0	0
dining	7	NA	1	1	3.75	0	0
dinner	12	0	1	0	4.50	0	0
dinoflagellate	6	NA	1	0		0	0
dinosaur	9	2	1	0	4.87	1	1
dinucleotide	1	NA	1	0		0	0
dioecious	7	NA	1	0		0	0
dion	3	NA	1	1		0	0
diorite	3	NA	1	0		0	0
dios	1	NA	1	0		0	0
dioscorea	1	NA	1	0		0	0
dioxide	132	NA	1	0	2.81	2	0
dip	7	NA	1	0	4.22	0	0
diphosphate	1	NA	1	0		0	0
diphyodont	1	NA	1	0		0	0
diphyodonts	1	NA	1	0		0	0
diploblast	1	NA	1	0		1	0
diploblastic	2	NA	1	0		0	0
diploblasts	2	NA	1	0		1	0
diploid	79	2	1	0		2	0
diplomat	2	NA	1	0	3.67	0	0
diplomatic	5	NA	1	0	1.86	0	0
diplontic	4	2	1	0		1	0
dire	8	NA	1	0	1.80	0	0
direct	65	NA	1	0	2.15	0	0
direction	46	2	1	0	2.79	1	0
directional	1	NA	1	0	2.07	0	0
directionally	2	NA	1	0	2.12	0	0
directive	14	NA	1	1	2.72	0	0
directly	74	NA	1	0	2.37	0	0
director	129	NA	1	0	4.04	0	8
directorate	2	NA	1	1		0	0
directory	4	NA	1	0	4.25	0	1
dirndorfer	3	NA	1	1		0	0
dirofilaria	1	NA	1	0		0	0
dirt	1	NA	1	0	4.86	0	0
dirty	12	NA	1	0	4.23	0	0
disability	10	NA	1	0	3.46	0	0
disaccharide	12	NA	1	0		0	3
disadvantage	12	NA	1	0	1.96	0	0
disagree	17	NA	1	0	2.77	0	0
disagreement	6	NA	1	0	2.97	0	0
disallow	1	NA	1	0	2.26	0	0
disappear	61	NA	1	0	2.86	0	0
disappearance	8	NA	1	0	2.40	0	1
disappearing	9	NA	1	0	2.56	0	0
disappoint	12	NA	1	0	1.89	0	0
disappointingly	3	NA	1	0	1.83	0	0
disappointment	5	NA	1	0	1.93	0	0
disassemble	1	NA	1	0	3.11	0	0
disaster	64	NA	1	0	3.07	0	0
disastrous	8	NA	1	0	2.32	0	0
disbelief	2	NA	1	0	1.89	0	0
disbelievingly	1	NA	1	0	1.54	0	0
disc	9	NA	1	0	4.85	0	0
discern	1	NA	1	0	1.96	0	0
discernible	1	NA	1	0	1.78	0	0
discharge	5	NA	1	0	3.83	0	0
discipline	16	NA	1	0	2.24	0	0
disclaim	1	NA	1	0	2.09	0	0
disclose	3	NA	1	0	2.37	0	0
disclosure	2	NA	1	0	2.18	0	0
discolor	1	NA	1	0	3.34	0	0
discomfort	7	NA	1	0	2.28	0	0
discontinuous	4	NA	1	0	2.40	0	0
discotheque	3	1	1	0		1	0
discount	2	NA	1	0	2.79	0	0
discourage	15	NA	1	0	1.90	0	0
discover	97	NA	1	0	2.37	0	0
discovery	57	NA	1	0	2.36	1	0
discredit	2	NA	1	0	2.28	0	0
discrepancy	1	NA	1	0	2.54	0	1
discrete	2	NA	1	0	2.41	0	0
discretion	3	NA	1	0	1.60	0	0
discriminate	3	NA	1	0	2.54	0	0
discrimination	7	NA	1	0	2.29	0	0
discus	21	NA	1	0		0	0
discuss	42	NA	1	0	3.17	0	0
discussion	33	NA	1	0	3.07	0	0
disdain	2	NA	1	0	1.83	0	0
disease	272	NA	1	0	3.45	0	9
diseased	5	NA	1	0	3.36	0	0
disengage	2	NA	1	0	2.69	0	0
disfigurement	2	NA	1	0	3.52	0	0
disgruntle	2	NA	1	0	2.67	0	0
disgust	14	NA	1	0	2.19	0	0
dish	16	NA	1	0	4.90	0	0
dishonestly	2	NA	1	0	2.12	0	0
disillusionment	2	NA	1	0	1.68	0	0
disinfect	3	NA	1	1	3.40	0	0
disinfectant	1	NA	1	0	4.11	0	0
disintegrate	2	NA	1	0	2.68	0	0
disintegration	2	NA	1	0	2.96	0	0
disjoint	2	NA	1	0	2.72	0	0
disk	13	NA	1	0	4.80	0	0
dislike	3	NA	1	0	1.70	0	0
dislodge	1	NA	1	0	3.69	0	0
disloyal	2	NA	1	0	1.64	0	0
disloyalty	2	NA	1	0	1.50	0	0
dismantle	7	NA	1	0	3.70	0	0
dismay	4	NA	1	0	2.29	0	0
dismiss	9	NA	1	0	2.39	0	0
disney	12	NA	1	1		0	0
disorder	41	NA	1	0	3.10	3	1
disparity	1	NA	1	0	1.78	0	0
dispatch	4	NA	1	0	2.93	0	0
dispensation	1	NA	1	0	2.00	0	0
dispense	10	NA	1	0	3.26	0	0
dispenser	7	0	1	0	3.84	0	0
dispersal	9	3	1	0	2.78	1	0
disperse	22	NA	1	0	2.85	0	0
displace	5	NA	1	0	2.57	0	0
displacement	1	NA	1	0	2.72	0	0
display	55	NA	1	0	3.86	0	0
disposable	3	NA	1	0	2.41	0	0
disposal	10	NA	1	0	2.89	0	1
dispose	8	NA	1	0	3.59	0	0
disproportionate	4	NA	1	0	1.87	0	0
disproportionately	3	NA	1	0	2.18	0	0
disprove	4	NA	1	0	2.59	0	0
disproven	3	NA	1	0	1.87	0	0
dispute	15	NA	1	0	2.90	0	0
disrupt	12	NA	1	0	2.45	0	0
disruption	9	NA	1	0	2.39	0	0
disruptive	1	NA	1	0	1.81	0	0
dissect	8	NA	1	0	3.21	0	0
disseminate	4	NA	1	0	2.19	0	0
dissemination	1	NA	1	0	1.92	0	0
dissent	1	NA	1	0	2.17	0	0
dissimilar	2	NA	1	0	2.00	0	0
dissipate	2	NA	1	0	3.07	0	0
dissipation	1	NA	1	0	2.52	0	0
dissociate	13	NA	1	0	1.62	0	1
dissolution	1	NA	1	0	1.82	0	0
dissolve	49	NA	1	0	3.15	0	2
dissolving	5	NA	1	0	3.22	0	0
distance	47	NA	1	0	3.17	0	1
distant	15	NA	1	0	2.75	0	0
distantly	5	NA	1	0	2.19	0	0
distasteful	4	NA	1	0	1.83	0	0
distension	1	NA	1	0	2.67	0	0
distillation	4	NA	1	0	3.11	0	0
distinct	52	NA	1	0	2.11	0	0
distinction	5	NA	1	0	2.08	0	0
distinctive	8	NA	1	0	1.61	0	0
distinctiveness	1	NA	1	0	2.18	0	0
distinctly	2	NA	1	0	1.93	0	0
distinguish	30	NA	1	0	2.20	0	0
distinguishable	4	NA	1	0	2.48	0	0
distract	3	NA	1	0	2.33	0	0
distress	4	NA	1	0	2.66	0	0
distribute	42	NA	1	0	2.77	0	0
distribution	58	NA	1	0	3.33	0	1
district	18	NA	1	0	3.29	0	0
distrust	2	NA	1	0	1.44	0	0
disturb	19	NA	1	0	3.04	0	1
disturbance	22	1	1	0	2.70	1	0
disturbingly	1	NA	1	0	1.85	0	0
disulfide	1	NA	1	0		0	0
disuse	2	NA	1	0		0	0
ditch	2	NA	1	0	4.50	0	0
dithering	2	NA	1	0		0	0
ditty	1	NA	1	0		0	0
diurnal	2	NA	1	0		0	0
diva	3	NA	1	0	3.64	0	0
dive	15	NA	1	0	4.03	0	0
diver	13	NA	1	0	4.69	0	0
diverge	9	NA	1	0	2.21	0	0
divergence	10	NA	1	0	2.15	0	0
divergent	7	NA	1	0	2.38	0	0
diverse	70	NA	1	0	2.24	0	0
diversification	3	NA	1	0	1.89	0	0
diversify	5	NA	1	0	1.97	0	0
diversity	107	3	1	0	2.28	5	0
divert	5	NA	1	0	2.86	0	0
divide	146	NA	1	0	2.86	0	2
diving	25	NA	1	0	4.13	0	0
division	148	2	1	0	2.80	3	12
divisive	1	NA	1	0	2.08	0	0
divorce	6	NA	1	0	3.25	0	0
divulge	2	NA	1	0	2.23	0	0
diwakar	2	NA	1	0		0	0
dizziness	1	NA	1	0	3.07	0	0
dizzy	7	0	1	0	2.59	0	0
djamena	1	NA	1	0		0	0
django	3	NA	1	1		0	0
dmitri	1	NA	1	0		0	0
dmitry	4	NA	1	1		0	0
dna	434	4	1	1		2	8
do	262	0	0	0	2.46	0	0
dobzhansky	4	NA	1	1		0	0
dock	4	NA	1	0	4.64	0	0
docking	1	NA	1	0	3.25	0	0
doctor	56	0	1	0	4.69	0	2
doctorow	2	NA	1	1		0	0
doctrine	2	NA	1	0	2.12	0	0
document	77	NA	1	0	4.41	1	0
documentary	21	NA	1	0	3.78	0	0
documentation	3	NA	1	0	3.55	0	0
docutel	1	NA	1	0		0	0
dodge	1	NA	1	0	3.69	0	0
dodger	2	NA	1	0	3.63	0	0
dodgy	1	NA	1	0	2.04	0	0
dodo	7	NA	1	0		0	0
doesn	94	0	1	0		0	0
doesn't	1	NA	1	0		0	0
doesnt	48	NA	1	0		0	0
dog	50	0	1	0	4.85	1	0
dogma	3	NA	1	0	1.79	0	0
doi	7	NA	1	0		0	0
dole	2	NA	1	0	2.57	0	0
dollar	35	0	1	0	4.93	0	0
dolly	9	NA	1	1	4.73	0	0
dolor	2	NA	1	1		0	0
dolphin	33	NA	1	0	4.96	0	0
domain	56	0	1	0	3.40	1	1
dome	1	NA	1	0	4.74	0	0
domenech	3	NA	1	1		0	0
domestic	42	NA	1	0	2.57	0	0
domesticate	5	NA	1	0	2.19	0	0
domestication	1	NA	1	0	1.64	0	0
dominance	13	NA	1	0	2.53	0	0
dominant	95	2	1	0	1.66	1	2
dominate	33	NA	1	0	2.12	0	0
dominic	4	NA	1	1		0	0
dominican	1	NA	1	0		0	0
don	272	0	1	0		0	0
don't	2	NA	1	0		0	0
donald	5	NA	1	1		0	0
donate	39	NA	1	0	2.88	0	0
donation	31	0	1	0	3.32	0	0
dong	3	NA	1	1		0	0
donkey	5	NA	1	0	5.00	0	0
donor	15	NA	1	0	3.54	0	1
dont	119	0	1	0		0	0
donts	1	NA	1	0		0	0
doolin	8	NA	1	1		0	0
doom	2	NA	1	1	1.50	0	0
doomed	6	NA	1	0	1.88	0	0
doomsday	2	NA	1	1	2.36	0	0
door	45	0	1	0	4.81	0	0
doorstep	3	NA	1	0	5.00	0	0
doorway	1	NA	1	0	4.75	0	0
dope	1	NA	1	0	3.00	0	0
doppler	1	NA	1	0		0	0
doris	3	NA	1	1		0	0
dorling	1	NA	1	0		0	0
dormancy	1	NA	1	0	1.76	0	0
dormant	6	NA	1	0	2.47	0	0
dormitory	1	NA	1	0	4.64	0	0
dorotocephala	1	NA	1	0		0	0
dorsal	18	0	1	0	4.07	0	0
dorsally	2	NA	1	0		0	0
dorset	2	NA	1	0		0	0
dorsum	1	NA	1	0		0	0
dory	3	NA	1	1		1	0
dos	2	NA	0	0		0	0
dosage	2	NA	1	0	4.07	0	0
dose	13	NA	1	0	3.85	0	0
dot	7	NA	1	0	4.12	0	1
double	104	NA	1	0	3.37	0	0
doubles	5	NA	1	0		0	0
doubling	3	NA	1	0	3.03	0	0
doubly	2	NA	1	0		0	0
doubt	22	NA	1	0	1.79	0	0
doubtful	2	NA	1	0	1.73	0	0
doudna	3	NA	1	1		0	0
dougal	2	NA	1	1		0	0
dough	1	NA	1	0	4.79	0	0
douglas	3	NA	1	0		0	0
douse	1	NA	1	0	3.27	0	0
douville	17	NA	1	1		0	0
dow	1	NA	1	0		0	0
down	435	0	0	0	3.52	0	0
downbeat	1	NA	1	0	2.64	0	0
downfall	2	NA	1	0	2.31	0	0
downgrade	1	NA	1	0	2.25	0	0
downhill	3	NA	1	0	3.97	0	0
downing	13	NA	0	1		0	0
download	74	NA	1	0	3.12	0	0
downloaders	2	NA	1	0		0	0
downplay	2	NA	1	0	2.23	0	0
downside	1	NA	1	0	2.00	0	0
downstream	1	NA	1	0	4.19	0	0
downton	32	NA	1	1		0	0
downtown	3	NA	1	0	4.39	0	0
downturn	4	NA	1	0	2.08	0	0
downward	3	NA	1	0	3.16	0	0
downwards	3	NA	1	0		0	0
downwind	1	NA	1	0	3.39	0	0
downy	4	NA	1	0		0	0
dowry	3	NA	1	0	3.29	0	0
dozen	19	NA	0	0	4.66	0	0
dozens	28	NA	1	0		0	0
draconian	1	NA	1	0	2.04	0	0
draft	21	NA	1	0	3.15	0	0
drag	7	NA	1	0	4.17	0	0
draghi	1	1	1	0		1	0
dragon	2	NA	1	0	4.39	0	0
drain	24	NA	1	0	4.61	0	0
drainage	3	NA	1	0	3.96	0	0
drainpipe	9	NA	1	0	4.86	0	0
drakeford	6	NA	1	1		0	0
drama	10	NA	1	0	2.34	0	0
dramatic	61	NA	1	0	2.12	0	0
dramatically	26	NA	1	0	1.59	0	0
drape	1	NA	1	0	4.50	0	0
drastically	1	NA	1	0	1.78	0	0
draught	1	NA	1	0	3.46	0	0
draw	46	NA	1	0	3.97	0	0
drawback	2	NA	1	0	2.52	0	0
drawbridge	2	NA	1	0	4.89	0	0
drawing	18	NA	1	0	4.60	0	0
dreadful	1	NA	1	0	2.23	0	0
dream	47	0	1	0	2.60	0	0
drei	3	NA	1	0		0	0
dreissena	1	NA	1	0		0	0
drengur	3	NA	1	1		0	0
drenthe	3	NA	1	1		0	0
dress	15	0	1	0	4.93	0	0
dressing	2	NA	1	0	4.03	0	0
drier	4	NA	1	0	3.69	0	0
drift	32	2	1	0	3.07	1	0
drifting	9	NA	1	0	2.93	0	0
drill	1	NA	1	0	4.40	0	0
drilling	7	NA	1	0	4.14	0	0
drink	49	0	1	0	4.76	0	0
drinkable	5	0	1	0	3.59	0	0
drinker	3	NA	1	0	3.32	0	1
drinking	25	NA	1	0	4.14	0	0
drip	3	NA	1	0	4.14	0	0
drive	78	0	1	0	3.86	0	1
driver	52	NA	1	0	4.71	0	0
driverless	23	NA	1	0	3.22	0	0
driving	38	0	1	0	3.96	0	0
droids	1	NA	1	0		0	0
dromgoole	2	NA	1	1		0	0
drone	40	NA	1	0	3.93	0	0
droop	3	NA	1	0	3.68	0	0
drop	86	0	1	0	4.21	0	0
dropdown	1	NA	1	0		0	0
droplet	5	NA	1	0	4.45	0	0
dropout	1	NA	1	0	3.52	0	0
droppings	11	NA	1	0	4.48	0	0
drosophila	9	1	1	1		1	0
drought	29	NA	1	0	3.74	0	0
drove	2	NA	1	0	3.71	0	0
drown	8	NA	1	0	3.93	0	0
drowsiness	1	NA	1	0	3.04	0	0
drug	215	NA	1	0	4.48	3	4
drum	11	NA	1	0	4.96	0	0
drumlin	12	NA	1	0		0	0
drummer	3	NA	1	0	4.44	0	0
drumming	6	NA	1	0	4.21	0	0
drunk	2	0	1	0	3.48	0	0
drunken	3	NA	1	0	3.30	0	0
drunkenness	6	NA	1	0	3.16	0	0
dry	64	NA	1	0	3.77	0	0
dryad	1	NA	1	0		1	0
dryness	4	NA	1	0	2.72	1	0
dual	3	NA	1	0	3.07	0	0
dub	3	NA	1	0	3.00	0	0
dubious	1	NA	1	0	1.52	0	0
dublin	2	NA	1	1		0	0
dubna	5	NA	1	1		0	0
dubnas	1	NA	1	0		0	0
dubuque	3	NA	1	1		0	0
duchess	20	NA	1	1	4.46	0	1
duckenfield	4	NA	1	1		0	0
duct	13	NA	1	0	4.74	0	0
dude	1	0	1	0	3.93	0	0
due	73	NA	0	0	3.21	0	0
dug	4	NA	1	0	4.00	0	0
dugesia	1	NA	1	0		0	0
duke	22	0	1	1	4.00	0	2
dull	2	NA	1	0	2.37	0	0
dumb	2	NA	1	0	2.36	0	0
dumbbell	1	NA	1	0	4.69	0	0
dump	2	NA	1	0	3.93	0	0
dumper	1	NA	1	0	3.48	0	0
dumping	6	NA	1	0	3.43	0	0
dumps	14	NA	1	0		0	0
dunbar	9	0	1	1		0	0
duncan	9	NA	1	1		0	0
dundas	6	NA	1	1		0	0
dundee	3	NA	1	1		0	0
dune	3	NA	1	1	4.46	0	0
dung	3	NA	1	0	4.64	0	0
dungeon	2	NA	1	1	4.32	0	0
dunman	3	NA	1	1		0	0
dunn	6	NA	1	1		0	0
dunworth	4	NA	1	1		0	0
duodenum	4	NA	1	0		0	0
duombo	1	NA	1	0		0	0
duplicate	21	NA	1	0	3.46	0	0
duplication	17	2	1	0	3.30	1	0
dura	2	NA	1	0		0	0
durability	1	NA	1	0	2.81	0	0
durable	1	NA	1	0	3.03	0	0
duran	16	NA	1	1		0	0
duration	3	NA	1	0	2.08	0	0
durban	3	NA	1	1		0	0
durham	1	NA	1	0		0	0
during	522	0	0	0	1.48	0	0
dusk	2	NA	1	0	4.24	0	0
dusseldorf	3	NA	1	1		0	0
dust	9	NA	1	0	4.40	0	0
dusty	27	NA	1	1	3.79	0	0
dutch	29	NA	1	1		0	0
duty	8	NA	1	0	2.19	0	0
dvd	9	NA	1	1		0	0
dwarf	10	NA	1	0	4.45	0	0
dwarfism	1	NA	1	0	3.89	0	0
dwayne	2	NA	1	1		0	0
dwell	1	NA	1	0	2.62	0	0
dweller	5	NA	1	0	3.50	0	0
dwelling	4	NA	1	0	4.14	0	0
dwindle	1	NA	1	0	2.25	0	0
dwindling	2	NA	1	0	2.40	0	0
dye	7	NA	1	0	4.58	0	0
dying	16	NA	1	0	3.16	0	0
dyke	3	NA	1	1	4.24	0	0
dylan	3	NA	1	1		0	0
dynamic	17	NA	1	0	2.44	0	1
dynamics	17	1	1	0	1.96	1	0
dynamism	3	NA	1	0		0	0
dynamite	3	NA	1	0	4.68	0	0
dynamo	2	NA	1	0	2.71	0	0
dyscalculia	3	NA	1	0		0	0
dysentery	3	NA	1	0	3.45	0	0
dysfunction	2	1	1	0	1.88	2	0
dyson	5	NA	1	1		0	0
dystopian	1	NA	1	0		0	0
dystrophy	1	NA	1	0		0	0
each	700	0	0	0	2.03	0	0
eager	6	NA	1	0	1.93	0	0
eagerly	2	NA	1	0	1.60	0	0
eagle	5	NA	1	0	5.00	0	0
ear	22	NA	1	0	5.00	1	0
eardrum	2	NA	1	0	4.58	0	1
eared	1	NA	1	0		0	0
earl	6	0	1	1	2.85	0	0
earlier	66	NA	1	0		0	0
earliest	17	NA	1	0		0	0
earlobe	1	NA	1	0	4.96	1	0
early	154	0	1	0	2.25	0	0
earmark	2	NA	1	0	3.07	0	0
earn	88	NA	1	0	2.39	0	0
earner	1	NA	1	0	3.70	0	0
earnest	2	NA	1	0	2.24	0	0
earnings	18	NA	1	0	4.39	0	0
earphone	6	NA	1	0	4.74	0	0
earpiece	1	NA	1	0	4.79	0	0
earth	250	0	1	1	4.80	2	2
earth's	19	0	1	1		0	0
earthquake	6	NA	1	0	3.97	0	0
earthworm	11	NA	1	0	4.89	1	0
ease	9	NA	1	0	2.32	0	1
easel	4	NA	1	0	4.97	0	0
easierfor	1	NA	1	0		0	0
easily	77	0	1	0	1.80	0	0
easing	2	NA	1	0	2.29	0	0
east	80	0	1	1	3.04	0	1
eastern	14	NA	1	1	3.11	0	0
eastward	2	NA	1	0	4.15	0	0
eastwest	1	NA	1	0		0	0
easy	126	0	1	0	2.07	0	0
eat	138	0	1	0	4.44	0	0
eater	6	NA	1	0	3.75	0	0
eatery	1	NA	1	0	4.48	0	0
eating	72	NA	1	0	4.14	1	0
eats	8	NA	1	0	3.79	0	0
ebay	6	NA	1	0	4.17	0	0
ebb	4	NA	1	0		0	0
eberhard	3	NA	1	1		0	0
ebola	6	1	1	1		1	0
ebon	4	NA	1	1		0	0
ebooks	3	NA	1	0		0	0
ecb	4	NA	1	1		0	0
ecdysis	1	NA	1	0		0	0
ecdysozoa	7	NA	1	1		0	0
ecdysozoan	1	NA	1	0		0	0
ecdysozoans	1	NA	1	0		0	0
ecg	2	NA	1	1		0	0
echidna	4	NA	1	0		0	0
echinacea	1	NA	1	0		0	0
echinoderm	14	NA	1	0		0	0
echinodermata	6	NA	1	1		1	0
echinoidea	2	NA	1	1		0	0
echinos	1	NA	1	0		0	0
echo	9	NA	1	0	3.64	0	0
echolocate	1	NA	1	0		0	0
echolocation	4	1	1	0		1	0
ecigarettedirect	4	NA	1	0		0	0
ecita	1	NA	1	0		1	0
eclipse	3	NA	1	0	4.17	0	0
eco	2	NA	1	0		0	0
ecobeaker	1	NA	1	0		0	0
ecocycle	1	NA	1	0		0	0
ecoli	1	NA	1	0		0	0
ecological	34	NA	1	0	2.62	0	0
ecologically	4	NA	1	0	2.37	0	0
ecologist	28	3	1	0	3.68	2	0
ecology	21	1	1	0	2.64	3	0
econom	1	NA	1	0		0	0
economic	86	NA	1	0	2.20	0	0
economically	11	NA	1	0	2.11	0	0
economics	6	NA	1	1	1.77	0	0
economist	3	NA	1	0	3.25	0	0
economize	1	NA	1	0	1.82	0	0
economy	84	1	1	0	2.57	1	2
ecosystem	226	NA	1	0	4.11	1	4
ecotourism	3	NA	1	0	2.30	0	0
ecstatic	2	NA	1	0	2.41	0	0
ect	6	NA	0	0		0	0
ective	1	NA	1	0		0	0
ectoderm	12	NA	1	0		0	0
ectomycorrhizae	1	NA	1	0		0	0
ectoparasitic	1	NA	1	0		0	0
ectotherm	5	NA	1	0		2	0
ectothermic	2	NA	1	0		0	0
ecuador	7	NA	1	1		0	0
eczema	7	NA	1	0	4.23	0	0
eddie	3	NA	1	0		0	0
eden	1	NA	1	0		0	0
edentata	1	NA	1	0		0	1
edge	30	0	1	0	4.24	0	0
edgehill	3	NA	1	1		0	0
edgware	1	NA	1	0		0	0
ediacaran	1	NA	1	0		0	0
edible	15	NA	1	0	3.55	0	0
edinburgh	23	1	1	1		1	0
edit	3	NA	1	0	3.28	0	0
editing	5	NA	1	0	3.17	0	0
edition	7	NA	1	0	3.21	0	0
editor	29	NA	1	0	4.25	0	0
edmondson	12	NA	1	1		0	0
edmonton	13	NA	1	1		0	0
edmund	2	NA	1	1		0	0
edu	1	NA	1	0		0	0
eduardo	3	NA	1	1		0	0
educate	19	0	1	0	2.12	0	0
education	120	NA	1	0	2.93	0	0
educational	11	NA	1	0	2.10	0	0
edward	8	NA	1	1		0	0
edwards	1	NA	1	0		1	0
eel	28	NA	1	0	4.69	0	0
eerily	1	NA	1	0	1.85	0	0
eets	1	NA	1	0		0	0
effect	141	1	1	0	1.80	7	1
effective	47	NA	1	0	2.04	0	0
effectively	19	NA	1	0	2.04	0	0
effectiveness	8	NA	1	0	2.07	0	0
effector	10	NA	1	0		0	0
effects	85	NA	1	0	2.83	0	1
efferent	2	NA	1	0		0	0
efficiency	13	NA	1	0	2.15	0	0
efficient	21	NA	1	0	1.82	0	0
efficiently	11	NA	1	0	1.78	0	0
effort	109	NA	1	0	2.33	2	2
efstratios	12	NA	1	1		0	0
egg	95	1	1	0	4.97	3	1
eggerud	3	NA	1	1		0	0
eggplant	1	NA	1	0	4.97	0	0
eggs	99	NA	1	0		0	2
eggshell	2	NA	1	0	4.77	0	0
egomaniac	2	NA	1	0	2.39	0	0
egotistical	1	NA	1	0	1.76	0	0
egret	1	NA	1	0		0	0
egypt	5	NA	1	1		0	0
egyptian	2	NA	1	0		0	0
egyptology	1	NA	1	0		0	0
ehrlich	2	NA	1	0		0	0
eichtinger	5	NA	1	1		0	0
eiffel	3	NA	1	1		0	0
eifuku	1	NA	1	0		0	0
eight	99	0	0	0	4.04	0	0
eighteenth	2	NA	1	0	3.64	0	0
eighth	9	NA	1	0	3.62	0	0
eileen	2	NA	1	1		0	0
einarsson	1	NA	1	0		0	0
einarssons	1	NA	1	0		0	0
eindhoven	3	NA	1	1		0	0
einundzwanzig	3	NA	1	0		0	0
either	123	0	0	0	1.81	0	0
eivind	3	NA	1	1		0	0
ejaculate	1	NA	1	0	4.31	0	0
ejaculation	4	NA	1	0	4.17	0	0
ejaculatory	2	NA	1	0	2.58	0	0
eject	4	NA	1	0	3.22	0	0
elaborate	11	0	1	0	2.68	0	0
elaborately	1	NA	1	0	2.15	0	0
elaine	4	NA	1	0		0	0
elapse	3	NA	1	0	2.04	0	0
elastic	3	NA	1	0	3.73	0	0
elbow	6	NA	1	0	5.00	1	0
eld	7	NA	1	0		1	0
elder	11	0	1	0	3.59	0	0
elderly	21	NA	1	0	3.68	0	0
eldest	1	NA	1	0	3.45	0	0
eleanor	3	NA	1	1		0	0
elearning	2	NA	1	0		0	0
elect	7	NA	1	0	2.41	0	0
election	45	0	1	0	3.17	0	0
electoral	6	NA	1	0	2.24	0	0
electric	101	NA	1	0	3.56	0	0
electrical	69	NA	1	0	3.39	0	0
electrically	9	NA	1	0	3.00	0	0
electricbikereview	2	NA	1	1		0	0
electrician	1	NA	1	0	4.21	0	0
electricity	79	0	1	0	3.90	1	0
electriicity	1	NA	1	0		0	0
electrobike	8	NA	1	1		0	0
electrocardiogram	3	NA	1	0	4.16	0	0
electrochemical	24	NA	1	0	2.76	0	0
electrode	6	NA	1	0	3.48	0	0
electrofishing	1	NA	1	0		0	0
electrolyte	6	NA	1	0	3.37	1	0
electromagnetic	13	NA	1	0	2.90	0	0
electron	194	1	1	0	2.96	2	1
electronic	46	NA	1	0	3.30	0	0
electronica	2	NA	1	0		0	0
electronically	3	NA	1	0	2.44	0	0
electronics	5	1	1	0	4.37	1	0
electrophoresis	4	NA	1	0		1	0
electroreception	2	NA	1	0		0	0
electrostatic	1	NA	1	0	3.36	0	0
elegans	3	NA	1	0		0	0
elegant	4	NA	1	0	2.31	0	0
elektron	1	NA	1	0		0	0
element	65	NA	1	0	3.63	1	1
elemental	3	NA	1	0	2.08	0	0
elementary	3	NA	1	0	2.24	0	0
elements	117	1	1	0		2	2
elena	1	NA	1	0		0	0
eleni	2	NA	1	1		0	0
elephant	10	NA	1	0	5.00	0	0
elevate	1	NA	1	0	3.37	0	0
elevated	6	NA	1	0	3.11	0	0
elevation	10	NA	1	0	3.79	0	0
eleven	9	NA	0	0	3.93	0	0
eleventh	3	NA	1	0	3.75	0	0
elicit	2	NA	1	0	1.73	0	0
eligibility	1	NA	1	0	1.88	0	0
eligible	2	NA	1	0	2.46	0	0
eliminate	25	0	1	0	2.77	0	0
elimination	9	NA	1	0	2.00	2	0
elin	5	NA	1	1		0	0
elion	2	NA	1	1		0	0
elite	9	NA	1	0	2.19	0	0
elitist	1	NA	1	0	2.42	0	0
elizabeth	22	NA	1	1		0	0
elk	2	NA	1	0	4.93	0	0
elle	3	NA	1	0		0	0
ellen	1	NA	1	0		0	0
elliott	2	NA	1	1		0	0
elm	5	NA	1	0	4.69	0	0
elmas	10	NA	1	1		0	0
elmass	1	NA	1	0		0	0
elmore	1	NA	1	0		0	0
elongate	10	NA	1	0	3.42	0	0
elongation	13	NA	1	0	2.68	0	1
els	2	NA	1	0		0	0
else	53	0	0	0	1.63	0	0
elsewhere	34	NA	0	0	1.89	0	0
elton	7	0	1	1		0	0
elucidate	1	NA	1	0		0	0
elucidation	1	NA	1	0		0	0
elude	1	NA	1	0	2.65	0	0
elusive	3	NA	1	0	1.90	0	0
elver	2	NA	1	0		0	0
elvis	6	NA	1	1		0	0
elys	2	NA	1	1		0	0
elyses	1	NA	1	0		0	0
emaciate	2	NA	1	0	2.52	0	0
email	38	0	1	0	4.69	0	0
emanate	1	NA	1	0	2.52	0	0
embargo	1	NA	1	0	3.00	0	0
embark	5	NA	1	0	2.48	0	0
embarrass	6	NA	1	0	2.14	0	0
embassy	7	0	1	0	3.96	0	0
embed	28	NA	1	0	2.88	0	0
emblazon	1	NA	1	0		0	0
emblem	3	NA	1	0	4.30	0	0
emblematic	1	NA	1	0	2.12	0	0
embody	4	NA	1	0	1.75	0	0
embrace	5	NA	1	0	3.38	0	0
embracing	1	NA	1	0	3.45	0	0
embryo	63	NA	1	0	4.61	1	0
embryogenesis	4	NA	1	0		0	0
embryological	5	NA	1	0	2.64	0	0
embryology	1	NA	1	0	2.23	0	0
embryonic	34	NA	1	0	2.83	0	0
emerald	2	NA	1	0	4.93	0	0
emerge	36	NA	1	0	2.27	0	0
emergence	2	NA	1	0	2.56	0	0
emergency	23	NA	1	0	2.41	0	0
emergent	4	NA	1	0	2.07	0	0
emigrate	1	NA	1	0		0	0
emigration	4	NA	1	0	2.70	0	0
emin	5	NA	1	1		0	0
eminem	2	NA	1	1		0	0
eminent	1	NA	1	0	2.03	0	0
emission	100	NA	1	0	3.33	1	0
emit	16	NA	1	0	3.22	0	0
emitter	2	NA	1	0	3.25	0	0
emma	2	NA	1	1		0	0
emmanuel	3	NA	1	1		0	0
emmanuelle	4	NA	1	0		0	0
emotion	6	NA	1	0	2.44	0	0
emotional	29	NA	1	0	2.00	0	0
empathetic	2	NA	1	0	1.93	0	0
empathize	1	NA	1	0	2.23	0	0
empathy	3	NA	1	0	1.63	0	0
emphasis	5	NA	1	0	2.12	0	0
emphasize	10	NA	1	0	2.00	0	0
emphasizing	3	NA	1	0		0	0
empire	14	0	1	1	3.00	0	0
empirical	2	NA	1	0	1.96	0	0
employ	49	NA	1	0	2.41	0	0
employee	79	NA	1	0	4.10	0	0
employer	45	NA	1	0	3.81	0	0
employment	12	NA	1	0	3.30	0	0
emporium	3	NA	1	1	3.86	0	0
empower	1	NA	1	0	2.00	0	0
empty	50	NA	0	0	3.43	0	0
emptying	2	NA	0	0		0	0
emulate	1	NA	1	0	2.37	0	0
emulsify	1	NA	1	0	2.72	0	0
enable	46	NA	1	0	2.03	0	0
enact	3	NA	1	0	2.22	0	0
encampment	1	NA	1	0	3.82	0	0
encase	7	NA	1	0	2.59	0	0
encephalartos	1	NA	1	0		0	0
enchant	4	NA	1	1	1.75	0	0
enclose	23	0	1	0	2.96	0	0
enclosing	1	NA	1	0		0	0
enclosure	3	NA	1	0	4.04	0	0
encode	31	NA	1	0	2.54	0	0
encoding	3	1	1	0		2	0
encompass	2	NA	1	0	2.23	0	0
encounter	31	NA	1	0	2.93	0	1
encourage	77	NA	1	0	2.61	0	0
encouragement	1	NA	1	0	1.96	0	0
encroach	1	NA	1	0	1.86	0	0
encrypt	2	NA	1	0	2.72	0	0
end	284	0	1	0	3.14	1	2
endanger	32	NA	1	0	1.96	0	0
endangerment	1	NA	1	0	1.89	0	0
endeavor	1	NA	1	0	2.21	0	0
endeavour	5	NA	1	0		0	0
endemic	17	NA	1	0		0	0
endergonic	10	NA	1	0		0	0
enders	5	NA	1	1		0	0
ending	34	NA	1	0	2.31	0	0
endless	5	NA	1	0	1.82	0	0
endo	2	NA	1	0		0	0
endocrine	42	NA	1	0	3.07	0	0
endocrinologist	8	1	1	0	3.86	2	0
endocrinology	1	NA	1	0	2.76	0	0
endocytosis	19	NA	1	0		4	0
endoderm	11	0	1	0		0	1
endomembrane	5	NA	1	0		0	0
endomembranous	1	NA	1	0		0	0
endometrial	4	NA	1	0		0	0
endometrium	12	NA	1	0		0	0
endonuclease	1	NA	1	0		0	0
endoparasitic	1	NA	1	0		0	0
endoplasmic	19	NA	1	0	3.12	0	0
endorse	2	NA	1	0	2.41	0	0
endorsement	2	NA	1	0	2.53	0	0
endoskeleton	9	NA	1	0	3.92	0	1
endosperm	2	NA	1	0		0	1
endosymbiont	1	NA	1	0		0	0
endosymbionts	1	NA	1	0		0	0
endosymbiosis	5	NA	1	0		1	0
endosymbiotic	14	NA	1	0		0	0
endotherm	2	NA	1	0		2	0
endothermic	7	NA	1	0		0	0
endotherms	1	NA	1	0		0	0
endothermy	1	NA	1	0		0	0
endowment	1	NA	1	0	2.89	0	0
endpoint	1	NA	1	0	3.26	0	0
endure	10	NA	1	0	2.00	0	0
enemy	17	NA	1	0	2.83	0	0
energ	1	NA	1	0		0	0
energe	1	NA	1	0		0	0
energetic	2	NA	1	0	2.83	0	0
energetically	2	NA	1	0	2.07	0	0
energize	4	NA	1	0	2.46	0	0
energy	643	3	1	0	3.11	3	5
enfant	1	NA	1	0		0	0
enforce	7	NA	1	0	2.40	0	0
enforcement	7	NA	1	0	2.48	0	0
engage	29	NA	1	0	2.07	0	0
engagement	4	NA	1	0	2.75	1	0
engine	26	NA	1	0	4.86	0	0
engine's	1	NA	1	0		0	0
engineer	70	NA	1	0	4.64	0	2
engineering	17	5	1	0	2.69	2	0
england	64	1	1	1		2	0
english	71	0	1	1		0	0
engorge	1	NA	1	0	2.80	0	0
engram	2	NA	1	0		0	0
enguene	3	NA	1	1		0	0
engulf	27	NA	1	0	2.88	0	1
engulfment	3	NA	1	0	2.69	0	1
enhance	30	NA	1	0	2.21	0	0
enhancement	1	NA	1	0	2.29	0	0
enhancer	5	NA	1	0	2.15	0	0
enjoy	72	0	1	0	2.29	0	0
enjoyable	8	NA	1	0	2.04	0	0
enjoyment	6	NA	1	0	2.17	0	0
enlarge	6	NA	1	0	3.17	0	1
enlargement	2	NA	1	0	3.38	0	0
enlightened	1	NA	1	0	1.52	0	0
enlightenment	1	NA	1	0	1.50	0	0
enormous	45	NA	1	0	2.90	0	0
enormously	4	NA	1	0	2.04	0	0
enough	249	0	0	0	1.33	0	0
enric	3	NA	1	1		0	0
enrich	2	NA	1	0	2.00	0	0
enrol	7	NA	1	0		0	0
enrolment	5	NA	1	0		0	0
ensue	1	NA	1	0	2.36	0	0
ensure	74	NA	1	0	1.68	0	0
entangle	1	NA	1	0	3.48	0	0
enter	138	NA	1	0	3.12	0	4
enterica	1	NA	1	0		0	0
entering	29	NA	1	0	3.52	0	0
enterobacteria	2	NA	1	0		0	0
enterprise	4	NA	1	0	2.04	0	1
enterprising	2	NA	1	0	1.86	0	0
entertain	4	NA	1	0	2.55	0	0
entertainer	1	NA	1	0	4.17	0	0
entertainment	6	NA	1	0	2.92	0	0
enthral	1	NA	1	0		0	0
enthuse	2	NA	1	0		0	0
enthusiasm	11	NA	1	0	2.34	0	0
enthusiast	1	NA	1	0	2.23	0	0
enthusiastic	5	NA	1	0	2.76	0	0
entice	3	NA	1	0	2.00	0	0
entire	97	0	1	0	2.03	0	0
entirely	33	NA	1	0	1.81	0	0
entirety	1	NA	1	0	3.07	0	1
entitle	9	NA	1	0	2.25	0	0
entitlement	2	NA	1	0	1.79	0	0
entity	12	NA	1	0	2.68	0	1
entomologist	1	NA	1	0	3.88	0	0
entomology	1	NA	1	0	2.87	0	0
entrance	2	NA	1	0	4.23	0	1
entrepreneur	29	0	1	0	3.07	0	2
entropy	6	NA	1	0		1	0
entrust	1	NA	1	0	2.16	0	0
entry	23	NA	1	0	3.62	0	0
entwine	1	NA	1	0	2.41	0	0
entwisle	6	NA	1	1		0	0
enucleate	2	NA	1	0		0	0
envelop	8	NA	1	0	3.56	0	0
envelope	43	NA	1	0	4.93	3	1
environment	359	NA	1	0	3.74	0	0
environmental	102	NA	1	0	2.63	0	0
environmentalist	11	NA	1	0	3.72	0	0
environmentally	6	NA	1	0	1.69	0	0
envisage	1	NA	1	0		0	0
envision	1	NA	1	0	2.38	0	0
envoy	3	NA	1	0	3.50	0	0
enzymatic	5	NA	1	0		0	0
enzymatically	1	NA	1	0		0	0
enzyme	210	2	1	0	3.57	4	7
eocene	1	NA	1	0		0	0
eohippus	1	NA	1	0		0	0
eoka	1	NA	1	0		0	0
eon	14	NA	1	1		0	0
eosinophil	2	NA	1	0		0	0
ephedra	5	NA	1	0		0	0
ephedrine	3	NA	1	0	3.08	0	0
epic	2	NA	1	0	2.19	0	0
epidemic	13	NA	1	0	3.23	1	0
epidemiologist	8	NA	1	0	3.58	0	0
epidemiology	3	1	1	1	2.70	1	0
epidermal	6	NA	1	0	3.56	0	0
epidermis	8	2	1	0	4.69	1	1
epididymis	2	NA	1	0		0	0
epigenetic	4	NA	1	0		0	0
epiglottis	2	NA	1	0		1	0
epilepsy	4	NA	1	0	3.29	0	0
epileptic	1	NA	1	0	3.10	0	0
epinephrine	8	NA	1	0	4.33	0	0
episode	12	NA	1	0	3.22	0	0
epistasis	7	5	1	0		1	0
epistatic	2	NA	1	0		0	0
epithelial	15	NA	1	0		0	0
epithelium	2	NA	1	0		0	0
epo	4	NA	1	1		0	0
epochal	1	NA	1	0		0	0
eptifibatide	1	NA	1	0		0	0
equal	44	NA	1	0	2.56	0	0
equality	16	NA	1	0	1.41	0	0
equally	35	NA	1	0	1.59	0	0
equate	1	NA	1	0	1.93	0	0
equation	9	NA	1	0	3.65	0	0
equator	12	NA	1	0	3.85	0	0
equatorial	7	NA	1	0	2.59	0	0
equilibrate	1	NA	1	0		0	0
equilibrium	29	1	1	0	2.62	3	1
equip	11	NA	1	0	2.81	0	0
equipment	38	NA	1	0	4.83	0	0
equisetum	2	NA	1	1		0	0
equitably	1	NA	1	0	2.08	0	0
equity	2	NA	1	0	2.22	0	0
equivalent	31	NA	1	0	2.57	0	1
equus	1	NA	1	0		0	0
era	21	NA	1	0	2.24	0	0
eradicate	4	NA	1	0	3.00	0	0
erasmus	1	NA	1	0		0	0
erdmann	20	NA	1	1		0	0
erdmanns	1	NA	1	0		0	0
erect	2	NA	1	0	3.74	0	0
erectile	3	NA	1	0	2.46	0	0
erecting	1	NA	1	0	3.20	0	0
ergosterol	1	NA	1	0		0	0
ergot	4	NA	1	0		0	0
ergotism	1	NA	1	0		1	0
eric	3	NA	1	1		0	0
erika	3	NA	1	1		0	0
eritrea	2	NA	1	1		0	0
erlich	1	NA	1	0		0	0
erm	3	NA	1	0		0	0
ernest	1	NA	1	0		0	0
erode	5	NA	1	0	3.24	0	0
eroding	1	NA	1	0	3.35	0	0
erosion	31	NA	1	0	3.83	0	0
err	1	NA	1	0		0	0
errand	5	NA	1	0	3.37	0	0
errant	1	NA	1	0	2.04	0	0
erratic	2	NA	1	0	1.73	0	0
erratum	2	NA	1	0		0	0
error	22	NA	1	0	2.68	0	0
erupt	12	NA	1	0	3.70	0	0
eruption	18	NA	1	0	3.56	0	0
erythematosus	3	NA	1	0		0	0
erythrocyte	2	NA	1	0		0	0
erythropoietin	2	NA	1	0		0	0
escalate	3	NA	1	0	2.39	0	0
escalation	2	NA	1	0	2.27	0	0
escape	55	NA	1	0	3.34	0	0
escherichia	5	NA	1	1		0	0
escort	2	NA	1	0	4.30	0	0
esh	1	NA	1	0		0	0
esophageal	1	NA	1	0	3.60	0	0
esophagus	17	2	1	0	4.59	2	0
espadrille	3	NA	1	0		0	0
especially	104	NA	1	0	1.28	0	0
espionage	2	NA	1	0	2.53	0	0
espresso	1	NA	1	0	4.41	0	0
essay	2	NA	1	0	3.97	0	0
essence	1	NA	1	0	1.66	0	0
essential	77	NA	1	0	1.52	0	1
essentially	14	NA	1	0	1.55	0	0
essex	6	NA	1	1		0	0
establish	44	NA	1	0	2.00	0	0
establishment	6	NA	1	0	3.48	0	0
estate	16	NA	1	0	4.11	0	1
esteem	1	NA	1	0	1.83	0	0
estefan	3	NA	1	1		0	0
ester	1	NA	1	0		0	0
estimate	145	NA	1	0	2.65	0	1
estonia	1	NA	1	0		0	0
estradiol	2	NA	1	0		0	0
estrogen	26	1	1	0	3.68	1	0
estuarine	3	NA	1	0		0	0
estuary	13	NA	1	0	4.17	1	0
etc	7	NA	1	0		0	0
etecsa	3	NA	1	1		0	0
ethanol	6	NA	1	0	4.61	0	0
ethical	20	NA	1	0	1.30	0	0
ethicist	1	NA	1	0	2.52	0	0
ethics	12	NA	1	0	2.28	0	0
ethiopia	22	1	1	1		1	0
ethiopian	22	NA	1	1		0	0
ethnicity	2	NA	1	0	2.60	0	0
ethyl	2	NA	1	0	4.04	0	0
etna	3	NA	1	1		0	0
etnoyer	1	NA	1	0		0	0
ets	1	NA	1	0		0	0
eu	1	NA	1	1		0	0
eucalyptus	1	NA	1	0	4.77	0	0
euchromatin	1	NA	1	0		0	0
eucoelomate	2	NA	1	0		0	0
eucoelomates	7	NA	1	0		0	0
eudicot	3	NA	1	0		0	0
eudicots	13	5	1	0		1	0
euglena	1	NA	1	0		0	0
eukarya	14	NA	1	1		0	1
eukaryota	1	NA	1	0		0	0
eukaryote	67	1	1	0		1	0
eukaryotic	103	NA	1	0		0	0
eumetazoa	1	NA	1	0		0	0
euploid	2	NA	1	0		1	0
euploids	1	NA	1	0		0	0
euploidy	1	NA	1	0		0	0
eurasia	2	NA	1	1		0	0
eurasian	8	NA	1	1		0	0
euro	14	NA	1	0	4.30	0	0
euromaidan	3	NA	1	1		0	0
europe	189	NA	1	1		0	0
european	102	NA	1	1		0	0
europol	10	NA	1	1		0	0
eutherian	12	NA	1	0		1	0
eutrophication	5	NA	1	0		1	0
evacuate	1	NA	1	0	3.30	0	0
evacuation	1	NA	1	0	3.44	0	0
evade	7	NA	1	0	2.67	0	0
evaluate	3	NA	1	0	1.85	0	0
evaluation	5	NA	1	1	3.00	0	0
evans	3	NA	1	1		0	0
evaporate	14	NA	1	0	3.29	0	0
evaporation	25	1	1	0	3.03	4	0
evaporative	1	NA	1	0		0	0
evapotranspiration	1	1	1	0		1	0
evasion	2	NA	1	0	2.46	0	0
eve	3	NA	1	1	2.70	0	0
even	543	0	0	0	2.79	0	0
evening	28	0	0	0	3.26	0	0
evenly	6	NA	1	0	2.63	0	0
event	164	NA	1	0	2.69	0	6
eventual	9	NA	1	0	1.81	0	0
eventually	71	NA	1	0	1.75	0	0
ever	122	0	0	0	1.48	0	0
everest	40	0	1	1		0	0
everett	1	NA	1	0		0	0
everglades	1	NA	1	0		0	0
evergreen	8	NA	1	0	4.00	0	0
eversheds	3	NA	1	1		0	0
evert	1	NA	1	0		0	0
every	324	0	0	0	2.28	0	0
everybody	22	0	0	0	3.13	0	0
everybodys	1	NA	1	0		0	0
everyday	10	NA	1	0	2.43	0	0
everyone	114	0	0	0	2.92	0	0
everyones	5	NA	1	0		0	0
everything	96	0	0	0	2.30	0	0
everywhere	28	NA	0	0	2.00	0	0
evict	3	NA	1	0	3.18	0	0
eviction	1	NA	1	0	3.13	0	0
evidence	157	0	1	0	3.65	0	1
evident	4	NA	1	0	2.04	0	0
evidently	1	NA	1	0	1.38	0	0
evo	2	NA	1	1		0	0
evobeaker	1	NA	1	0		0	0
evocative	1	NA	1	0	1.42	0	0
evoke	1	NA	1	0	2.36	0	0
evol	1	NA	1	0		0	0
evolution	174	1	1	0	2.61	5	1
evolutionarily	6	NA	1	0		0	0
evolutionary	118	NA	1	0	1.78	0	0
evolve	145	NA	1	0	1.96	0	0
exacerbate	4	NA	1	0	2.17	0	0
exact	18	NA	1	0	2.54	0	0
exactly	35	0	1	0	2.11	0	0
exaggerate	3	NA	1	0	2.23	0	0
exaggeration	2	NA	1	0	2.29	1	0
exam	7	NA	1	0	4.48	0	0
examination	5	NA	1	0	3.93	0	0
examine	55	NA	1	0	2.86	0	0
example	506	NA	1	0	3.03	2	8
exarcheia	2	NA	1	1		0	0
exasperate	2	NA	1	0	2.14	0	0
excavata	2	1	1	0		1	0
excavate	4	NA	1	0	3.79	0	0
excavation	10	NA	1	0	3.23	0	0
exceed	8	NA	1	0	1.76	0	1
exceedingly	2	NA	1	0	1.91	0	0
excel	2	NA	1	0	2.15	0	0
excellent	10	NA	1	0	2.11	0	0
except	47	0	0	0	1.48	0	0
exception	27	NA	1	0	1.85	0	1
exceptional	8	NA	1	0	2.34	0	0
excess	33	NA	1	0	2.50	0	0
excessive	7	NA	1	0	2.25	0	0
excessively	1	NA	1	0	2.15	0	0
exchange	68	NA	1	0	2.74	1	1
exchangeable	2	NA	1	0	2.56	0	0
exchequer	2	NA	1	1		0	0
excise	3	NA	1	0	2.48	0	0
excision	7	NA	1	0		0	0
excitation	3	2	1	0	2.21	2	0
excite	42	0	1	0	1.97	0	0
excitement	6	NA	1	0	2.48	0	0
exclude	15	NA	1	0	2.62	0	0
exclusion	4	NA	1	0	2.07	0	0
exclusive	19	NA	1	0	2.11	0	0
exclusively	14	NA	1	0	1.92	0	0
exclusivity	1	NA	1	0	1.65	0	0
excrement	7	NA	1	0	4.43	0	0
excrete	6	NA	1	0	2.89	0	0
excreting	1	NA	1	0		0	0
excretion	8	NA	1	0	3.31	0	0
excretory	9	0	1	0	2.89	0	0
excruciate	1	NA	1	0	2.17	0	0
excurrent	1	NA	1	0		0	0
excuse	2	0	1	0	2.29	0	0
exec	4	0	1	0		0	0
execute	2	NA	1	0	2.76	0	0
executing	1	NA	1	0		0	0
execution	2	NA	1	0	3.93	0	0
executive	97	NA	1	0	4.00	0	5
exemplify	1	NA	1	0	1.93	0	0
exemption	18	NA	1	0	2.17	1	0
exercise	59	0	1	0	3.87	0	0
exercising	3	NA	1	0		0	0
exergonic	10	NA	1	0		0	0
exert	6	NA	1	0	2.43	0	0
exertion	1	NA	1	0	2.44	0	0
exhalation	2	NA	1	0	3.58	0	0
exhale	7	NA	1	0	3.90	0	0
exhaust	8	NA	1	0	2.96	0	0
exhibit	60	NA	1	0	3.50	0	0
exhibition	17	NA	1	0	3.52	0	0
exibility	3	NA	1	0		0	0
exible	1	NA	1	0		0	0
exist	167	NA	1	0	2.38	0	0
existence	20	3	1	0	1.54	1	1
existent	2	NA	1	0	2.14	0	0
existential	1	NA	1	0	1.73	0	0
exit	20	NA	1	0	3.93	0	0
exmoor	3	NA	1	1		0	0
exocrine	8	NA	1	0		0	0
exocytosis	7	1	1	0		1	0
exodus	1	NA	1	0	2.59	0	0
exoenzymes	2	NA	1	0		0	0
exogenous	1	NA	1	0		0	0
exon	12	NA	1	0		1	0
exoskeleton	15	NA	1	0	4.90	0	0
exotic	20	NA	1	0	2.11	0	0
expand	34	NA	1	0	3.36	0	0
expanse	3	NA	1	0	2.68	0	0
expansion	13	NA	1	0	3.00	0	0
expansive	2	NA	1	0	2.27	0	0
expect	163	0	1	0	1.89	0	0
expectancy	25	NA	1	0	1.85	1	1
expectation	10	NA	1	0	1.62	0	1
expedition	4	NA	1	0	2.96	0	0
expel	14	NA	1	0	2.88	0	0
expelling	1	NA	1	0		0	0
expend	6	NA	1	0	1.73	0	0
expenditure	2	NA	1	0	2.76	0	0
expense	15	NA	1	0	2.57	0	0
expensive	102	NA	1	0	3.13	0	0
experience	216	0	1	0	1.80	0	0
experiment	120	0	1	0	3.38	1	1
experimental	20	NA	1	0	2.15	0	0
experimentally	5	NA	1	0	1.60	0	0
experimentation	6	NA	1	0	2.31	0	0
experimenter	2	NA	1	0	3.80	0	0
expert	103	NA	1	0	2.85	0	2
expertise	5	NA	1	0	1.64	0	0
expiration	1	NA	1	0	2.61	0	0
expire	2	NA	1	0	2.73	0	0
explain	68	0	1	0	1.97	0	0
explanation	48	1	1	0	1.87	1	1
explanatory	1	NA	1	0	1.71	0	0
explicit	2	NA	1	0	1.86	0	0
explicitly	4	NA	1	0	2.07	0	0
explode	12	NA	1	0	4.10	0	0
exploit	20	NA	1	0	1.68	0	1
exploitation	4	NA	1	0	1.70	0	0
exploration	21	NA	1	0	2.83	0	0
explore	37	NA	1	0	2.90	0	0
explorer	5	NA	1	0	4.04	0	0
explosion	25	NA	1	0	4.52	0	0
explosive	10	NA	1	0	3.74	0	0
exponential	22	NA	1	0	1.58	0	0
exponentially	3	NA	1	0	2.00	0	0
export	30	NA	0	0	2.76	0	0
exporter	7	NA	1	0	3.50	0	0
exporting	6	NA	0	0		0	0
expose	41	NA	0	0	3.46	0	1
exposions	1	NA	1	0		0	0
exposure	32	NA	1	0	2.39	0	0
express	112	NA	1	0	2.21	0	2
expression	56	1	1	0	2.54	3	0
expulsion	2	NA	1	0	2.86	0	0
exquisite	2	NA	1	0	1.78	0	0
exsmokers	1	NA	1	0		0	0
extant	9	NA	1	0		0	0
extend	64	NA	1	0	2.93	0	0
extendable	1	NA	1	0	2.63	0	0
extension	17	0	1	0	2.93	1	3
extensive	31	NA	1	0	1.79	0	0
extensively	3	NA	1	0	2.11	0	0
extent	18	NA	1	0	1.44	0	0
exterior	14	NA	1	0	4.00	0	0
external	51	NA	1	0	2.82	0	1
externally	5	NA	1	0	2.59	0	0
extinct	52	NA	1	0	2.53	0	0
extinction	95	NA	1	0	2.43	1	0
extinguish	1	NA	1	0	3.47	0	0
extinguisher	1	NA	1	0	4.70	0	0
extra	67	NA	1	0	2.46	0	0
extracellular	45	0	1	0	2.74	0	0
extract	27	NA	1	0	3.56	0	0
extraction	10	NA	1	0	3.14	0	0
extradition	3	NA	1	0	2.29	0	0
extraneous	2	NA	1	0	2.12	0	0
extraordinarily	3	NA	1	0	1.63	0	0
extraordinary	45	NA	1	0	2.13	0	0
extravasation	1	NA	1	0		0	0
extreme	48	NA	1	0	1.96	0	0
extremely	65	NA	1	0	1.84	0	0
extremist	8	NA	1	0	2.74	0	0
extremophile	1	NA	1	0		1	0
extremophiles	8	2	1	0		2	0
extrusion	1	NA	1	0	2.61	0	0
extrusive	2	NA	1	0	2.08	0	0
exxon	1	NA	1	0		0	0
eybj	2	NA	1	1		0	0
eybjrt	1	NA	1	0		0	0
eyde	11	NA	1	1		1	0
eydes	1	NA	1	0		0	0
eye	54	0	1	0	4.90	1	0
eyebrow	2	NA	1	0	4.85	0	0
eyelid	1	NA	1	0	5.00	0	0
eyeline	1	NA	1	0		0	0
eyes	51	0	1	0	4.85	0	0
eyesight	2	NA	1	0	3.59	0	0
eyewitness	4	NA	1	0	3.61	0	0
faa	11	NA	1	1		0	0
faam	3	NA	1	1		0	0
fabric	4	NA	1	0	4.63	0	0
fabulous	3	NA	1	0	2.12	0	0
facade	3	NA	1	0	3.19	0	0
face	129	0	1	0	4.87	0	0
facebook	217	0	1	1	4.38	1	0
facebooks	2	NA	1	1		0	0
facial	22	NA	1	0	3.62	0	0
facilitate	28	NA	1	0	1.50	0	0
facility	25	NA	1	0	3.58	0	1
facing	26	NA	1	0	3.46	0	0
fact	137	0	1	0	2.72	0	0
factor	125	0	1	0	2.79	2	3
factory	78	NA	1	0	4.76	0	0
factual	1	NA	1	0	2.41	0	0
facultatively	1	NA	1	0		0	0
faculty	4	NA	1	0	3.96	0	0
fad	4	NA	1	1	2.36	0	0
fade	5	NA	1	0	2.48	0	0
fadh	6	NA	1	1		0	0
fading	1	NA	1	0	2.86	0	0
faeces	6	NA	1	0		0	1
faehrmann	6	NA	1	1		1	0
fail	54	NA	1	0	3.00	0	0
failing	6	NA	1	0	2.52	0	0
failure	30	NA	1	0	2.08	0	2
faint	5	NA	1	0	3.74	0	0
fair	50	0	1	0	2.39	0	0
fairfax	1	NA	1	0		0	0
fairly	8	NA	1	0	2.07	0	0
fairy	5	NA	1	0	4.11	0	0
faith	19	NA	1	0	1.63	0	0
faithfully	3	NA	1	0	1.77	0	0
fake	3	NA	1	0	1.97	0	0
falciparum	15	NA	1	0		0	0
falcon	1	NA	1	0	4.90	0	0
falkenmark	3	NA	1	1		0	0
fall	189	0	1	0	4.04	0	1
faller	1	NA	1	0		0	0
fallopian	3	NA	1	0	3.58	0	0
fallout	8	1	1	0	2.62	2	0
fallow	1	NA	1	0		0	0
falls	28	NA	1	0		0	0
false	69	NA	1	0	2.36	0	0
falsely	5	NA	1	0	1.97	0	0
falsifiable	2	NA	1	0	2.04	0	0
falsify	1	NA	1	0	2.33	0	0
falter	2	NA	1	0	2.19	0	0
fame	9	NA	1	1	1.96	0	0
famed	1	NA	1	0	1.81	0	0
familial	1	NA	1	0		0	0
familiar	34	NA	1	0	2.03	0	0
familiaris	1	NA	1	0		0	0
familiarity	1	NA	1	0	2.14	0	0
familiarize	2	NA	1	0	1.88	0	0
family	295	0	1	0	4.23	1	1
famine	8	1	1	0	3.55	2	0
famous	67	0	1	0	2.07	0	0
famously	4	NA	1	0	2.00	0	0
fan	124	NA	1	0	4.71	1	0
fanbase	2	NA	1	0		0	0
fanconi	2	NA	1	1		0	0
fancy	2	NA	1	0	2.50	0	1
fanfest	1	NA	1	0		0	0
fansaysthatthecostofthe	1	NA	1	0		0	0
fantastic	27	NA	1	0	1.78	0	0
fantasy	4	NA	1	0	1.59	0	0
fao	8	NA	1	1		0	0
far	206	0	1	0	2.71	3	1
faraday	1	NA	1	0		0	0
farage	3	NA	1	1		0	0
faran	2	NA	1	0		0	0
fare	2	NA	1	0	4.11	0	0
farewell	3	NA	1	0	2.21	0	0
farm	64	NA	1	0	4.59	0	0
farmer	54	NA	1	0	4.54	0	0
farming	51	NA	1	0	3.46	0	0
farmland	7	NA	1	0	4.86	0	0
farther	7	NA	1	0	2.70	0	0
farting	1	NA	1	0		0	0
fascinate	9	NA	1	0	1.75	0	0
fascination	2	NA	1	0	1.89	0	0
fashion	38	NA	1	0	3.43	0	1
fashionable	10	NA	1	0	1.93	0	0
faso	1	NA	1	0		0	0
fast	171	0	1	0	3.32	0	0
fasten	1	NA	1	0	4.14	0	0
fasting	11	NA	1	0	2.72	0	0
fat	91	0	1	0	4.52	2	3
fatal	16	NA	1	0	3.19	0	0
fatality	5	NA	1	0	3.50	0	0
fate	7	NA	1	0	1.53	0	1
father	47	0	1	0	4.52	1	1
fatigue	5	NA	1	0	3.14	0	0
fatty	55	NA	1	0	3.90	0	0
fatuma	1	NA	1	0		0	0
fault	6	0	1	0	2.41	0	0
faulty	2	NA	1	0	2.10	0	0
fauna	10	NA	1	0	3.96	0	0
faux	1	NA	1	0	2.50	0	0
favela	3	NA	1	0		0	0
favor	11	NA	1	0	2.07	0	0
favorable	10	NA	1	0	2.32	0	0
favour	19	NA	1	0		0	0
favourable	1	NA	1	0		0	0
favourite	20	NA	1	0		0	0
fawcett	1	NA	1	0		0	0
fawkes	2	NA	1	1		0	0
fbi	6	NA	1	1		0	0
fda	2	NA	1	1		0	0
fear	63	NA	1	0	2.57	0	0
fearful	1	NA	1	0	2.20	0	0
fearless	2	NA	1	1	1.90	0	0
fearsome	1	NA	1	0	2.00	0	0
feasible	3	NA	1	0	1.57	0	0
feast	1	NA	1	0	4.30	0	0
feat	3	NA	1	0	2.44	0	0
feather	15	NA	1	0	4.90	0	0
feathery	1	NA	1	0	3.62	0	0
feature	93	NA	1	0	2.96	0	1
featureless	2	NA	1	0	2.70	0	0
february	35	NA	1	1	2.40	0	0
fecal	2	NA	1	0	3.93	0	0
feces	12	1	1	0	4.96	1	0
fed	16	NA	1	0	3.19	0	0
federal	14	NA	1	1	2.41	0	0
federation	15	NA	1	0	2.24	0	0
federer	3	NA	1	1		0	0
fee	52	NA	1	0	3.89	0	0
feed	98	NA	1	0	4.17	0	0
feedback	39	NA	1	0	2.48	0	0
feeder	15	NA	1	0	4.36	0	0
feeding	31	NA	1	0	4.15	0	0
feedstock	1	NA	1	0		0	0
feedstuff	1	NA	1	0		0	0
feel	205	0	1	0	2.28	0	0
feeling	31	0	1	0	1.68	0	0
feelings	7	NA	1	0		0	0
feigon	1	NA	1	0		0	0
feinstein	22	NA	1	1		0	0
feinsteins	1	NA	1	0		0	0
feldspar	1	NA	1	0		0	0
felicia	3	NA	1	1		0	0
felix	14	NA	1	1		0	0
fellow	19	NA	1	0	3.67	0	3
fellowship	2	NA	1	1	2.28	0	0
felsic	5	NA	1	0		0	0
female	210	NA	1	0	4.57	1	2
feminine	3	NA	1	0	2.41	0	0
feminism	3	NA	1	0	2.17	0	0
femur	4	NA	1	0	4.88	0	0
fence	10	NA	1	0	4.82	0	0
fencing	2	NA	1	0	4.45	0	0
fend	5	NA	1	0	2.34	0	0
fenix	1	NA	1	0		0	0
feral	1	NA	1	0	2.81	0	0
ferguson	11	NA	1	1		0	0
fergusons	1	NA	1	0		0	0
ferment	8	NA	1	0	2.92	0	0
fermentation	27	5	1	0	3.19	3	0
fern	33	4	1	0	5.00	1	0
ferna	3	NA	1	1		0	0
ferocious	1	NA	1	0	2.96	0	0
ferox	1	NA	1	0		0	0
ferrand	1	NA	1	0		0	0
ferrari	1	NA	1	0		0	0
ferreira	2	NA	1	1		1	0
ferry	7	0	1	0	4.83	0	0
fertile	6	NA	1	0	2.96	0	0
fertility	8	NA	1	0	2.59	0	0
fertilization	77	1	1	0	3.21	6	0
fertilize	43	NA	1	0	3.72	0	1
fertilizer	16	NA	1	0	4.76	0	0
fervently	1	NA	1	0	1.87	0	0
festival	63	NA	1	0	4.33	0	0
festive	2	NA	1	0	2.74	0	0
fetal	5	NA	1	0	3.64	0	0
fetch	4	NA	1	0	3.42	0	0
fetus	19	NA	1	0	4.62	0	0
fever	18	NA	1	0	3.27	1	0
few	283	0	0	0	2.48	0	0
fewer	68	NA	1	0		0	0
fewest	1	NA	1	0		0	0
feyissa	3	1	1	1		1	0
fiber	48	2	1	0	4.50	3	2
fibre	3	NA	1	0		0	0
fibreglass	6	NA	1	0		0	0
fibril	1	NA	1	0		0	0
fibroblast	1	NA	1	0		0	0
fibrosis	1	NA	1	0		0	0
fibrous	12	NA	1	0	3.19	0	0
fiction	13	NA	1	0	2.14	0	0
fictional	1	NA	1	0	2.11	0	0
fidget	6	NA	1	0	3.07	0	0
field	59	NA	1	0	4.26	1	4
fieldheim	3	NA	1	1		0	0
fields	35	NA	1	0		0	0
fiennes	6	NA	1	1		0	0
fierce	5	NA	1	0	2.62	0	0
fifa	33	NA	1	1		0	0
fifas	2	NA	1	1		0	0
fifth	31	NA	1	0	3.81	0	0
fifty	4	NA	0	0	3.48	0	0
figaro	3	NA	1	1		0	0
fight	58	0	1	0	4.20	0	0
fighter	2	NA	1	0	3.96	0	0
fighting	37	NA	1	0	3.78	0	0
figure	81	0	1	0	3.63	0	2
figuring	2	NA	1	0		0	0
fiji	6	NA	1	1		0	0
fikari	1	NA	1	0		0	0
fil	1	NA	1	0		0	0
filament	25	NA	1	0	4.27	3	1
fildes	19	0	1	1		2	0
file	36	NA	1	0	4.41	0	0
filial	4	NA	1	0		0	0
filing	3	NA	1	0	3.52	0	0
fill	92	NA	1	0	3.32	0	0
filler	2	NA	1	0	2.92	0	0
filling	4	NA	1	0	3.84	0	1
film	141	NA	1	0	4.71	2	0
filming	22	NA	1	0		0	0
filter	31	NA	1	0	4.59	0	0
filterable	1	NA	1	0	2.04	0	0
filth	3	NA	1	0	4.14	0	0
filtration	1	NA	1	0	3.50	2	0
fimbrae	2	1	1	0		1	0
fimbria	1	NA	1	0		0	0
fin	15	3	1	0	4.76	1	0
final	72	NA	1	0	2.67	0	0
finalize	2	NA	1	0	2.14	0	0
finally	91	0	1	0	1.67	0	0
finance	19	NA	1	0	3.36	0	0
finances	5	NA	1	0		0	0
financial	47	NA	1	0	2.52	0	0
financially	3	NA	1	0	2.34	0	0
financing	4	NA	1	0		0	0
finch	20	NA	1	0	4.30	0	0
fincham	2	NA	1	1		0	0
find	805	0	1	0	2.63	0	3
finder	4	NA	1	0	3.00	0	0
finding	56	NA	1	0	2.89	0	0
findings	32	NA	1	0		0	0
fine	34	0	1	0	2.61	0	0
finely	1	NA	1	0	2.08	0	0
finfish	1	NA	1	0		0	0
finger	8	NA	1	0	5.00	0	0
fingerlike	1	NA	1	0	3.07	0	0
finish	19	0	1	0	2.89	0	0
finishing	5	NA	1	0	2.36	0	0
finite	1	NA	1	0	1.74	0	0
finland	7	NA	1	1		0	0
finn	1	NA	1	0		0	0
finnish	3	NA	1	0		0	0
fiona	3	NA	1	1		0	0
fir	2	NA	1	0	4.58	0	0
firbida	3	NA	1	1		0	0
fire	118	0	1	0	4.68	2	0
firearm	1	NA	1	0	4.64	0	0
fireball	2	NA	1	0	4.32	0	0
firefighter	1	NA	1	0	4.87	0	0
firesafety	1	NA	1	0		0	0
firewood	3	NA	1	0	4.93	0	0
firework	5	NA	1	0	4.62	0	0
firing	3	NA	1	0	3.64	0	0
firm	42	NA	1	0	3.54	0	0
firmly	5	NA	1	0	2.33	0	0
first	766	0	0	0	2.76	0	0
firstly	3	NA	1	0	1.85	0	0
fisa	9	NA	1	1		0	0
fiscal	3	NA	1	0	1.85	0	0
fischer	6	NA	1	1		1	0
fish	245	0	1	0	5.00	1	7
fisher	2	NA	1	0	4.22	0	0
fisherman	22	NA	1	0	4.73	0	1
fishery	27	NA	1	0	4.52	1	0
fishing	31	NA	1	0	4.30	0	0
fission	21	1	1	0		3	0
fissure	7	NA	1	0	3.83	0	1
fist	2	NA	1	0	4.93	0	0
fit	77	NA	1	0	2.70	1	4
fitness	33	NA	1	0	3.11	0	0
fitter	8	NA	1	0		0	0
fitting	2	NA	1	0	2.76	0	0
fittingly	1	NA	1	0	1.82	0	0
fitz	1	NA	1	0		0	0
fitzgerald	1	NA	1	0		0	0
five	217	0	0	0	3.87	0	0
fives	5	NA	1	0	3.59	0	0
fix	35	0	1	0	2.93	0	0
fixation	12	1	1	0	1.67	1	1
fixer	1	NA	1	0	3.54	0	0
fixing	5	NA	1	0	2.90	0	0
fizzle	1	NA	1	0	3.89	0	0
fjeldstad	11	0	1	1		1	0
flabbergast	2	NA	1	0	1.71	0	0
flaccid	1	NA	1	0	3.62	0	0
flag	15	NA	1	0	4.79	0	0
flagellate	3	NA	1	0		0	0
flagellum	26	NA	1	0		0	0
flahaut	6	0	1	1		0	0
flak	1	NA	1	0		0	0
flake	1	NA	1	0	4.36	0	0
flame	7	NA	1	0	4.67	0	0
flamingo	1	NA	1	0	4.81	0	0
flammable	3	NA	1	0	3.61	0	0
flap	3	NA	1	0	4.14	0	2
flapping	7	NA	1	0		0	0
flappy	7	NA	1	1		0	0
flare	2	NA	1	0	4.50	0	0
flash	2	NA	1	0	3.67	0	0
flask	4	NA	1	0	4.79	0	0
flat	30	NA	1	0	4.07	0	0
flatbread	6	NA	1	0		0	1
flatpack	2	NA	1	0		0	0
flats	6	NA	1	0		0	0
flatten	11	NA	1	0	3.86	0	0
flatter	2	NA	1	0	2.14	0	0
flatworm	18	NA	1	0	4.78	0	1
flavor	3	NA	1	0	3.55	0	0
flavour	14	NA	1	0		0	0
flavrsavr	2	NA	1	1		0	0
flaw	2	NA	1	0	2.86	0	0
flawless	1	NA	1	0	2.52	0	0
flea	2	NA	1	0	4.89	0	0
fledge	1	NA	1	0		0	0
flee	8	NA	1	0	3.67	0	0
fleet	8	NA	1	0	3.81	0	0
fleming	5	NA	1	1		0	0
flerov	3	NA	1	1		0	0
flerovium	3	NA	1	0		0	0
flesh	5	NA	1	0	4.59	0	0
fleshy	4	NA	1	0	3.56	0	0
flex	1	NA	1	0	3.88	0	1
flexibility	11	NA	1	0	2.96	0	0
flexible	10	NA	1	0	2.64	0	0
flexion	3	NA	1	0		0	0
flick	1	NA	1	0	3.71	0	0
flies	10	NA	1	0		0	0
flight	57	NA	1	0	3.90	1	0
flightless	1	NA	1	0	2.83	0	0
flimsy	1	NA	1	0	3.19	0	0
flint	1	NA	1	0	4.64	0	0
flip	3	NA	1	0	3.97	0	0
flipper	1	NA	1	0	4.26	0	0
float	8	NA	1	0	4.07	0	1
floating	17	NA	1	0	3.89	0	0
flock	6	NA	1	0	4.67	0	0
flood	12	NA	1	0	4.62	0	0
flooding	2	NA	1	0	4.38	0	0
floor	46	0	1	0	4.80	0	0
flooring	3	NA	1	0	4.43	0	0
floppy	3	NA	1	0	3.81	0	0
flora	19	NA	1	0		0	0
floral	2	NA	1	0	3.75	0	0
florida	11	NA	1	1		0	0
flotilla	1	NA	1	0		0	0
flour	6	NA	1	0	4.97	0	0
flourish	7	NA	1	0	2.10	0	0
flow	108	1	1	0	3.72	3	5
flower	97	1	1	0	5.00	3	0
flower's	1	NA	1	0		0	0
flowerbed	1	NA	1	0	4.71	0	0
flowering	16	NA	1	0	3.67	0	0
flowing	12	NA	1	0	2.43	0	0
floyd	1	NA	1	0		1	0
flu	6	NA	1	0	3.65	0	0
fluctuate	8	NA	1	0	2.44	0	0
fluctuation	6	NA	1	0	2.36	0	0
fluency	1	NA	1	0	2.19	0	0
fluent	4	NA	1	0	1.93	0	0
fluffy	5	0	1	0	3.86	0	0
fluid	99	NA	1	0	4.73	0	4
fluidity	2	NA	1	0	2.55	0	0
fluke	2	NA	1	0	2.34	0	0
fluoresce	1	NA	1	0		0	0
fluorescence	2	NA	1	0	3.23	0	0
fluorescent	3	NA	1	0	3.78	0	0
fluorescently	1	NA	1	0		0	0
fluorine	1	NA	1	0	4.09	0	0
flurry	1	NA	1	0	3.38	0	0
flush	3	NA	1	0	3.72	0	0
fluttering	1	NA	1	0	3.19	0	0
flux	4	NA	1	0	2.54	0	0
fly	67	0	1	0	4.64	0	1
flyer	4	NA	1	0	4.19	0	0
flying	42	NA	1	0	4.10	0	0
flytrap	1	NA	1	0	4.62	0	0
foam	4	NA	1	0	4.85	0	0
focus	103	NA	1	0	2.35	0	2
focusing	6	NA	1	0		0	0
fog	5	NA	1	0	4.66	0	0
foggy	2	NA	1	0	3.80	0	0
fold	15	NA	1	0	4.13	0	3
folding	6	NA	1	0	3.89	0	0
foliage	3	NA	1	0	4.67	0	0
folic	2	NA	1	0		0	0
folio	6	NA	1	1	3.76	0	0
folk	1	NA	1	0	3.57	0	0
follicle	22	NA	1	0	4.44	1	0
follicular	4	NA	1	0		0	0
follies	1	NA	1	0		0	0
follow	149	0	1	0	3.26	0	0
followers	9	NA	1	0		0	0
following	108	NA	1	0	2.83	1	1
fond	1	NA	1	0	1.68	0	0
fonda	2	NA	1	0		0	0
food	725	0	1	0	4.80	1	5
foodborne	6	NA	1	0		0	0
foodservicewarehouse	2	NA	1	1		0	0
foodstuff	2	NA	1	0	4.00	0	0
fool	9	0	1	0	3.19	0	0
foot	85	0	1	0	4.90	0	0
footage	12	NA	1	0	3.42	0	0
football	79	NA	1	0	4.73	0	0
footfall	2	NA	1	0		0	0
foothold	3	NA	1	0	4.03	0	0
footprint	8	NA	1	0	4.37	0	0
footstep	6	NA	1	0	4.18	0	0
footwear	3	NA	1	0	4.66	0	0
for	1	0	0	0	1.63	0	0
forage	1	NA	1	0	3.12	0	0
forbid	3	NA	1	0	1.96	0	0
forbs	3	NA	1	0		0	0
force	151	NA	1	0	3.00	0	4
forcefully	1	NA	1	0	2.68	0	0
ford	9	NA	1	1	4.19	0	0
fore	2	NA	1	0	2.52	0	0
forearm	5	NA	1	0	4.69	0	0
forecast	6	NA	1	0	2.78	0	0
forecaster	2	NA	1	0	4.52	0	0
forecasting	1	NA	1	0	2.60	0	0
forecourt	2	NA	1	0		0	0
forefront	6	NA	1	0	3.00	0	0
foreground	1	NA	1	0	2.93	0	0
forehead	2	NA	1	0	4.90	0	0
foreign	117	NA	1	0	2.50	0	0
foreigner	12	NA	1	0	3.32	0	0
foreleg	3	NA	1	0		0	1
foremost	1	NA	1	0	2.00	0	0
forensic	26	NA	1	0	2.62	0	0
forensics	2	NA	1	0	2.13	0	0
forerunner	1	NA	1	0	2.85	0	0
foreseeable	2	NA	1	0	1.62	0	0
forest	165	NA	1	0	4.76	3	0
forever	13	0	1	0	1.34	0	0
forewarn	1	NA	1	0	2.20	0	0
forge	3	NA	1	0	4.04	0	0
forget	53	0	1	0	2.04	0	0
forgive	5	0	1	0	1.92	0	0
forgiveness	2	NA	1	0	1.44	0	0
fork	15	NA	1	0	4.90	2	0
form	730	NA	1	0	3.13	0	1
formal	16	NA	1	0	2.70	0	0
formally	4	NA	1	0	1.86	0	0
format	8	NA	1	0	2.90	0	1
formation	64	1	1	0	3.23	2	4
former	125	NA	0	0	2.18	0	0
formerly	4	NA	0	0	1.90	0	0
formidable	1	NA	1	0	1.76	0	0
formula	12	NA	1	0	4.11	0	0
formulaic	1	NA	1	0		0	0
formulate	1	NA	1	0	2.59	0	0
forsythe	2	NA	1	1		1	0
forte	1	NA	1	0	2.39	0	0
forth	10	NA	1	0	2.38	0	0
forthcoming	2	NA	1	0	2.03	0	0
fortis	1	NA	1	0		0	0
fortnum	2	NA	1	1		0	0
fortress	2	NA	1	0	4.80	0	0
fortunate	3	NA	1	0	2.04	0	0
fortunately	2	NA	1	0	1.44	0	0
fortune	7	NA	1	0	2.90	0	0
forty	8	NA	0	0	4.14	0	0
forum	15	NA	1	0	4.00	0	0
forward	44	0	1	0	2.66	2	1
fossil	130	NA	1	0	4.90	1	1
fossiliferous	1	NA	1	0		0	0
fossilise	2	NA	1	0		0	0
fossilize	10	NA	1	0	3.19	0	0
foster	4	NA	1	1	2.31	0	0
fostering	2	NA	1	0	2.00	0	0
foul	1	NA	1	0	2.40	0	0
found	13	NA	1	0	2.53	0	0
foundation	44	NA	1	1	3.74	2	1
foundational	2	NA	1	0	2.07	0	0
founder	63	NA	1	0	3.66	0	4
founding	4	NA	1	0	2.30	0	0
fountain	5	NA	1	0	4.77	0	0
four	288	0	0	0	3.37	0	0
fourteen	3	NA	1	0	3.04	0	0
fourteenth	2	NA	1	0	4.21	0	0
fourth	14	0	1	0	3.39	0	0
fowler	3	NA	1	1		0	0
fox	22	NA	1	1	4.97	1	0
foxglove	4	NA	1	0		0	0
foxhall	3	NA	1	1		0	0
fraction	7	NA	1	0	3.10	0	0
fractional	2	NA	1	0	2.36	0	0
fracture	6	NA	1	0	4.03	0	0
fragile	4	NA	1	0	2.86	0	0
fragility	2	NA	1	0	2.11	0	0
fragment	40	5	1	0	4.10	2	0
fragmentation	11	2	1	0	2.44	2	0
fragrance	3	NA	1	0	4.03	0	0
fragrant	2	NA	1	0	3.35	0	0
frail	9	NA	1	1	2.55	0	0
frame	5	NA	1	0	4.30	0	0
framework	11	NA	1	0	3.24	0	2
frampton	5	NA	1	1		0	0
franc	6	NA	1	1		0	0
france	128	1	1	1		1	0
franchise	15	NA	1	0	3.07	0	1
francis	7	NA	1	1		0	0
francisco	13	NA	1	1		0	0
francke	3	NA	1	1		1	0
frank	11	0	1	1	2.54	0	0
frankfurt	3	NA	1	1		0	0
frankfurter	1	NA	1	0	4.88	0	0
frankie	3	NA	1	0		0	0
franklin	4	NA	1	1		0	0
franklin's	1	NA	1	0		0	0
frans	1	NA	1	0		0	0
frantically	1	NA	1	0	2.48	0	0
franz	1	NA	1	0		0	0
fraser	3	NA	1	0		0	0
fraud	3	NA	1	0	1.68	0	0
fraudulent	8	NA	1	0	1.93	0	0
fraudulently	2	NA	1	0	2.35	0	0
fraught	2	NA	1	0	2.22	0	0
fray	1	NA	1	0	3.18	0	0
freak	2	NA	1	0	2.93	0	0
freda	1	NA	1	0		0	0
freddie	6	NA	1	1		0	0
frederic	3	NA	1	1		0	0
frederick	2	NA	1	1		0	0
free	193	0	1	0	2.04	0	0
freebie	6	NA	1	0	2.67	0	0
freedive	3	NA	1	0		0	0
freediving	3	NA	1	0		0	0
freedom	24	NA	1	0	2.34	0	0
freefalls	2	NA	1	0		0	0
freeing	1	NA	1	0	1.64	0	0
freely	8	NA	1	0	2.30	0	0
freetrade	1	NA	1	0		0	0
freeze	28	NA	1	0	3.96	0	0
freezing	10	NA	1	0	4.04	0	0
freight	1	NA	1	0	4.21	0	0
french	93	0	1	1		0	0
frenchman	3	NA	1	1		0	0
frenzy	1	NA	1	0	2.31	0	0
frequency	90	NA	1	0	2.69	0	1
frequent	9	NA	1	0	2.25	0	0
frequently	15	NA	1	0	1.88	0	0
fresh	61	0	1	0	1.97	0	0
fresher	2	NA	1	0		0	0
freshly	5	NA	1	0	2.14	0	0
freshness	3	NA	1	0	2.12	0	0
freshwater	34	NA	1	0	4.29	0	0
freund	3	NA	1	1		0	0
friar	6	NA	1	1	3.88	0	0
friction	2	NA	1	0	3.00	0	0
friday	26	NA	1	1	3.28	0	0
fridge	2	NA	1	0	4.92	0	0
friend	153	0	1	0	3.07	1	0
friendly	24	NA	1	0	2.32	0	0
friendship	20	NA	1	0	2.39	0	0
fries	3	NA	1	0		0	0
frigg	3	NA	1	1		0	0
fright	5	NA	1	0	2.52	0	0
frighten	15	NA	1	0	3.07	0	0
frightening	5	NA	1	0	2.15	0	0
frigid	1	NA	1	0	3.28	0	0
fringe	3	NA	1	0	3.38	0	0
fristrup	14	NA	1	1		0	0
fristrups	1	NA	1	0		0	0
frith	3	NA	1	1		0	0
frobisher	2	NA	1	1		0	0
frog	27	3	1	0	5.00	2	0
frolic	1	NA	1	0	3.04	0	0
frond	3	NA	1	0		0	0
front	59	0	0	0	3.77	0	0
frontal	8	NA	1	0	3.38	0	0
frontier	2	NA	1	1	3.30	0	0
frontline	2	NA	1	0	3.88	0	0
fruchtman	6	NA	1	1		0	0
fructose	10	NA	1	0	4.23	1	0
fruit	95	1	1	0	4.81	1	0
fruitcake	3	NA	1	0	4.62	0	0
frustrate	15	NA	1	0	1.82	0	0
frustration	7	NA	1	0	2.06	0	0
fry	5	NA	1	0	4.37	0	0
frying	3	NA	1	0		0	0
fsc	3	NA	1	1		0	0
fsh	20	NA	1	1		0	0
fth	2	NA	1	0		0	0
ftsz	11	4	1	1		2	0
fuchs	1	NA	1	0		0	0
fuddruckers	3	NA	1	1		0	0
fuel	105	NA	1	0	4.30	2	1
fug	1	NA	1	0		0	0
fuji	1	NA	1	0		0	0
fukushima	3	NA	1	1		0	0
fulfil	2	NA	1	0		0	0
fulfill	1	NA	1	0	1.78	0	0
fulfilment	1	NA	1	0		0	0
full	107	0	0	0	3.59	0	0
fuller	1	NA	1	0	3.17	0	0
fullness	1	NA	1	0	2.58	0	0
fully	42	NA	1	0	1.89	0	0
fumes	3	NA	1	0		0	0
fun	24	0	1	0	1.97	0	0
function	280	1	1	0	1.92	1	2
functional	29	NA	1	0	2.55	0	0
functionality	1	NA	1	0	2.10	0	0
functionally	6	NA	1	0	1.96	0	0
functioning	21	NA	1	0		0	0
fund	34	NA	1	1	3.18	0	0
fundamental	30	NA	1	0	1.57	0	0
fundamentally	5	NA	1	0	1.93	0	0
fundamentals	1	NA	1	0		0	0
funding	20	NA	1	0	3.17	0	0
fundraise	6	NA	1	0		0	0
funds	5	NA	1	0	4.17	0	0
funeral	9	NA	1	0	3.83	0	0
fungal	44	NA	1	0	3.69	0	0
fungi	152	NA	1	0	4.60	2	3
fungus	44	NA	1	0	4.59	0	2
funk	10	NA	1	0	1.92	0	0
funnel	10	NA	1	0	4.52	0	0
funny	6	0	1	0	2.50	0	0
fur	9	NA	1	0	4.69	0	0
furnace	1	NA	1	0	4.69	0	0
furniture	7	NA	1	0	4.89	0	0
furore	3	NA	1	0		0	0
furqan	3	NA	1	0		0	0
furrow	12	0	1	0		1	0
further	130	NA	0	0	1.88	0	0
furthermore	7	NA	1	0	1.60	0	0
fuse	50	NA	1	0	4.55	0	0
fusion	12	3	1	0	3.30	1	1
fuss	2	NA	1	0	2.43	0	0
futile	1	NA	1	0	1.52	0	0
future	207	0	1	0	1.86	0	0
futuristic	5	NA	1	0	2.21	0	0
fuzzy	1	NA	1	0	3.96	0	0
gabbro	3	NA	1	0		0	0
gable	6	NA	1	1		0	0
gadget	3	NA	1	0	4.60	0	0
gaffe	1	NA	1	0	2.46	0	0
gain	64	NA	1	0	2.24	0	1
gakire	3	NA	1	1		0	0
gal	13	NA	1	1	4.52	0	0
gala	1	NA	1	0	3.89	0	0
galactose	7	NA	1	0		0	0
galatheae	1	NA	1	0		0	0
galaxy	4	NA	1	0	3.66	0	0
galina	3	NA	1	0		0	0
galindo	9	NA	1	1		1	0
gall	2	NA	1	0	2.60	0	0
gallagher	15	NA	1	1		2	0
gallaghers	1	NA	1	0		0	0
gallant	8	NA	1	1	1.92	1	0
gallardo	3	NA	1	1		0	0
gallbladder	4	NA	1	0	4.63	1	0
gallery	9	NA	1	0	4.44	0	0
gallinazos	1	NA	1	0		0	0
gallon	8	NA	1	0	3.92	0	0
galloway	3	NA	1	0		0	0
galn	1	NA	1	0		0	0
galvanize	1	NA	1	0	3.32	0	0
gambiae	2	NA	1	0		0	0
game	91	0	1	0	4.50	0	2
gametangium	7	NA	1	0		1	0
gamete	111	4	1	0		2	2
gametogenesis	2	2	1	0		1	0
gametophyte	41	2	1	0		1	1
gaming	1	NA	1	0	3.50	0	0
gandhi	3	NA	1	1		0	0
gang	50	NA	1	0	4.43	0	0
ganges	1	NA	1	0		0	0
ganglion	14	NA	1	0		0	0
gangrene	1	NA	1	0	4.16	0	0
gangsta	2	NA	1	0		0	0
gant	10	NA	1	1		0	0
gao	7	NA	1	1		0	0
gap	70	NA	1	0	3.92	1	3
gape	1	NA	1	0	3.27	0	0
garage	5	NA	1	0	4.96	0	0
garbage	7	NA	1	0	4.69	0	0
garcia	15	NA	1	0		0	0
garde	1	NA	1	0		0	0
garden	53	NA	1	0	4.73	0	0
gardener	6	NA	1	0	4.50	1	0
gardening	1	NA	1	0	3.86	0	0
gareth	2	NA	1	0		0	0
garfunkels	3	NA	1	1		0	0
garlic	1	NA	1	0	4.89	0	0
garment	3	NA	1	1	4.78	0	0
garter	2	NA	1	0	4.78	0	0
garth	1	NA	1	0		0	0
gary	4	NA	1	1		0	0
gas	205	0	1	0	4.29	2	0
gaseous	3	NA	1	0	2.75	0	0
gasoline	4	NA	1	0	4.72	0	0
gasp	2	NA	1	0	4.15	0	0
gastrell	3	NA	1	1		0	0
gastric	6	NA	1	0	3.21	0	0
gastro	1	NA	1	0	2.33	0	0
gastrodermal	1	NA	1	0		0	0
gastrodermis	4	2	1	0		1	0
gastroenteritis	1	NA	1	0		0	0
gastroenterologist	1	1	1	0		1	0
gastrointestinal	9	NA	1	0	3.21	0	0
gastronomic	1	NA	1	0		0	0
gastropod	6	NA	1	0		0	0
gastropoda	1	NA	1	0		0	0
gastrovascular	5	NA	1	0		0	0
gastrula	1	NA	1	0		0	0
gastrulation	6	1	1	0		2	0
gate	17	NA	1	0	4.96	0	0
gates	20	NA	1	0		0	0
gateshead	1	NA	1	0		0	0
gateway	7	NA	1	0	4.07	0	2
gather	30	NA	1	0	2.75	0	0
gatherer	16	NA	1	0	3.92	0	0
gathering	13	NA	1	0	3.39	0	0
gatwick	1	NA	1	0		0	0
gaucci	2	NA	1	1		0	0
gauge	4	NA	1	0	4.00	0	0
gaustatoppen	3	NA	1	1		2	0
gavin	10	NA	1	1		0	0
gay	3	NA	1	0	2.52	0	0
gaze	1	NA	1	0	3.43	0	0
gazzetta	1	NA	1	0		0	0
gcse	1	NA	1	0		0	0
gdp	9	NA	1	1		0	0
gear	10	NA	1	0	4.28	0	0
gecko	1	NA	1	0	4.76	0	0
geelani	4	NA	1	1		0	0
geert	3	NA	1	1		0	0
gel	15	NA	1	0	4.72	0	1
gelatinous	1	NA	1	0	3.74	0	0
gem	2	NA	1	0	4.88	0	0
gemmule	3	NA	1	0		1	0
gen	1	NA	1	0		0	0
gender	17	NA	1	0	3.33	0	0
gene	359	NA	1	0	3.59	2	5
genealogical	4	NA	1	0	2.25	0	0
genealogist	3	NA	1	0	3.65	0	0
genealogy	2	NA	1	0	2.37	0	0
general	92	0	1	0	1.62	0	0
generalization	3	NA	1	0	1.93	0	0
generalize	9	NA	1	0	1.76	0	0
generally	36	NA	1	0	1.65	0	0
generate	105	0	1	0	2.23	0	1
generation	167	1	1	0	1.96	3	1
generational	1	NA	1	0	1.96	0	0
generative	3	NA	1	0	2.63	0	0
generator	18	1	1	0	4.23	1	0
generic	7	NA	1	0	2.63	0	0
generosity	5	NA	1	0	1.84	0	0
generous	1	NA	1	0	2.25	0	0
genesee	1	NA	1	0		0	0
genet	1	NA	1	0		0	0
genetic	225	NA	1	0	2.73	0	0
genetically	44	NA	1	0	2.38	0	0
geneticist	16	NA	1	0	3.67	0	2
genetics	36	1	1	0	3.19	4	0
geneva	3	NA	1	1		0	0
genie	3	NA	1	1	3.25	0	0
genital	3	NA	1	0	4.19	0	0
genitive	1	NA	1	0		0	0
genius	4	NA	1	1	3.00	0	0
genocide	9	NA	1	0	2.34	0	0
genome	111	5	1	0	3.39	2	1
genomic	13	NA	1	0		0	0
genomics	19	1	1	0		1	0
genotype	44	NA	1	0	2.54	1	3
genotypic	7	NA	1	0		0	0
genotypically	1	NA	1	0		0	0
genre	1	NA	1	0	2.37	0	0
gentle	8	NA	1	0	2.53	0	0
gentleness	1	NA	1	0	2.30	0	0
gently	2	NA	1	0	2.03	0	0
genuine	10	NA	1	0	2.03	0	0
genuinely	4	NA	1	0	1.79	0	0
genuinememories	1	NA	1	0		0	0
genus	30	3	1	0	3.09	2	0
geoduck	1	NA	1	0		0	0
geoengineering	1	NA	1	0		0	0
geoff	6	NA	1	1		0	0
geoffrey	1	NA	1	0		0	0
geographer	7	NA	1	0	4.11	0	0
geographic	17	NA	1	0	3.21	0	0
geographical	22	NA	1	0	2.92	0	0
geographically	5	NA	1	0	2.07	0	0
geography	5	NA	1	0	3.11	0	0
geologic	6	NA	1	0	3.28	0	0
geological	20	NA	1	0	2.67	0	0
geologically	5	NA	1	0	2.17	0	0
geologist	2	NA	1	0	4.41	0	0
geology	12	NA	1	0	2.90	0	0
geomyces	2	NA	1	1		0	0
geordie	4	NA	1	1		0	0
george	33	0	1	1		1	0
georgia	1	NA	1	0		0	0
geospiza	1	NA	1	0		0	0
geothermal	7	NA	1	0	2.58	0	0
geothermally	2	NA	1	0		0	0
gerard	4	NA	1	1		0	0
gerbil	1	NA	1	0	4.71	0	0
gerhard	4	NA	1	1		0	0
germ	31	NA	1	0	3.89	0	0
german	42	NA	1	1		0	0
germany	52	0	1	1		2	0
germinate	7	NA	1	0	2.85	0	0
germination	3	NA	1	0	3.42	0	0
gerskog	2	NA	1	0		0	0
gertrude	1	NA	1	0		0	0
gestation	11	NA	1	0	3.44	1	0
gestational	2	NA	1	0	2.57	0	0
gesture	2	NA	1	0	3.00	0	0
get	699	0	0	0	2.38	0	2
getting	121	0	0	0	2.07	0	0
geyser	2	NA	1	0	4.68	0	0
ghost	2	NA	1	0	3.19	0	0
ght	5	NA	1	0		0	0
ghting	4	NA	1	0		0	0
giant	29	NA	1	0	4.30	0	0
gibbon	3	NA	1	1		0	0
gift	33	NA	1	0	4.56	0	1
gig	9	NA	1	0	2.89	0	0
gigantean	1	NA	1	0		0	0
gigantic	6	NA	1	0	2.57	0	0
gigantism	1	NA	1	0	3.68	0	0
gigatonnes	3	NA	1	0		0	0
gigatons	1	NA	1	0		0	0
giken	2	NA	1	1		0	0
gil	1	NA	1	0		0	0
gilbert	3	1	1	1		1	0
gild	1	NA	1	0		0	0
gill	29	0	1	0	4.33	3	0
gillette	3	NA	1	1		0	0
gimeno	3	NA	1	0		0	0
gimmick	1	NA	1	0	2.34	0	0
gimmicky	2	NA	1	0	1.63	0	0
gingko	3	NA	1	1	4.18	0	0
gingkophyta	1	NA	1	0		0	0
gingkophyte	1	3	1	0		1	0
ginkgo	3	NA	1	1		0	0
ginkgophyta	1	NA	1	0		0	0
ginkgophyte	1	4	1	0		1	0
giraffe	6	NA	1	1	4.73	0	0
girdle	13	NA	1	0	4.63	1	0
girl	62	0	1	0	4.85	0	1
girlfriend	28	0	1	0	4.25	0	0
give	417	0	0	0	2.83	0	0
giveaway	2	NA	1	0	2.90	0	0
given	168	0	0	0	2.33	0	0
giving	49	0	0	0	2.15	0	0
glacial	3	NA	1	0	3.04	0	0
glaciate	2	NA	1	0		0	0
glacier	17	NA	1	0	4.70	0	0
glad	1	0	1	0	2.36	0	0
glam	6	NA	1	0	2.43	0	0
glamorous	3	NA	1	0	2.52	0	0
glamour	1	NA	1	0	2.11	0	0
gland	96	NA	1	0	4.14	1	5
glandular	1	NA	1	0	2.80	0	0
glare	2	NA	1	0	3.83	0	0
glaringly	1	NA	1	0	2.07	0	0
glasgow	3	NA	1	1		0	0
glass	38	NA	1	0	4.82	0	0
glasses	18	NA	1	0	4.90	1	0
glassy	1	NA	1	0	3.71	0	0
glastonbury	24	NA	1	1		0	0
glastonburys	1	NA	1	0		0	0
glazer	8	2	1	1		1	0
glds	1	NA	1	0		0	0
gleam	1	NA	1	0	3.28	0	0
glean	4	NA	1	0	2.50	0	0
glenelg	1	NA	1	0		0	0
glia	12	3	1	0		1	0
glial	5	NA	1	0		0	0
glide	2	NA	1	0	3.93	0	0
glimmer	2	NA	1	0	3.26	0	0
glimpse	5	NA	1	0	3.08	0	0
glitter	2	NA	1	0	4.43	0	0
glitz	1	NA	1	0	3.00	0	0
global	186	0	1	0	2.93	0	0
globalism	1	NA	1	0		0	0
globalization	2	NA	1	0	2.13	0	0
globalize	1	NA	1	0		0	0
globally	21	NA	1	0	2.83	0	0
globe	20	NA	1	1	4.59	0	0
globetrotter	3	NA	1	0	3.63	0	0
globo	3	NA	1	1		0	0
globular	3	NA	1	0	3.43	0	0
globule	1	NA	1	0		0	1
glomeromycota	4	NA	1	1		1	0
glomerulus	1	NA	1	0		1	0
gloom	2	NA	1	0	1.86	0	0
gloria	3	NA	1	1		0	0
glorious	2	NA	1	0	1.85	0	0
glory	1	NA	1	0	1.45	0	0
glossy	1	NA	1	0	3.48	0	0
glove	1	NA	1	0	4.97	0	0
glover	1	NA	1	0		0	0
glow	14	NA	1	0	3.65	0	0
glowing	3	NA	1	0	4.20	0	0
glucagon	6	NA	1	0		0	0
glucan	1	NA	1	0		0	0
glucocorticoid	3	NA	1	0		0	0
glucose	127	NA	1	0	3.96	2	1
glucoseproduces	1	NA	1	0		0	0
glue	3	NA	1	0	4.65	0	0
glum	1	NA	1	0	2.11	0	0
glut	1	NA	1	0		0	0
gluten	11	NA	1	0	3.65	0	0
glyceraldehyde	1	NA	1	0		0	0
glycerol	14	NA	1	0	4.38	1	0
glycine	2	NA	1	1		0	0
glycodsidic	1	NA	1	0		0	0
glycogen	19	2	1	0		4	0
glycolipids	3	NA	1	0		0	0
glycolysis	31	1	1	0		6	0
glycolytic	1	NA	1	0		0	0
glycoprotein	18	4	1	0		1	2
gmo	2	NA	1	1		0	0
gmos	2	NA	1	1		0	0
gnarr	3	NA	1	1		0	0
gnathostome	4	1	1	0		1	0
gnetophyta	1	NA	1	0		0	0
gnetophyte	1	3	1	0		1	0
gnetophytes	3	NA	1	1		1	1
gnetum	1	NA	1	0		0	0
gnrh	8	NA	1	1		0	0
go	213	0	0	0	3.15	0	0
goal	58	NA	1	0	3.06	0	0
goat	9	NA	1	0	5.00	0	0
gobble	1	NA	1	0	3.37	0	0
gobi	1	NA	1	0		0	0
gobsmacked	1	NA	1	0		0	0
god	19	0	1	1	2.07	0	0
godfrey	1	NA	1	0		0	0
godsend	1	NA	1	0	1.54	0	0
goer	12	0	1	0		0	0
goidts	1	NA	1	0		0	0
going	248	0	0	0	2.69	0	0
goire	4	NA	1	0		0	0
goitein	3	NA	1	1		0	0
goiter	3	1	1	0		1	0
gold	15	0	1	0	4.81	0	0
goldblum	1	NA	1	0		0	0
golden	9	NA	1	0	3.12	0	0
goldeneye	7	NA	1	1		1	0
goldfinger	3	NA	1	1		0	0
goldsmith	18	NA	1	1	4.73	0	0
golf	12	NA	1	0	4.52	0	0
golgi	24	NA	1	1		0	0
goliath	1	NA	1	0	3.07	0	0
gonad	11	NA	1	0	4.56	0	1
gonadotropin	4	NA	1	0		0	0
gondwana	3	NA	1	1		0	0
gonna	4	0	1	0		0	0
good	298	0	1	0	1.64	0	1
goodbye	6	0	1	0	3.00	0	0
gooderson	3	NA	1	1		0	0
goodfellow	45	NA	1	1		0	0
goodfellows	2	NA	1	1		0	0
goodman	3	NA	1	1		0	0
goodwill	2	NA	1	0	2.54	0	0
goodwin	6	NA	1	1		0	0
google	118	NA	1	1	3.48	0	0
goose	1	NA	1	0	4.81	0	0
gopro	3	NA	1	1		0	0
gorbachev	3	NA	1	1		0	0
gordon	5	NA	1	1		0	0
gorgeous	3	NA	1	0	2.25	0	0
gorilla	14	NA	1	0	4.97	0	0
gorman	3	NA	1	1		0	0
gosh	2	NA	1	0	1.35	0	0
gospel	4	NA	1	0	3.82	0	0
gossip	3	NA	1	0	3.00	0	0
gothenburg	5	NA	1	1		0	0
gotta	2	0	1	0		0	0
gov	11	NA	1	0		0	0
govern	7	NA	1	0	2.21	0	0
governance	5	NA	1	0	2.11	0	0
governed	2	NA	1	0		0	0
governing	11	0	1	0	2.21	0	0
government	303	NA	1	0	2.88	0	0
governmental	12	NA	1	0	2.27	0	0
governor	13	NA	1	0	4.07	0	0
gps	23	NA	1	1		0	0
grab	9	NA	1	0	3.52	0	0
grace	2	NA	1	0	1.78	0	0
gracious	1	NA	1	0	2.17	0	0
gradation	1	NA	1	0	2.53	0	0
grade	6	NA	1	0	3.00	0	0
gradient	54	1	1	0	3.44	1	1
gradual	15	NA	1	0	1.90	0	0
gradually	21	NA	1	0	2.87	0	0
graduate	14	NA	1	0	3.07	0	0
graffiti	2	NA	1	0	4.73	0	0
graham	16	NA	1	1		1	0
grail	1	NA	1	0	4.23	0	0
grain	59	NA	1	0	4.80	0	1
grainy	1	NA	1	0	3.16	0	0
gram	18	NA	1	0	4.00	0	0
grammar	3	NA	1	0	3.19	0	0
grammatical	3	NA	1	0	2.33	0	0
grammy	6	NA	1	1		0	0
grana	5	NA	1	0		0	0
grand	18	NA	1	0	1.67	0	0
grandchild	8	NA	1	0	4.26	0	0
grande	2	NA	1	1		0	0
grandfather	27	NA	1	0	4.86	0	0
grandmother	9	NA	1	0	4.65	0	0
grandparent	1	NA	1	0	4.03	0	0
grandparenthood	2	1	1	0		1	0
grandson	5	NA	1	0	4.30	0	1
granite	5	NA	1	0	5.00	0	0
granola	3	NA	1	0	4.85	0	0
grant	22	NA	1	0	3.53	0	0
grantham	3	NA	1	1		0	0
granule	1	NA	1	0		0	0
granum	3	NA	1	0		1	0
grape	8	NA	1	0	5.00	0	0
grapefruit	1	NA	1	0	4.96	0	0
grapevine	1	NA	1	0	4.69	0	0
graph	5	NA	1	0	4.66	0	1
graphic	2	NA	1	0	3.20	0	0
graphite	1	NA	1	0	4.58	0	0
grapple	1	NA	1	0	2.86	0	0
grappling	2	NA	1	0	3.12	0	0
grasp	5	NA	1	0	3.63	0	0
grasping	3	NA	1	0	3.26	0	0
grass	30	NA	1	0	4.93	0	0
grasshopper	3	NA	1	0	4.91	0	0
grassland	17	NA	1	0	4.60	1	0
grassroots	6	NA	1	0	2.63	0	0
grateful	13	NA	1	0	1.78	0	0
grave	9	NA	1	0	4.56	0	0
gravel	2	NA	1	0	5.00	0	0
graves	1	NA	1	0	4.89	0	0
gravis	1	NA	1	0		0	0
gravitational	2	NA	1	0	2.79	0	0
gravity	23	NA	1	0	2.86	0	0
gray	4	NA	1	0	3.46	0	0
graze	1	NA	1	0	3.52	0	0
grazing	15	NA	1	0	3.54	0	0
gre	1	NA	1	0		0	0
greasewood	1	NA	1	0		0	0
great	200	0	1	0	1.81	0	0
greater	103	NA	1	0	2.35	0	0
greatest	41	NA	1	0		0	0
greatly	19	NA	1	0	1.89	0	0
grecian	3	NA	1	1		0	0
greece	22	NA	1	1		0	0
greek	46	0	1	1		0	1
greeley	1	NA	1	0		0	0
green	105	0	1	0	4.07	0	0
greene	6	NA	1	1		1	0
greenfield	2	NA	1	0		0	0
greenhouse	47	NA	1	0	4.76	0	0
greenland	4	NA	1	1		0	0
greenpeace	3	NA	1	1		0	0
greens	1	NA	1	0	4.10	0	0
greet	4	NA	1	0	2.96	0	0
greg	6	NA	1	1		0	0
gregor	5	0	1	1		0	0
grenade	2	NA	1	0	4.90	0	0
grey	16	NA	1	0	4.11	0	0
greyhound	2	NA	1	1	5.00	0	0
grid	5	NA	1	0	4.55	0	0
gridlock	1	NA	1	0	3.19	0	0
grieve	2	NA	1	0	2.41	0	0
grill	3	NA	1	1	4.86	0	0
grille	3	NA	1	0	4.04	0	0
grim	4	NA	1	0	1.82	0	0
grimsby	3	NA	1	1		0	0
grin	6	NA	1	0	4.17	0	0
grind	1	NA	1	0	3.97	0	0
grinding	3	NA	1	0	4.10	0	0
grinnell	1	NA	1	0		0	0
grip	4	NA	1	0	4.30	0	0
gristle	1	NA	1	0	4.41	0	0
gritty	2	NA	1	0	2.97	0	0
grizzly	1	NA	1	0	3.17	0	0
grocery	8	NA	1	0	4.31	0	0
gromphadorhina	1	NA	1	0		0	0
groombridge	1	NA	1	0		0	0
groove	2	NA	1	0	3.79	0	0
gross	14	NA	1	0	2.96	0	0
grossly	1	NA	1	0	2.12	0	0
ground	106	0	1	0	4.77	0	0
groundbreaking	5	NA	1	0		0	0
grounds	19	NA	1	0	4.43	0	0
groundswell	1	NA	1	0	2.92	0	0
groundwater	18	2	1	0	4.37	1	0
group	550	0	1	0	4.12	3	3
grouper	1	NA	1	0		0	0
grouping	11	NA	1	0	3.14	0	2
grove	1	NA	1	0	4.76	0	0
grow	252	NA	1	0	3.03	0	1
growing	147	NA	1	0	2.89	0	1
growl	3	NA	1	0	4.30	0	0
growth	227	NA	1	0	2.89	3	1
gruesome	2	NA	1	0	2.72	0	0
grunsfeld	2	NA	1	1		0	0
gtc	2	NA	1	1		0	0
gtlds	9	NA	1	0		0	0
gtp	2	NA	1	1		0	0
guadalajara	3	NA	1	1		0	0
guadiamar	2	NA	1	1		0	0
guam	3	NA	1	1		0	0
guanine	10	NA	1	0		0	0
guanosine	1	NA	1	0		0	0
guarantee	17	NA	1	0	1.96	0	0
guard	26	NA	1	0	4.04	0	0
guardian	40	NA	1	1	3.28	0	0
guatemala	3	NA	1	1		0	0
guatemalan	6	NA	1	1		0	1
guerrero	3	NA	1	1		0	0
guess	12	0	1	0	2.28	0	0
guessing	1	NA	1	0	2.85	0	0
guesswork	1	NA	1	0	2.04	0	0
guest	16	NA	1	0	3.83	0	0
guesthouse	1	NA	1	0	4.53	0	0
gug	1	NA	1	0		0	0
guidance	4	NA	1	0	2.46	0	0
guide	33	0	1	0	3.70	0	0
guidebook	5	NA	1	0	4.83	0	1
guideline	12	NA	1	0	3.93	0	1
guild	1	NA	1	0	2.96	0	0
guillaume	3	NA	1	0		0	0
guilt	3	NA	1	0	1.93	0	0
guilty	20	NA	1	0	2.36	0	0
guinea	2	NA	1	1	3.70	0	0
guinness	1	NA	1	0		0	0
guitar	10	NA	1	0	4.90	0	1
guitarist	6	0	1	0	4.58	0	0
gujarat	3	NA	1	1		0	0
gulf	6	NA	1	1	4.08	0	0
gulzar	3	NA	1	1		0	0
gum	6	NA	1	0	4.89	0	0
gummy	3	NA	1	0	3.70	0	0
gun	17	0	1	0	4.83	0	0
gunman	11	NA	1	0	4.48	0	0
gunner	3	NA	1	0	4.35	0	0
gunpoint	2	NA	1	0	3.48	0	0
gunpowder	1	NA	1	0	4.79	0	0
gupta	6	0	1	1		1	0
gur	18	NA	1	0		0	0
gursha	3	NA	1	0		2	0
guru	6	NA	1	0	3.60	0	1
gustafsson	7	NA	1	1		0	0
gustavsson	1	NA	1	0		0	0
gut	20	NA	1	0	4.15	0	0
guts	3	NA	1	0	3.85	0	0
guy	35	0	1	0	4.68	0	0
guyana	3	NA	1	1		0	0
guzzling	1	NA	1	0		0	0
gvea	1	NA	1	0		0	0
gwas	7	NA	1	1		0	0
gym	8	NA	1	0	4.83	0	0
gymnosperm	23	4	1	0		1	0
gynaecologist	1	NA	1	0		0	1
gynecology	1	NA	1	0	3.50	0	0
gynoecium	3	NA	1	0		1	0
haart	2	NA	1	1		0	0
habit	33	NA	1	0	2.76	0	0
habitant	2	NA	1	0	3.59	0	0
habitat	131	NA	1	0	3.90	1	1
habitation	2	NA	1	0	3.08	0	0
hack	6	NA	1	0	3.10	0	0
hacker	9	NA	1	0	3.74	0	0
hadn	6	NA	1	0		0	0
hadnt	2	NA	1	0		0	0
hadrian	1	NA	1	0		0	0
haemorrhage	1	NA	1	0	4.22	0	0
hafnium	2	NA	1	0		0	0
hagfish	14	1	1	0		1	0
haggerty	9	NA	1	1		0	0
haibike	2	NA	1	1		0	0
hail	2	NA	1	0	4.32	0	0
hair	60	0	1	0	4.97	1	0
hairdresser	2	NA	1	0	4.79	0	0
hairdryers	3	NA	1	0		0	0
hairless	1	NA	1	0	4.52	0	0
hairlessness	2	NA	1	0	3.70	0	0
hairlike	3	NA	1	0		0	0
hairstylist	3	NA	1	0	4.79	0	0
haite	7	NA	1	0		0	0
haiti	2	NA	1	1		0	0
hajar	2	NA	1	1		0	0
hakima	3	NA	1	1		0	0
halb	3	NA	1	0		0	0
halberd	1	NA	1	0		1	0
hale	1	NA	1	0		0	0
half	206	0	1	0	3.27	0	0
halfway	6	NA	1	0	3.07	0	0
hall	16	NA	1	0	4.67	0	0
hallam	1	NA	1	0		0	0
halley's	1	NA	1	0		0	0
hallmark	2	NA	1	0	2.89	0	0
hallucinate	3	NA	1	0	2.52	0	0
hallucination	2	NA	1	0	2.14	0	0
halophyte	2	NA	1	0		0	0
halophytic	1	NA	1	0		0	0
halt	7	NA	1	0	3.38	0	0
halve	2	NA	1	0	3.81	0	0
ham	3	NA	1	1	4.90	0	0
hamblin	12	1	1	1		1	0
hamburg	12	NA	1	1		0	0
hamburger	3	NA	1	0	5.00	0	1
hamelle	1	NA	1	0		0	0
hamlet	3	NA	1	1	3.58	0	0
hammer	3	NA	1	0	4.77	0	0
hammerhead	2	NA	1	0	4.28	0	0
hammering	3	NA	1	0	3.85	0	0
hammersmith	3	NA	1	1		0	0
hamper	5	NA	1	0	4.21	0	0
hampshire	5	0	1	1		0	0
hampstead	3	NA	1	1		0	0
hampton	34	NA	1	1		0	0
han	10	0	1	1		0	0
hanania	1	NA	1	0		0	0
hand	94	0	1	0	4.72	0	1
handbag	1	NA	1	0	4.93	0	0
handbaggings	1	NA	1	0		0	0
handedness	1	NA	1	0	2.59	0	0
handful	7	NA	1	0	3.48	0	0
handgrip	3	NA	1	0	4.29	0	0
handheld	4	NA	1	0	3.93	0	0
handhold	2	NA	1	0	3.91	0	0
handle	14	0	1	0	4.57	0	0
handling	2	NA	1	0	3.00	0	0
handout	1	NA	1	0	3.52	0	0
hands	31	0	1	0		0	0
handset	3	NA	1	0	4.38	0	0
handshake	5	NA	1	0	4.52	0	0
handwritten	2	NA	1	0	4.07	0	0
hang	18	0	1	0	3.70	0	0
hangar	1	NA	1	0	4.50	0	0
hanging	8	NA	1	0	4.03	0	0
hangover	1	NA	1	0	3.57	0	0
hankyu	6	NA	1	0		0	0
hanna	3	NA	1	0		0	0
hannah	9	NA	1	0		0	0
hanshin	6	NA	1	0		0	0
hanton	3	NA	1	1		0	0
haphazard	1	NA	1	0	2.48	0	0
hapless	1	NA	1	0	1.74	0	0
haplodiplontic	2	NA	1	0		0	0
haploid	84	NA	1	0		0	0
haplontic	2	2	1	0		1	0
hapmap	2	NA	1	1		0	0
happen	199	0	1	0	1.78	0	0
happening	44	0	1	0	2.10	0	0
happily	7	NA	1	0	1.96	0	0
happiness	18	NA	1	0	2.60	0	0
happy	93	0	1	0	2.56	0	0
hara	1	NA	1	0		0	0
harass	3	NA	1	0	2.67	0	0
harassment	5	NA	1	0	2.58	0	0
harbor	1	NA	1	0	4.57	0	0
harbour	5	NA	1	1		0	0
hard	180	0	1	0	3.76	0	0
harden	3	NA	1	0	3.36	0	0
hardening	1	NA	1	0	2.96	0	0
hardiness	1	NA	1	0	2.18	0	0
hardline	1	NA	1	0	2.54	0	0
hardly	4	NA	1	0	1.62	0	0
hardship	2	NA	1	0	1.79	0	0
hardware	14	NA	1	0	4.62	0	0
hardwood	1	NA	1	0	4.40	0	0
hardy	12	NA	1	1	2.22	0	0
hare	9	NA	1	0	4.88	0	0
hariharan	1	NA	1	0		0	0
haringey	7	NA	1	1		0	0
harlem	3	NA	1	1		0	0
harlequin	1	NA	1	0	3.48	0	0
harm	20	NA	1	0	2.62	0	0
harmful	18	NA	1	0	2.19	0	0
harmless	20	NA	1	0	1.90	0	0
harmonia	1	NA	1	0		0	0
harmony	6	NA	1	0	2.46	0	0
harness	16	NA	1	0	4.14	0	0
haro	3	NA	1	1		0	0
harper	3	NA	1	1		2	0
harpoon	1	NA	1	0	4.67	0	0
harriet	12	NA	1	1		0	0
harriets	3	NA	1	1		0	0
harringay	1	NA	1	0		0	0
harris	1	NA	1	0		0	0
harrison	3	NA	1	1		0	0
harry	19	0	1	1		0	0
harsh	12	NA	1	0	2.23	0	0
harshness	1	NA	1	0	2.19	0	0
hartlauer	9	NA	1	1		0	0
harvard	8	NA	1	1		0	0
harvest	29	NA	1	0	4.00	0	0
harvesting	17	NA	1	0		0	0
harvey	3	NA	1	1		0	0
hashima	1	NA	1	1		0	0
hashtag	3	NA	1	0		0	0
hasn	13	0	1	0		0	0
hasnt	7	NA	1	0		0	0
hassawi	1	NA	1	0		0	0
hasson	4	NA	1	1		1	0
hastily	3	NA	1	0	2.31	0	0
hat	2	NA	1	0	4.88	0	0
hatch	12	NA	1	0	4.46	0	0
hatching	3	NA	1	0	3.41	0	0
hate	30	0	1	0	1.97	0	0
haul	2	NA	1	0	3.81	0	0
hauling	2	NA	1	0		0	0
havana	5	NA	1	1		0	0
have	138	0	0	0	2.18	0	0
havelange	3	NA	1	1		0	0
haven	21	0	1	0	3.38	0	0
havent	7	NA	1	0		0	0
havoc	3	NA	1	0	2.18	0	0
hawaii	14	NA	1	1		0	0
hawaii's	1	NA	1	0		0	0
hawaiian	4	NA	1	1		0	0
hawit	6	NA	1	1		0	0
hawk	3	NA	1	1	4.93	0	0
hawke	2	NA	1	1		0	0
hawking	3	NA	1	1	2.67	0	0
hawthorn	1	NA	1	0		0	0
hay	6	NA	1	1	4.87	0	0
hayatou	9	NA	1	1		0	0
hayles	6	NA	1	1		0	0
haystack	3	NA	1	0	4.87	0	0
hazard	9	NA	1	0	3.67	0	0
hazardous	17	0	1	0	3.10	0	0
hazel	2	NA	1	0	3.70	0	0
hcg	3	NA	1	1		0	0
hco	2	NA	1	1		0	0
he	24	0	0	0	3.93	0	0
head	161	0	1	0	4.75	1	7
headache	4	NA	1	0	3.90	0	0
header	3	NA	1	0	3.93	0	0
heading	9	NA	1	0	3.10	0	0
headline	31	NA	1	0	4.04	0	0
headman	2	NA	1	0	3.74	0	1
headphone	5	NA	1	0	4.93	0	0
headquarters	6	NA	1	0	4.14	0	0
headset	4	NA	1	0	4.83	0	0
headspace	2	NA	1	1	2.83	0	0
headteacher	3	NA	1	0	3.69	0	0
headwater	3	NA	1	0		0	0
headway	1	NA	1	0	2.30	0	0
headwind	2	NA	1	0	3.29	0	0
heal	1	NA	1	0	3.03	0	0
healing	1	NA	1	0	2.76	0	0
health	252	0	1	0	2.28	0	0
healthcare	31	NA	1	0	3.24	0	0
healthier	16	NA	1	0		0	0
healthy	55	NA	1	0	3.31	0	0
heaps	1	NA	1	0	3.42	0	0
hear	141	0	1	0	3.66	0	0
hearing	32	NA	1	0	3.18	0	0
heart	147	0	1	0	4.52	2	1
heartbeat	3	NA	1	0	4.08	0	0
heartbreaking	2	NA	1	0	2.04	0	0
heartburn	1	NA	1	0	3.39	0	0
hearts	14	NA	1	0	4.48	0	0
heartstrings	2	NA	1	0		0	0
heartworm	1	NA	1	0	4.15	0	0
hearty	3	NA	1	0	2.55	0	0
heat	166	NA	1	0	3.79	0	1
heater	2	NA	1	0	4.80	0	0
heath	4	NA	1	1		0	0
heathrow	6	NA	1	1		0	0
heating	10	NA	1	0	3.34	0	0
heatwaves	3	NA	1	0		0	0
heavens	1	NA	1	0	2.57	0	0
heavily	17	NA	1	0	3.15	0	0
heavy	43	NA	1	0	3.37	0	0
hectare	5	NA	1	0		0	0
hed	1	NA	1	0		0	0
hedge	1	NA	1	0	4.54	0	0
hedgehog	1	NA	1	0	4.93	0	0
heebie	2	NA	1	0		0	0
heel	4	NA	1	0	4.86	0	0
heidi	3	NA	1	0		0	0
height	22	NA	1	0	3.86	0	0
heighten	1	NA	1	0	2.52	0	0
heights	2	NA	1	0		0	0
heir	3	NA	1	0	3.21	0	0
hela	3	NA	1	1		0	0
helen	3	NA	1	1		0	0
helena	10	NA	1	1		0	0
helical	1	NA	1	0		0	0
helicase	3	3	1	0		1	0
heliconius	1	NA	1	0		0	0
helicopter	44	0	1	0	4.62	0	0
helipad	3	NA	1	0		0	0
helium	7	2	1	0	3.96	1	0
helix	22	NA	1	0		2	2
hell	3	0	1	0	2.41	0	0
hello	3	0	1	1	2.80	0	0
helmand	3	NA	1	1		0	0
helmet	1	NA	1	0	4.92	0	0
help	470	0	1	0	2.56	0	1
helpage	3	NA	1	1		0	0
helper	14	NA	1	0	3.39	0	0
helpful	11	NA	1	0	1.76	0	0
helping	39	NA	1	0	2.53	0	0
helpline	3	NA	1	0	3.23	0	0
helplines	3	NA	1	0		0	0
hemisphere	18	NA	1	0	3.58	0	0
hemispherical	1	NA	1	0	3.00	0	0
hemizygosity	2	NA	1	0		0	0
hemizygous	3	NA	1	0		1	0
hemocoel	6	1	1	0		1	0
hemoglobin	7	2	1	0	4.08	2	0
hemolymph	2	NA	1	0		0	0
hemolytic	2	NA	1	0		0	0
hemophilia	1	NA	1	0	3.22	0	0
hen	6	NA	1	1	4.90	0	0
hence	13	NA	0	0	1.41	0	0
henk	3	NA	1	0		0	0
henrietta	3	NA	1	1		0	0
henriksson	2	NA	1	1		0	0
henry	3	0	1	1		0	0
hepatitis	6	NA	1	0	3.96	0	0
hepworth	3	NA	1	1		0	0
herald	1	NA	1	0	2.87	0	0
herb	1	NA	1	0	4.57	0	1
herbaceous	6	NA	1	0		0	0
herbal	1	NA	1	0	3.57	0	0
herbert	3	NA	1	1		0	0
herbicide	1	NA	1	0	4.10	0	0
herbivore	24	NA	1	0	4.08	0	0
herbivorous	1	NA	1	0	2.70	0	0
herbivory	6	NA	1	0		0	0
herculaneum	1	NA	1	0		0	0
herd	3	NA	1	0	4.11	0	0
hereditary	4	NA	1	0	2.00	0	0
heredity	8	NA	1	0	1.81	0	0
herein	1	NA	0	0	1.89	0	0
heritable	9	NA	1	0		0	0
heritage	18	NA	1	0	2.34	1	0
hermaphrodite	7	NA	1	0	4.42	0	0
hermaphroditic	9	NA	1	0		0	0
hermaphroditism	4	1	1	0		1	0
hernandez	4	NA	1	1		0	0
hero	14	0	1	0	3.07	0	0
heroic	1	NA	1	0	1.85	0	0
heroin	6	NA	1	0	4.57	0	0
heroism	2	NA	1	0	2.67	0	0
herpes	3	NA	1	0	3.88	0	0
hers	9	NA	0	0	2.61	0	0
herself	21	NA	0	0	3.00	0	0
hertfordshire	1	NA	1	0		0	0
hertz	1	NA	1	0	2.63	0	0
hetero	1	NA	1	0	2.52	0	0
heterochromatin	1	NA	1	0		0	0
heterodera	1	NA	1	0		0	0
heterodont	2	NA	1	0		0	0
heterogeneity	3	NA	1	0		1	0
heterogeneous	1	NA	1	0	2.59	0	0
heterosporous	9	NA	1	0		0	0
heterospory	1	NA	1	0		0	0
heterotroph	17	NA	1	0		1	0
heterotrophic	3	NA	1	0		0	0
heterozygote	23	NA	1	0		0	1
heterozygous	21	NA	1	0		0	0
hexapod	2	NA	1	0		0	0
hexapoda	4	NA	1	1		0	0
hexose	1	NA	1	0		0	0
heyday	3	NA	1	0	1.52	0	0
hfsg	1	NA	1	0		0	0
hgh	2	NA	1	1		0	0
hiatus	2	NA	1	0	2.07	0	0
hibernate	2	NA	1	0	2.92	0	0
hick	3	1	1	1	3.45	1	0
hickory	3	NA	1	0	4.34	0	0
hide	26	NA	1	0	3.21	0	1
hideo	1	NA	1	0		0	0
hiding	6	NA	1	0		0	0
hierarchical	5	NA	1	0	2.22	0	0
hierarchy	6	NA	1	0	2.59	0	0
high	453	0	1	0	3.46	0	0
highclere	32	NA	1	1		0	0
highcleres	2	NA	1	0		0	0
higher	139	NA	1	0	2.93	0	0
highlands	5	NA	1	1		0	0
highlight	29	NA	1	0	3.11	0	0
highlighting	6	NA	1	0		0	0
highly	79	0	1	0	2.19	0	0
highness	6	NA	1	1	2.44	0	1
highway	6	0	1	0	4.72	0	0
hijack	4	NA	1	0	3.33	0	0
hike	4	NA	1	0	4.14	0	0
hiking	1	NA	1	0		0	0
hill	22	NA	1	0	4.93	0	0
hillary	2	NA	1	1		0	0
hillsborough	9	NA	1	1		0	0
hillside	2	NA	1	0	4.78	0	0
hilton	1	NA	1	0		0	0
himalayan	3	NA	1	1		0	0
himalayas	4	NA	1	1		0	0
himself	41	0	0	0	3.50	0	0
hind	2	NA	1	0	3.96	0	0
hinder	6	NA	1	0	2.78	0	1
hindu	4	NA	1	1	3.50	0	0
hinduism	4	NA	1	1		0	0
hinge	4	NA	1	0	4.57	0	0
hint	9	0	1	0	2.33	0	0
hip	11	NA	1	0	4.21	0	0
hipparion	1	NA	1	0		0	0
hippocampus	11	NA	1	0		2	1
hippopotamus	1	NA	1	0	4.93	0	0
hire	16	NA	1	0	3.11	0	0
hiroshi	6	NA	1	1		0	0
hirudinea	1	NA	1	0		0	0
hirudinoidea	2	NA	1	1		0	0
hissing	1	NA	1	0	4.07	0	0
histamine	3	NA	1	0		0	0
histocompatibility	3	NA	1	0		0	0
histone	5	2	1	0		2	0
histoplasma	2	NA	1	1		0	0
histoplasmosis	1	NA	1	0		0	0
historian	19	NA	1	0	3.90	0	0
historic	20	NA	1	0	1.93	0	0
historical	10	NA	1	0	1.93	0	0
historically	6	NA	1	0	2.38	0	0
history	136	0	1	0	2.96	0	1
hit	103	0	1	0	4.11	1	1
hitch	2	NA	1	0	3.93	0	0
hitchcock	3	NA	1	1		0	0
hitting	5	NA	1	0		0	0
hiv	72	NA	1	1		2	0
hive	1	NA	1	0	4.83	0	0
hives	2	NA	1	0	4.11	0	0
hmg	2	NA	1	0		0	0
hmrc	6	NA	1	1		0	0
hmts	1	NA	1	0		0	0
hno	1	NA	1	0		0	0
ho's	1	NA	1	0		0	0
hoarder	1	NA	1	0	3.63	0	0
hoarding	2	NA	1	0	3.07	0	0
hobby	6	NA	1	0	2.93	0	0
hoc	1	NA	1	0		0	0
hodge	2	NA	1	1		0	0
hodgson	1	NA	1	0		0	0
hoeven	6	NA	1	1		0	0
hogarth	3	NA	1	1		0	0
holbrooke	3	NA	1	1		0	0
hold	155	0	1	0	3.68	0	3
holdcroft	6	NA	1	1		0	0
holder	6	NA	1	0	3.74	0	1
holding	38	NA	1	0	3.72	0	0
hole	15	NA	1	0	4.81	0	0
holger	3	NA	1	0		0	0
holiday	60	NA	1	0	2.86	0	0
holidaymaker	3	NA	1	0		0	0
holistic	3	NA	1	0	2.08	0	0
hollow	23	NA	1	0	3.61	0	0
hollywood	5	NA	1	1		0	0
holocene	1	NA	1	0		0	0
holothuria	1	NA	1	0		0	0
holothuroidea	2	NA	1	1		0	0
holy	4	NA	1	1	1.67	0	0
homage	1	NA	1	0	2.17	0	0
home	288	0	1	0	4.11	0	0
homeland	7	NA	1	0	3.45	0	0
homeless	12	NA	1	0	3.04	0	0
homeopathy	3	NA	1	0		0	0
homeostasis	13	1	1	0	2.44	4	0
homeostatic	5	NA	1	0	2.54	0	0
homeostatically	2	NA	1	0		0	0
homeowner	3	NA	1	0	3.93	0	0
hometown	1	NA	1	0	3.33	0	0
homework	3	NA	1	0	4.50	0	1
hominid	1	NA	1	0		0	0
homme	2	NA	1	0		0	0
homo	2	NA	1	1		0	0
homogeneous	3	NA	1	0	2.84	0	0
homolog	2	NA	1	0		0	0
homologous	77	0	1	0		0	0
homologs	3	NA	1	0		0	0
homology	3	NA	1	0		0	0
homophobia	3	NA	1	0	2.04	0	0
homosporous	3	NA	1	0		0	0
homozygote	7	NA	1	0		0	1
homozygous	24	NA	1	0		0	0
homozygously	1	NA	1	0		0	0
hone	2	NA	1	0	2.52	0	0
honest	8	0	1	0	1.66	0	0
honestly	2	NA	1	0	1.93	0	0
honesty	1	NA	1	0	1.59	0	0
honey	14	0	1	0	4.88	0	0
honeybee	5	NA	1	0	4.86	0	0
honeycreeper	2	NA	1	0		0	0
honeymoon	2	NA	1	0	3.59	0	0
hong	11	NA	1	1		0	0
honour	29	NA	1	0		0	0
honours	1	NA	1	0		0	0
hony	1	NA	1	0		0	0
hood	7	NA	1	1	4.88	0	0
hoodwink	2	NA	1	0	2.08	0	0
hooft	5	NA	1	1		1	0
hook	6	NA	1	0	4.79	0	0
hooke	2	NA	1	1		0	0
hooks	4	NA	1	0		0	0
hoover	1	NA	1	0	3.76	0	0
hop	5	NA	1	0	3.80	0	0
hope	187	0	1	0	1.25	0	0
hopeful	5	NA	1	0	1.70	0	0
hopefully	12	NA	1	0	2.00	0	0
hopethe	1	NA	1	0		0	0
hopkins	1	NA	1	0		0	0
hoppiest	2	NA	1	0		0	0
hops	3	NA	1	0		0	0
horde	1	NA	1	0	3.70	0	0
horizon	19	0	1	1	4.44	1	0
horizonte	6	0	1	1		0	0
horley	1	NA	1	0		0	0
hormonal	3	NA	1	0	2.66	0	0
hormone	142	0	1	0	3.33	2	7
horn	13	NA	1	0	5.00	0	0
hornbeam	1	NA	1	0		0	0
hornwort	9	1	1	0		2	0
horri	2	NA	1	0		0	0
horrible	3	NA	1	0	2.20	0	0
horrifi	1	NA	1	0		0	0
horrifically	1	NA	1	0	2.20	0	0
horror	4	NA	1	0	2.50	0	0
horse	25	0	1	0	5.00	0	0
horsemeat	1	NA	1	0	4.83	0	0
horseshoe	7	NA	1	0	5.00	0	0
horsetail	12	4	1	0	4.80	1	1
horticulture	3	NA	1	0	3.41	0	0
hose	1	NA	1	0	4.87	0	0
hospitable	3	NA	1	0	1.81	0	0
hospital	82	0	1	0	4.64	0	0
hospitality	4	NA	1	0	2.15	0	0
hospitalize	1	NA	1	0	3.29	0	0
host	121	NA	1	0	3.63	0	0
hostage	3	NA	1	0	4.26	0	0
hostile	6	NA	1	0	2.62	0	0
hot	84	0	1	0	4.31	0	0
hotel	94	0	1	0	4.93	0	1
hotelier	4	NA	1	0		0	0
hotline	3	NA	1	0	3.00	0	0
hotly	1	NA	1	0	2.27	0	0
hotspot	12	3	1	0	3.69	1	0
houlton	1	NA	1	0		0	0
hound	1	NA	1	0	4.48	0	0
hour	110	0	1	0	3.10	0	0
hours	247	0	1	0		0	1
house	201	0	1	0	5.00	0	1
houseboat	1	NA	1	0	4.74	0	0
household	34	1	1	0	3.86	1	0
housekeeping	3	NA	1	0	3.40	0	0
houseplant	3	NA	1	0	4.83	0	0
housewife	1	NA	1	0	4.43	0	0
housing	29	NA	1	0	4.00	1	0
houston	1	NA	1	0		0	0
hovercraft	2	NA	1	0	4.58	0	0
hoverflies	1	NA	1	0		0	0
hoverfly	1	NA	1	0		0	0
how	1	0	0	0	1.35	0	0
howard	7	NA	1	1		0	0
howbig	1	NA	1	0		0	0
howe	1	NA	1	0		0	0
however	323	NA	0	0	1.79	0	0
howl	2	NA	1	0	3.83	0	0
howler	1	NA	1	0	3.28	0	0
howlin	1	NA	1	0		0	0
hoxton	8	NA	1	1		0	0
hrh	2	NA	1	1		0	0
hrn	1	NA	1	0		0	0
hsbc	3	NA	1	1		0	0
htc	1	NA	1	0		0	0
htf	2	NA	1	1		0	0
htm	1	NA	1	0		0	0
html	7	NA	1	0		0	0
http	18	NA	1	0		0	0
huachipa	3	NA	1	1		0	0
huawei	5	NA	1	1		0	0
hub	9	NA	0	0	3.59	0	0
huber	11	1	1	1		1	0
hue	3	NA	1	0	3.66	0	0
huffing	2	NA	1	0		0	0
huffington	23	NA	1	1		0	0
huffingtons	1	NA	1	0		0	0
huge	127	0	1	0	3.54	0	0
hugely	17	NA	1	0	2.23	0	0
huggin	1	NA	1	0		0	0
hugging	3	NA	1	0	4.11	0	0
hughes	2	NA	1	1		0	0
hugo	3	NA	1	1		0	0
human	392	0	1	0	4.93	0	1
humandriven	1	NA	1	0		0	0
humane	2	NA	1	0	1.79	0	0
humanity	19	NA	1	0	2.36	0	0
humanize	1	NA	1	0	1.67	0	0
humankind	1	NA	1	0	3.33	0	0
humans	299	0	1	0		0	1
humber	3	NA	1	1		0	0
humble	8	0	1	0	1.73	0	0
humbly	1	NA	1	0	1.59	0	0
humerus	1	NA	1	0	4.18	1	0
humid	3	NA	1	0	3.48	0	0
humidify	2	NA	1	0	3.36	0	0
humidity	9	NA	1	0	3.00	0	0
humiliate	3	NA	1	0	2.07	0	0
hummingbird	5	NA	1	0	4.96	0	0
humongous	1	NA	1	0	3.42	0	0
humoral	9	NA	1	0		0	0
humour	3	NA	1	0		0	0
humpback	1	NA	1	0	4.69	0	0
humphries	2	NA	1	1		0	0
humphry	1	NA	1	0		0	0
humus	2	NA	1	0		0	0
hundred	125	0	0	0	3.20	0	0
hungarian	2	NA	1	0		0	0
hungary	3	NA	1	1		0	0
hunger	16	NA	1	0	3.30	0	0
hungry	12	0	1	0	2.90	0	0
hunky	3	NA	1	1	2.42	0	0
hunnicutt	1	NA	1	0		0	0
hunt	30	NA	1	0	3.81	0	0
hunter	28	NA	1	0	4.41	0	0
hunting	27	NA	1	0	3.96	1	0
huntington	1	NA	1	0		0	0
huq	3	NA	1	1		0	0
hurdles	2	NA	1	0		0	0
huron	6	NA	1	1		0	0
hurricane	10	NA	1	1	4.59	0	0
hurriedly	1	NA	1	0	1.92	0	0
hurry	1	0	1	0	2.63	0	0
hurt	19	0	1	0	3.61	0	0
hurting	1	NA	1	0	3.03	0	0
hurtle	1	NA	1	0	3.59	0	0
husband	14	0	1	0	4.11	0	0
husbandry	1	NA	1	0	2.23	0	0
husin	3	NA	1	1		0	0
hut	3	NA	1	1	4.65	0	0
huth	6	NA	1	1		0	0
hutton	2	NA	1	0		1	0
hutu	5	NA	1	1		0	0
hybrid	13	NA	1	0	3.21	0	0
hybridization	6	1	1	0	2.24	1	0
hyde	1	NA	1	0		0	0
hydra	12	0	1	1	3.29	1	0
hydration	6	NA	1	0	3.54	0	0
hydro	6	NA	1	0	3.36	0	0
hydrocarbon	20	NA	1	0	3.75	0	1
hydrochloric	2	NA	1	0	2.65	0	0
hydroelectric	2	NA	1	0	3.38	0	0
hydroelectricity	3	NA	1	0	3.63	0	0
hydrofish	2	NA	1	1		0	0
hydrogen	156	NA	1	0	3.32	0	0
hydrogenate	2	NA	1	0	2.75	0	0
hydrogenation	2	NA	1	0		0	0
hydrological	1	NA	1	0		0	0
hydrology	1	NA	1	0		0	0
hydrolysis	3	1	1	0	2.87	3	0
hydrolytic	3	NA	1	0		0	0
hydrophilic	8	NA	1	0		0	0
hydrophobic	15	NA	1	0	3.00	0	0
hydroponics	1	4	1	0	3.20	2	0
hydropower	6	NA	1	0	3.08	0	0
hydrosphere	2	1	1	0		2	0
hydrostatic	1	NA	1	0		0	0
hydrothermal	10	NA	1	0	2.59	0	0
hydroxide	4	NA	1	0	3.57	0	0
hydroxyl	5	NA	1	0		0	0
hydrozoa	4	NA	1	1		0	0
hydrozoan	1	NA	1	0		0	0
hygiene	12	0	1	0	3.11	0	0
hyoid	7	NA	1	0		0	0
hype	5	NA	1	0	1.75	0	0
hyper	1	NA	1	0	2.00	0	0
hypercholesterolemia	1	NA	1	0		0	0
hypersensitivity	14	NA	1	0	2.44	3	1
hypertension	1	NA	1	0	2.89	0	0
hyperthyroidism	2	NA	1	0	2.61	0	0
hypertonic	7	NA	1	0		0	0
hypha	18	NA	1	0		1	0
hypo	1	NA	1	0	1.88	0	0
hypocrisy	1	NA	1	0	2.00	0	0
hypogaea	1	NA	1	0		0	0
hypophysis	2	NA	1	0		0	0
hypostatic	1	NA	1	0		0	0
hypothalamus	38	NA	1	0		1	1
hypothesis	56	2	1	0	2.12	1	1
hypothesize	7	NA	1	0	1.83	0	0
hypothetical	4	NA	1	0	1.30	0	0
hypothyroidism	2	NA	1	0	2.58	0	0
hypotonic	5	NA	1	0		0	0
iaia	1	NA	1	0		0	0
iaib	2	NA	1	1		0	0
ian	5	NA	1	1		0	0
iberian	1	NA	1	0		0	0
ibib	1	NA	1	0		0	0
ibm	4	NA	1	1		0	0
ibsen	3	NA	1	1		1	0
ibu	1	NA	1	0		0	0
icai	1	NA	1	0		0	0
icann	5	NA	1	1		0	0
icanns	1	NA	1	0		0	0
ice	127	0	1	0	4.89	0	0
ice's	1	NA	1	0		0	0
iceberg	1	NA	1	0	4.96	0	0
iceland	26	1	1	1		1	0
icelandic	24	NA	1	1		0	0
icon	3	NA	1	0	3.46	0	0
iconic	3	NA	1	0	2.55	0	0
ict	2	NA	1	0		0	0
icy	6	NA	1	0	4.22	0	0
ida	6	NA	1	1		0	0
idea	172	0	1	0	1.61	1	3
ideal	20	NA	1	0	1.37	0	0
idealism	1	NA	1	0	1.64	0	0
idealistic	1	NA	1	0	1.21	0	0
idealize	3	NA	1	0	1.19	0	0
ideally	1	NA	1	0	1.33	0	0
identi	7	NA	1	0		0	0
identical	57	NA	1	0	3.50	0	0
identifiable	4	NA	1	0	2.30	0	0
identification	8	NA	1	0	3.40	0	0
identify	148	NA	1	0	2.64	0	0
identity	15	NA	1	0	2.00	0	0
ideology	3	NA	1	0	1.62	0	0
idiot	2	NA	1	0	3.32	0	0
idol	3	NA	1	0	3.63	0	0
iea	11	NA	1	1		0	0
ieas	1	NA	1	0		0	0
if	1	0	0	0	1.19	0	0
ifpi	15	NA	1	1		0	0
iftar	4	NA	1	0		0	0
igg	4	NA	1	1		0	0
ight	4	NA	1	0		0	0
ights	2	NA	1	0		0	0
igneous	22	NA	1	0		0	0
ignis	1	NA	1	0		0	0
ignite	1	NA	1	0	4.04	0	0
ignition	1	NA	1	0	3.37	0	0
ignore	26	NA	1	0	2.22	0	0
iguchi	24	1	1	1		2	0
iguchis	1	NA	1	0		0	0
ihme	18	NA	1	1		0	0
iii	18	NA	0	1		0	0
iise	2	NA	1	1		0	0
ikea	8	NA	1	1		0	0
ileocecal	2	NA	1	0		0	0
ileum	4	NA	1	0		0	0
ill	30	NA	1	0	3.21	0	0
illegal	51	NA	1	0	2.37	0	0
illegally	13	NA	1	0	1.93	0	0
illegitimate	2	NA	1	0	1.82	0	0
illiberal	3	NA	1	0		0	0
illicit	1	NA	1	0	1.89	0	0
illinois	8	NA	1	1		0	0
illness	46	NA	1	0	3.54	1	0
illogical	1	NA	1	0	1.38	0	0
illuminate	2	NA	1	0	3.55	0	0
illusion	3	NA	1	0	2.48	0	0
illustrate	31	NA	1	0	3.31	0	0
illustration	10	NA	1	0	4.36	0	1
illustrator	6	NA	1	0	3.76	0	0
imafidon	2	NA	1	1		1	0
image	121	NA	1	0	3.85	2	3
imagery	5	NA	1	0	2.48	0	0
imaginable	3	NA	1	0	1.79	0	0
imaginary	1	NA	1	0	1.74	0	0
imagination	9	NA	1	0	1.69	1	0
imaginative	3	NA	1	0	1.82	0	0
imagine	58	0	1	0	1.53	0	0
imaging	15	NA	1	0	2.79	0	1
iman	9	NA	1	1		0	0
imans	1	NA	1	0		0	0
imbalance	2	NA	1	0	2.22	0	0
imessage	3	NA	1	0		0	0
imf	7	NA	1	1		0	0
imitate	1	NA	1	0	2.66	0	0
immaculate	1	NA	1	0	2.48	0	0
immature	3	NA	1	0	2.35	0	0
immediate	25	NA	1	0	2.10	0	0
immediately	25	NA	1	0	2.30	0	0
immense	6	NA	1	0	2.21	0	0
immensely	4	NA	1	0	1.61	0	0
immersion	1	NA	1	0	2.64	0	0
immigrant	19	NA	1	0	3.72	0	0
immigration	14	NA	1	0	3.03	0	0
imminent	1	NA	1	0	1.89	0	0
immitis	1	NA	1	0		0	0
immobile	2	NA	1	0	2.86	0	0
immobilize	1	NA	1	0	3.21	0	0
immortal	2	NA	1	0	2.00	0	0
immortality	2	NA	1	0	1.52	0	0
immue	1	NA	1	0		0	0
immune	172	NA	1	0	2.43	0	0
immunity	25	0	1	0	2.07	2	0
immunization	1	NA	1	0	3.75	0	0
immunocompetent	2	NA	1	0		0	0
immunodeficiency	10	NA	1	0		2	0
immunoglobulin	5	NA	1	0		0	0
immunohistochemistry	1	NA	1	0		0	0
immunologic	1	NA	1	0		0	0
immunologically	1	NA	1	0		0	0
immunology	1	NA	1	0	2.48	0	0
immunosuppressant	1	NA	1	0		0	0
impact	136	NA	1	0	2.59	0	0
impair	6	NA	1	0	1.73	0	0
impairment	2	NA	1	0	2.48	0	0
impale	1	NA	1	0	3.84	0	0
impartial	1	NA	1	0	1.81	0	0
impasse	1	NA	1	0		0	0
imperative	1	NA	1	0	1.36	0	0
imperfect	2	NA	1	0	2.18	0	0
imperial	5	NA	1	0	2.52	0	0
impermeable	2	NA	1	0	2.88	0	0
implacable	2	NA	1	0	2.15	0	0
implant	13	NA	1	0	4.31	0	0
implantation	2	NA	1	0	3.07	0	0
implausibility	1	NA	1	0	2.04	0	0
implement	14	NA	1	0	2.33	0	0
implementation	3	NA	1	0	1.84	0	0
implicate	1	NA	1	0	1.68	0	0
implication	22	NA	1	0	1.61	0	0
implicit	1	NA	1	0	2.00	0	0
imply	11	NA	1	0	1.86	0	0
import	26	NA	1	0	2.52	0	0
importance	47	NA	1	0	1.75	0	0
important	431	0	1	0	2.14	0	0
importantly	32	NA	1	0	1.86	0	0
importer	4	NA	1	0	3.43	0	1
importing	2	NA	1	0		0	0
impose	10	NA	1	0	1.93	0	0
imposition	1	NA	1	0	1.68	0	0
impossibility	1	NA	1	0	1.52	0	0
impossible	34	NA	1	0	1.66	0	0
impossibly	2	NA	1	0	1.93	0	0
impoverish	2	NA	1	0	2.23	0	0
impoverishment	3	NA	1	0	2.23	0	0
impregnate	1	NA	1	0	3.29	0	0
impresario	1	NA	1	0		0	0
impress	10	NA	1	0	2.07	0	0
impression	8	NA	1	0	2.23	0	0
impressive	5	NA	1	0	2.07	0	0
imprint	4	NA	1	0	3.96	0	0
imprison	5	NA	1	0	3.35	0	0
imprisonment	2	NA	1	0	3.46	0	0
improbable	1	NA	1	0	1.85	0	0
improbably	2	NA	1	0	1.48	0	0
impromptu	3	NA	1	0	2.04	0	0
improper	1	NA	1	0	1.69	0	0
improve	145	NA	1	0	1.82	0	0
improvement	15	NA	1	0	2.60	0	0
impulse	9	NA	1	0	2.52	0	2
impurity	3	NA	1	0	1.93	0	0
inability	3	NA	1	0	2.00	0	0
inaccurate	1	NA	1	0	2.33	0	0
inactivate	9	NA	1	0	2.28	0	0
inactivation	7	1	1	0	2.23	2	0
inactive	9	NA	1	0	3.17	0	0
inadequate	2	NA	1	0	1.96	0	0
inadvertent	1	NA	1	0	2.14	0	0
inalienable	1	NA	1	0		0	0
inanimate	2	NA	1	0	3.24	0	0
inappropriate	11	NA	1	0	1.59	0	0
inappropriately	1	NA	1	0	1.93	0	0
inaptly	1	NA	1	0		0	0
inasmuch	1	NA	1	0	1.20	0	0
inauguration	3	NA	1	0	3.50	0	0
inbred	7	NA	1	0	2.26	0	0
inbreeding	2	NA	1	0	2.90	0	1
inbuilt	2	NA	1	0		0	0
incapable	4	NA	1	0	1.64	0	0
incapacity	1	NA	1	0	1.70	0	0
incarceration	1	NA	1	0	3.28	0	0
incb	3	NA	1	1		0	0
incentive	9	NA	1	0	2.26	0	0
incentivize	2	NA	1	0		0	0
incepting	1	NA	1	0		0	0
inch	12	NA	1	0	4.37	0	0
incidence	6	NA	1	0	2.20	0	0
incident	13	NA	1	0	2.86	0	0
incidental	3	NA	1	0	1.74	0	0
incidentally	1	NA	1	0	1.63	0	0
incipient	1	NA	1	0		0	0
incision	1	NA	1	0	4.07	0	0
incisor	1	NA	1	0	3.89	0	0
include	777	NA	1	0	2.48	0	0
inclusion	3	NA	1	0	2.21	0	0
inclusive	7	NA	1	0	1.64	0	0
income	103	NA	1	0	3.07	1	0
incoming	1	NA	1	0	2.50	0	0
incompatibility	1	NA	1	0	1.79	0	0
incompatible	1	NA	1	0	1.82	0	0
incomplete	17	NA	1	0	2.21	0	0
inconsistency	1	NA	1	0	2.21	0	0
inconsistent	1	NA	1	0	2.17	0	0
inconspicuous	1	NA	1	0	2.07	0	0
inconvenient	2	NA	1	0	1.46	0	0
incorporate	29	NA	1	0	2.15	0	0
incorrect	12	NA	1	0	2.07	0	0
incorrectly	6	NA	1	0	2.19	0	0
increase	478	0	1	0	2.61	0	2
increasingly	37	NA	1	0	2.00	0	0
incredible	7	NA	1	0	1.93	0	0
incredibly	20	NA	1	0	1.71	0	0
incredulity	1	NA	1	0		0	0
incredulous	2	NA	1	0	2.04	0	0
increment	1	NA	1	0	3.07	0	0
incrementally	1	NA	1	0	2.50	0	0
incubation	1	NA	1	0	3.32	0	0
incur	1	NA	1	0	2.00	0	0
incurrent	1	NA	1	0		0	0
incus	1	NA	1	0		0	0
indecipherable	1	NA	1	0	1.76	0	0
indeed	18	NA	0	0	1.72	0	0
indefinitely	5	NA	1	0	2.09	0	0
indentation	1	NA	1	0	3.92	0	0
independence	28	NA	1	0	1.87	0	0
independent	57	NA	1	0	2.04	0	0
independently	30	NA	1	0	1.88	0	0
indeterminate	2	NA	1	0	1.50	0	0
index	24	NA	1	0	3.43	0	0
india	124	4	1	1		3	0
indian	59	NA	1	1		0	0
indiana	3	NA	1	1		0	0
indianola	1	NA	1	0		0	0
indicate	48	NA	1	0	2.39	0	0
indication	10	NA	1	0	1.97	0	0
indicative	1	NA	1	0	1.75	0	0
indicator	14	NA	1	0	2.73	0	3
indict	3	NA	1	0	2.60	0	0
indictment	3	NA	1	0	2.74	0	0
indiegogo	15	NA	1	1		1	0
indigenous	29	0	1	0	2.24	0	0
indigestible	1	NA	1	0	2.48	0	0
indignados	3	NA	1	1		0	0
indignant	1	NA	1	0	1.71	0	0
indirect	6	NA	1	0	2.57	0	0
indirectly	8	NA	1	0	1.82	0	0
indiscriminate	4	NA	1	0	1.64	0	0
indiscriminately	1	NA	1	0	1.86	0	0
indistinguishable	1	NA	1	0	2.52	0	0
individual	425	NA	1	0	3.52	1	6
individual's	2	NA	1	0		0	0
individualize	1	NA	1	0	2.38	0	0
individually	9	NA	1	0	2.48	0	0
indo	2	NA	0	0		0	0
indonesia	12	NA	1	1		0	0
indonesian	4	NA	1	1		0	0
indoor	9	NA	1	0	3.64	0	0
induce	20	NA	1	0	2.34	0	0
inducing	5	NA	1	0		0	0
induct	1	NA	1	0	2.59	0	0
induction	3	1	1	0	2.62	1	0
inductive	8	NA	1	0	2.04	0	0
indulge	1	NA	1	0	2.56	0	0
indulgence	3	NA	1	0	1.81	0	0
indus	1	NA	1	0		0	0
industrial	31	NA	1	0	3.00	0	0
industrialist	1	NA	1	0	3.00	0	0
industrialize	2	NA	1	0	2.14	0	0
industriall	6	NA	1	1		0	0
industry	135	NA	1	0	3.29	0	0
ine	1	NA	1	0		0	0
ineffective	9	NA	1	0	1.57	0	0
inefficient	11	NA	1	0	2.00	0	0
inequality	37	NA	1	0	2.28	0	0
inequitable	1	NA	1	0	1.40	0	0
inert	1	NA	1	0	2.50	0	0
inertial	1	NA	1	0		0	0
inevitable	8	NA	1	0	1.54	0	0
inevitably	10	NA	1	0	1.52	0	0
inexorable	1	NA	1	0		0	0
inexpensive	1	NA	1	0	2.22	0	0
inexperienced	2	NA	1	0	1.90	0	0
infallible	1	NA	1	0	1.88	0	0
infamous	4	NA	1	0	1.76	0	0
infamously	1	NA	1	0	1.68	0	0
infant	5	NA	1	0	4.93	0	0
infanticide	1	NA	1	0		0	0
infect	87	NA	1	0	2.88	0	0
infection	113	1	1	0	4.10	2	1
infectious	23	NA	1	0	2.30	0	0
infective	1	NA	1	0	2.13	0	0
infectivity	1	NA	1	0		0	0
infer	7	NA	1	0	2.15	0	0
inference	2	NA	1	0	1.65	0	0
inferior	5	0	1	0	1.70	0	0
infertile	3	NA	1	0	2.46	0	0
infertility	2	NA	1	0	2.93	0	0
infest	2	NA	1	0	2.71	0	0
infestans	3	NA	1	0		1	0
infidel	1	NA	1	0	2.03	0	0
infiltrate	3	NA	1	0	2.71	0	0
infinite	2	NA	1	0	1.59	0	0
infinity	3	NA	1	0		0	0
inflame	2	NA	1	0	3.00	0	0
inflammation	18	NA	1	0	3.36	3	0
inflammatory	13	NA	1	0	2.60	0	0
inflate	2	NA	1	0	3.34	0	0
inflation	5	NA	1	0	2.54	0	0
inflict	2	NA	1	0	2.75	0	0
inflow	1	NA	1	0	2.69	0	0
influence	47	NA	1	0	2.11	0	1
influential	3	NA	1	0	1.86	0	0
influenza	11	1	1	0	3.79	2	0
influx	1	NA	1	0	3.00	0	0
info	2	NA	1	0	2.39	0	0
infolded	1	NA	1	0		0	0
infolding	3	NA	1	0		0	0
inform	15	NA	1	0	2.25	0	0
informal	3	NA	1	0	2.22	0	0
informally	2	NA	1	0	1.64	0	0
informatics	1	NA	1	0		0	0
information	243	0	1	0	2.87	0	6
infraction	1	NA	1	0	2.50	0	0
infrared	9	NA	1	0	3.34	0	0
infrasound	2	NA	1	0		0	0
infrastructure	25	NA	1	0	3.38	0	0
infrequent	1	NA	1	0	1.70	0	0
infuse	2	NA	1	0	2.92	0	0
ing	3	NA	1	0		0	0
ingabire	7	NA	1	1		0	0
ingabires	1	NA	1	0		0	0
ingest	17	NA	1	0	3.79	0	0
ingestion	3	1	1	0	3.12	2	0
ingoma	6	NA	1	1		0	0
ingrain	3	NA	1	0	2.28	0	0
ingredient	36	NA	1	0	3.84	0	3
ingrid	3	NA	1	1		0	0
ingroup	3	NA	1	0		0	0
ingrowth	1	NA	1	0		0	0
inguinal	1	NA	1	0		0	0
ingunn	3	NA	1	1		0	0
inhabit	17	NA	1	0	3.21	0	0
inhabitable	1	NA	1	0	2.58	0	0
inhabitant	16	NA	1	0	3.32	0	1
inhalation	2	NA	1	0	3.67	0	0
inhale	9	NA	1	0	3.84	0	0
inherent	1	NA	1	0	1.64	0	0
inherently	3	NA	1	0	1.70	0	0
inherit	46	NA	1	0	2.04	0	0
inheritance	25	1	1	0	3.10	3	0
inheritor	4	NA	1	0	2.93	0	0
inhibin	4	1	1	0		1	0
inhibit	41	NA	1	0	2.10	0	1
inhibition	16	3	1	0	1.93	4	0
inhibitor	11	NA	1	0	2.81	0	0
inhospitable	4	NA	1	0	1.92	0	0
inhumane	4	NA	1	0	2.11	0	0
initial	18	NA	1	0	3.03	0	0
initially	19	NA	1	0	1.62	0	0
initiate	20	NA	1	0	2.71	0	0
initiation	8	NA	1	0	2.17	0	0
initiative	25	NA	1	0	2.03	0	0
initiator	2	NA	1	0	3.00	0	0
inject	14	NA	1	0	4.28	0	0
injection	4	NA	1	0	3.86	0	0
injera	14	NA	1	0		1	0
injunction	1	NA	1	0	2.41	0	0
injure	28	NA	1	0	3.48	0	0
injury	37	NA	1	0	4.00	5	0
injustice	1	NA	1	0	1.40	0	0
inkling	1	NA	1	0	2.25	0	1
inky	39	NA	1	1	3.56	0	0
inland	1	NA	1	0	4.10	0	0
inlude	1	NA	1	0		0	0
inmate	3	NA	1	0	4.19	0	0
innate	27	NA	1	0	1.73	0	0
inner	33	NA	1	0	2.86	0	0
innervate	1	NA	1	0		0	0
innocence	2	NA	1	0	1.89	0	0
innocent	4	NA	1	0	1.54	0	0
innovate	1	NA	1	0	2.30	0	0
innovation	20	NA	1	0	1.97	0	1
innovative	9	NA	1	0	2.17	0	0
innovator	1	NA	1	0	2.52	0	0
innumeracy	2	NA	1	0		0	0
inoculant	1	NA	1	0		0	0
inoculation	3	NA	1	0	3.32	0	0
inordinate	1	NA	1	0	1.79	0	0
inorganic	27	NA	1	0	2.43	0	0
input	30	NA	1	0	2.50	0	0
inquest	6	NA	1	0		0	0
inquiry	19	NA	1	0	2.70	1	0
inquisitive	3	NA	1	0	1.83	0	0
inroad	1	NA	1	0	2.52	0	0
insane	7	0	1	0	1.77	0	0
insanity	3	NA	1	0	2.34	0	0
insatiable	1	NA	1	0	1.81	0	0
inscription	1	NA	1	0	4.15	0	0
insect	116	1	1	0	4.89	2	1
insecticide	3	NA	1	0	4.44	0	0
insectivora	1	NA	1	0		1	0
insecure	4	NA	1	0	1.84	0	0
insecurity	4	NA	1	0	1.52	0	0
insert	15	NA	1	0	2.57	0	0
insertion	1	NA	1	0	2.56	0	0
inset	1	NA	1	0	2.80	0	0
inside	153	0	1	0	3.67	1	0
insight	7	NA	1	0	1.72	0	0
insignificant	1	NA	1	0	1.90	0	0
insist	17	NA	1	0	2.14	0	0
insisting	2	NA	1	0		0	0
insoluble	4	NA	1	0	2.63	0	0
inspect	8	NA	1	0	3.31	0	0
inspection	3	NA	1	0	3.12	0	0
inspector	3	NA	1	0	4.62	0	0
inspiration	2	NA	1	0	2.18	0	0
inspirational	2	NA	1	0	1.56	0	0
inspire	17	NA	1	0	1.74	0	0
instagram	24	NA	1	1		1	0
instal	15	NA	1	0		0	0
install	1	NA	1	0	3.19	0	0
installation	3	NA	1	0	3.71	0	0
installing	5	NA	1	0		0	0
instalment	1	NA	1	0		0	0
instance	41	NA	1	0	1.97	0	0
instant	18	NA	1	0	2.70	0	0
instantaneous	1	NA	1	0	2.28	0	0
instantly	3	NA	1	0	2.44	0	0
instead	126	0	1	0	1.48	0	0
instigate	1	NA	1	0	1.79	0	0
instinctive	1	NA	1	0	1.56	0	0
institute	73	NA	1	1	3.41	0	0
institution	11	NA	1	0	3.33	0	0
instruct	2	NA	1	0	2.48	0	0
instructions	13	NA	1	0		0	0
instructor	28	NA	1	0	4.26	0	0
instrument	3	NA	1	0	4.27	0	1
instrumental	3	NA	1	0	2.89	0	0
insubstantial	1	NA	1	0	1.66	0	0
insufficiency	2	NA	1	0	2.00	0	1
insufficient	8	NA	1	0	1.75	0	0
insulate	7	NA	1	0	2.96	0	0
insulation	12	0	1	0	4.33	0	0
insulator	5	NA	1	0	3.93	1	1
insulin	20	1	1	0	4.37	1	0
insult	7	NA	1	0	2.79	0	0
insurance	15	NA	1	0	2.86	0	0
insurgency	6	NA	1	0	2.44	0	0
insurgent	5	NA	1	0	3.42	0	0
insurmountable	1	NA	1	0	1.72	0	0
int	3	NA	1	0		0	0
intact	8	NA	1	0	2.64	0	0
intake	12	NA	1	0	3.34	0	0
intangible	1	NA	1	0	1.30	0	0
integral	14	0	1	0	2.03	0	0
integrase	1	NA	1	0		0	0
integrate	6	NA	1	0	2.08	0	0
integration	2	NA	1	0	1.89	0	0
integrity	12	NA	1	0	1.44	0	0
integument	2	NA	1	0		0	0
intel	6	NA	1	1		0	0
intellectual	5	NA	1	0	1.81	0	0
intelligence	46	NA	1	0	2.24	0	0
intelligent	10	NA	1	0	2.46	0	0
intelligently	3	NA	1	0	1.79	0	0
intemperate	1	NA	1	0		0	0
intend	8	NA	1	0	1.71	0	0
intense	10	NA	1	0	2.41	0	0
intensely	1	NA	1	0	2.00	0	0
intensi	1	NA	1	0		0	0
intensify	5	NA	1	0	2.25	0	0
intensity	18	NA	1	0	2.14	0	0
intensive	10	NA	1	0	2.33	0	0
intent	1	NA	1	0	1.52	0	0
intention	8	NA	1	0	1.70	0	0
intentional	5	NA	1	0	2.10	0	0
intentionally	2	NA	1	0	2.11	0	0
inter	3	NA	0	0	2.22	0	0
interact	54	NA	1	0	2.88	0	0
interaction	75	4	1	0	2.74	2	2
interactive	26	NA	1	0	2.50	0	0
interbrand	12	NA	1	1		0	0
interbrands	1	NA	1	0		0	0
interbreed	3	NA	1	0	2.19	0	0
interbreeding	3	NA	1	0		0	0
intercalate	2	NA	1	0		0	0
intercellular	3	NA	1	0		0	0
intercept	2	NA	1	0	3.18	0	0
interchangeably	1	NA	1	0	2.28	0	0
intercommunication	1	NA	1	0	2.38	0	0
interconnect	9	NA	1	0	2.81	0	0
interconnectedness	2	NA	1	0	1.78	0	0
interconnection	1	NA	1	0	2.14	0	0
interconnectors	3	NA	1	0		0	0
intercontinental	1	NA	1	0	3.21	0	0
intercourse	5	NA	1	0	3.93	0	0
interdependent	1	NA	1	0	1.96	0	0
interdisciplinary	3	NA	1	0	1.93	0	0
interest	153	0	1	0	1.80	0	1
interestingly	4	NA	1	0	1.50	0	0
interface	7	NA	1	0	2.81	1	0
interfere	8	NA	1	0	2.59	0	0
interference	3	1	1	0	2.93	2	0
interferon	5	2	1	0		2	1
intergalactic	5	NA	1	0	2.86	0	0
intergenerational	3	NA	1	1		0	0
intergovernmental	6	NA	1	1	2.27	0	0
interim	1	NA	1	0	2.50	0	0
interior	21	NA	1	0	3.59	0	1
interkinesis	4	NA	1	0		1	0
interlocking	2	NA	1	0	3.18	0	0
intermediary	3	NA	1	0	2.07	0	0
intermediate	219	0	1	0	1.93	0	0
intermembrane	5	NA	1	0		0	0
interminable	1	NA	1	0		0	0
intermittent	1	NA	1	0	2.61	0	0
intermolecular	1	NA	1	0		0	0
intern	3	NA	1	0	3.86	0	0
internal	98	NA	1	0	2.41	0	0
internalize	1	NA	1	0	1.88	0	0
internally	6	NA	1	0	2.86	0	0
international	216	NA	1	0	2.82	1	0
internationally	6	NA	1	0	2.23	0	0
internet	126	NA	1	0	3.64	0	0
interneurons	4	NA	1	0		0	0
internship	1	NA	1	0	3.00	0	0
interphase	24	NA	1	0		1	0
interpret	8	NA	1	0	2.34	0	0
interpretation	7	NA	1	0	1.40	0	0
interpreter	3	NA	1	0	3.67	0	0
interpreting	2	NA	1	0		0	0
interrogation	1	NA	1	0	3.33	0	0
interrogator	1	NA	1	0	4.00	0	0
interrupt	2	NA	1	0	3.00	0	0
intersect	1	NA	1	0	3.62	0	0
intersex	1	NA	1	0		0	0
intersexual	1	NA	1	0		0	0
interspaced	1	NA	1	0		0	0
interspecific	2	NA	1	0		0	0
intersperse	1	NA	1	0	2.23	0	0
interstate	2	NA	1	0	3.93	0	0
interstitial	15	0	1	0		0	0
intertidal	11	NA	1	0		0	0
intertwine	1	NA	1	0	3.17	0	0
interval	10	NA	1	0	2.57	0	0
intervene	8	NA	1	0	2.57	0	0
intervention	4	NA	1	0	2.85	0	0
intervertebral	1	NA	1	0		0	0
interview	53	NA	1	0	3.36	0	1
interviewee	2	NA	1	0	3.89	0	0
interviewer	3	NA	1	0	4.47	0	0
intestinal	4	NA	1	0	3.82	0	0
intestine	52	NA	1	0	4.55	1	0
intimacy	2	NA	1	0	1.96	0	0
intimate	10	NA	1	0	2.07	0	0
intimately	1	NA	1	0	1.53	0	0
intimidate	2	NA	1	0	1.75	0	0
intolerance	9	NA	1	0	2.00	0	0
intolerant	4	NA	1	0	2.14	0	0
intra	1	NA	1	0		0	0
intracellular	15	NA	1	0	2.30	0	0
intranet	3	NA	1	0	3.38	0	0
intrasexual	1	NA	1	0		0	0
intraspecific	4	NA	1	0		0	0
intrauterine	1	NA	1	0		0	0
intricacy	1	NA	1	0	2.00	0	0
intricate	10	NA	1	0	2.36	0	0
intricately	3	NA	1	0	2.32	0	0
intrigue	3	NA	1	0	2.00	0	0
introduce	136	NA	1	0	2.62	0	0
introduction	44	NA	1	0	3.00	0	0
intron	13	NA	1	0		0	0
intrude	1	NA	1	0	2.81	0	0
intrusion	4	NA	1	0	2.25	0	0
intrusive	9	NA	1	0	1.42	0	0
intuition	1	NA	1	0	1.67	0	0
inuit	10	NA	1	1		0	0
inundate	7	NA	1	0	2.36	0	0
inuvik	4	1	1	1		2	0
invade	16	NA	1	0	3.28	0	0
invader	2	NA	1	0	4.11	0	0
invaginate	5	NA	1	0		0	0
invalidate	1	NA	1	0	1.59	0	0
invaluable	3	NA	1	0	2.18	0	0
invariably	2	NA	1	0	1.92	0	0
invasion	3	NA	1	0	3.65	0	0
invasive	23	NA	1	0	2.10	0	0
invent	44	NA	1	0	2.66	0	0
invention	24	NA	1	0	3.48	0	0
inventor	30	NA	1	0	3.82	0	2
inverse	1	NA	1	0	2.27	0	0
inversely	2	NA	1	0	1.97	0	0
inversion	18	NA	1	0	2.22	2	0
invert	3	NA	1	0	3.41	0	0
invertebrate	44	NA	1	0	4.00	0	1
invest	21	NA	1	0	2.47	0	0
investigate	18	NA	1	0	2.27	0	0
investigating	3	NA	1	0	3.00	0	0
investigation	26	NA	1	0	2.52	0	0
investigator	3	NA	1	0	4.37	0	1
investing	3	NA	1	0		0	0
investingzone	6	0	1	1		0	0
investissements	2	NA	1	1		0	0
investment	47	NA	1	0	3.59	0	0
investor	14	NA	1	0	4.30	0	0
inveterate	1	NA	1	0		0	0
invincibility	1	NA	1	0	1.93	0	0
invincible	2	NA	1	0	1.86	0	0
invisible	3	NA	1	0	2.83	0	0
invisibleboyfriend	2	NA	1	1		0	0
invitation	3	NA	1	0	3.65	0	0
invite	13	NA	1	0	3.00	0	0
invoke	1	NA	1	0	1.64	0	0
involuntarily	2	NA	1	0	1.92	0	0
involuntary	6	NA	1	0	1.70	0	0
involve	254	0	1	0	2.43	0	0
involvement	6	NA	1	0	1.46	0	0
inward	4	NA	1	0	2.43	0	0
inwards	1	NA	1	0	2.43	0	0
inzozi	16	NA	1	1		0	0
iodine	2	NA	1	0	4.41	0	0
ion	139	3	1	0	3.00	1	4
ione	2	NA	1	1		0	0
ionic	12	NA	1	0	2.14	0	0
ionization	1	NA	1	0	2.52	0	0
iowa	8	NA	1	1		0	0
ipad	2	NA	1	0	4.96	0	0
ipads	3	NA	1	0		0	0
ipanema	2	NA	1	1		0	0
ipcc	9	NA	1	1		0	0
iphone	20	NA	1	0	4.93	0	0
iphones	3	NA	1	0		0	0
ipod	7	NA	1	0	4.86	0	0
iqaluit	31	1	1	1		1	0
ira	3	NA	1	1		0	0
iran	6	NA	1	1		0	0
iranian	8	NA	1	1		0	0
irascible	1	NA	1	0		0	0
ireland	11	NA	1	1		0	0
irisawa	1	NA	1	0		0	0
irish	9	NA	1	1		0	0
iron	35	NA	1	0	4.59	0	0
ironically	5	NA	1	0	1.40	0	0
irony	4	0	1	0	1.59	0	0
irrefutable	1	NA	1	0	1.89	0	0
irregular	6	NA	1	0	2.43	0	0
irregularis	1	NA	1	0		0	0
irrelevant	3	NA	1	0	1.50	0	0
irresistible	2	NA	1	0	2.00	0	0
irrespective	2	NA	1	0		0	0
irreversible	5	NA	1	0	2.14	0	0
irreversibly	1	NA	1	0	2.39	0	0
irrigate	2	NA	1	0	3.53	0	0
irrigation	4	NA	1	0	4.00	0	0
irritate	4	NA	1	0	2.43	0	0
irritation	2	NA	1	0	2.57	0	0
irshaid	1	NA	1	0		0	0
isaac	7	NA	1	1		0	0
isfahan	1	NA	1	0		0	0
ishak	3	NA	1	0		0	0
iskme	1	NA	1	0		0	0
islam	8	NA	1	1	2.90	1	0
islamic	5	NA	1	1	2.85	0	0
islamist	3	NA	1	1	3.46	0	0
island	179	NA	1	0	4.96	2	0
islander	12	NA	1	1	4.19	0	0
isle	5	NA	1	1	3.89	0	0
islet	5	2	1	0		1	0
isn	43	0	1	0		0	0
isner	3	NA	1	1		0	0
isnt	22	NA	1	0		0	0
isoetales	1	NA	1	0		0	0
isolate	38	NA	1	0	2.67	0	0
isolation	30	NA	1	0	2.54	0	0
isomer	1	NA	1	0		0	0
isomeric	1	NA	1	0		0	0
isopod	1	NA	1	0		0	0
isotonic	7	NA	1	0		0	0
isotope	14	4	1	0	3.50	1	0
israel	6	NA	1	1		0	0
iss	6	NA	1	1		0	0
issa	3	NA	1	1		0	0
issue	126	0	1	0	2.37	0	2
issuing	5	NA	1	0	1.90	0	0
istat	2	NA	1	1		0	0
it	3	0	0	0	2.81	0	0
it's	1	NA	0	0		0	0
italia	3	NA	1	1		0	0
italian	29	NA	1	1		0	1
italic	1	NA	1	0	3.79	0	0
italicize	1	NA	1	0	2.81	0	0
italy	35	1	1	1		1	0
itch	1	NA	1	0	3.15	0	0
itchy	1	NA	1	0	3.21	0	0
item	39	NA	1	0	4.41	0	1
itinerary	1	NA	1	0	3.93	0	0
itll	3	NA	1	0		0	0
itn	2	NA	1	1		0	0
itself	76	NA	0	0	2.07	0	0
itta	1	NA	1	0		0	0
itunes	23	NA	1	0	4.54	0	0
itv	1	NA	1	0		0	0
itvs	1	NA	1	0		0	0
iucn	14	0	1	1		0	0
iupac	19	NA	1	1		0	0
ivan	3	NA	1	1		0	0
ivanowski	1	NA	1	0		0	0
ive	18	NA	0	1		0	0
ivory	3	NA	1	1	4.76	0	0
ivy	1	NA	1	0	4.50	0	0
iwmi	1	NA	1	0		0	0
izumi	3	NA	1	1		0	0
jacinto	1	NA	1	0		0	0
jack	5	0	1	1	4.30	0	0
jacket	1	NA	1	0	4.86	0	0
jackpot	3	NA	1	0	3.41	0	0
jackson	1	NA	1	0		0	0
jacksonville	1	NA	1	0		0	0
jacob	4	NA	1	1		0	0
jacobsen	1	NA	1	0		0	0
jacques	2	NA	1	1		0	0
jag	1	NA	1	0	3.26	0	0
jagger	3	NA	1	1		0	0
jahr	1	NA	1	0		0	0
jail	14	NA	1	0	4.83	0	0
jainism	3	NA	1	1		0	0
jakarta	6	NA	1	1		0	0
jam	5	NA	1	0	4.71	0	1
jama	2	NA	1	0		0	0
james	46	NA	1	1		0	0
jamie	6	NA	1	1		0	0
jammu	5	NA	1	1		0	0
jan	6	NA	1	1		0	0
janata	5	NA	1	1		0	0
jane	9	NA	1	1		0	0
janeiro	5	NA	1	1		0	0
janeiros	1	NA	1	0		0	0
janney	2	NA	1	1		0	0
janoff	5	NA	1	1		0	0
january	23	NA	1	1	3.13	0	0
japan	90	NA	1	1	4.82	0	0
japan's	1	NA	1	0		0	0
japanese	48	NA	1	1		0	0
japonica	1	NA	1	0		0	0
japonium	3	NA	1	0		0	0
jar	10	NA	1	0	5.00	0	0
jardin	1	NA	1	0		0	0
jarid	2	NA	1	0		0	0
jarman	3	NA	1	1		0	0
jarvis	3	NA	1	0		0	0
jaskelioff	1	NA	1	0		0	0
jason	1	NA	1	0		0	0
jassin	5	1	1	1		1	0
jaunt	1	NA	1	0	2.78	0	0
jaunty	2	NA	1	0	1.81	0	0
java	1	NA	1	0	3.82	0	0
javan	3	NA	1	1		0	0
javier	3	NA	1	1		0	0
jaw	19	NA	1	0	4.87	0	1
jawless	10	NA	1	0	2.90	0	0
jay	4	NA	1	1	3.77	0	0
jazz	3	NA	1	0	3.90	0	0
jealous	3	NA	1	0	2.17	0	0
jean	13	NA	1	1	4.69	0	0
jeb	3	NA	1	1		0	0
jecilda	3	NA	1	1		0	0
jeebies	2	NA	1	0		0	0
jeff	1	NA	1	0		0	0
jefferies	3	NA	1	1		0	0
jefferson	4	NA	1	1		0	0
jefferyi	1	NA	1	0		0	0
jeffrey	3	NA	1	1		0	0
jejunum	1	NA	1	0		0	0
jelly	13	NA	1	0	4.93	0	0
jellyfish	10	NA	1	0	4.93	0	1
jenkins	1	NA	1	0		0	0
jenkinson	3	NA	1	1		1	0
jenna	3	NA	1	0		0	0
jennie	3	NA	1	1		0	0
jennifer	3	NA	1	1		0	0
jenny	7	0	1	0		0	0
jensen	3	NA	1	1		0	0
jeopardize	7	NA	1	0	1.74	0	0
jeremy	3	NA	1	1		0	0
jerk	1	NA	1	0	3.26	0	0
jersey	2	NA	1	1	4.56	0	0
jessica	3	NA	1	0		0	0
jest	2	NA	1	0	2.15	0	0
jet	23	NA	1	0	4.77	1	0
jewel	2	NA	1	0	4.96	0	0
jewellery	3	NA	1	0		0	0
jewelry	1	NA	1	0	4.82	0	0
jewish	3	NA	1	1	3.32	0	0
jez	3	NA	1	0		0	0
jfk	3	NA	1	1		0	0
jgerskog	1	NA	1	0		0	0
jilani	2	NA	1	1		0	0
jill	3	NA	1	1		0	0
jim	4	NA	1	1		0	0
jindal	3	NA	1	1		0	0
jisc	1	NA	1	0		0	0
jms	1	NA	1	0		0	0
jmw	4	NA	1	1		0	0
jnsdttir	1	NA	1	0		0	0
jnsson	1	NA	1	0		0	0
joan	4	NA	1	1		0	0
job	291	0	1	0	3.19	3	0
joblessness	2	NA	1	0	2.50	0	0
jock	1	NA	1	0	3.65	0	0
jockey	3	NA	1	0	4.59	0	0
joe	22	0	1	1		0	0
joel	10	0	1	1		0	0
johann	4	NA	1	0		0	0
johanna	3	NA	1	1		0	0
johannesburg	11	0	1	1		0	0
johansen	3	NA	1	1		0	0
johansson	31	NA	1	1		0	0
johanssons	3	NA	1	1		0	0
john	99	0	1	1	3.48	0	0
johnny	2	0	1	0		0	0
johns	1	NA	1	0		0	0
johnson	3	NA	1	1		0	0
join	72	0	1	0	2.86	0	1
joining	10	NA	1	0	2.73	0	1
joint	82	0	1	0	4.37	1	0
jointly	3	NA	1	0	2.00	0	0
joke	8	0	1	0	2.90	0	0
jokily	2	NA	1	0		0	0
jolley	3	NA	1	1		0	0
jolly	2	NA	1	1	2.34	0	0
jolt	1	NA	1	0	3.41	0	0
jon	3	NA	1	1		0	0
jonas	1	NA	1	0		0	0
jonathan	6	NA	1	1		0	0
jones	18	NA	1	1		1	0
joo	1	NA	1	0		0	0
jordan	9	NA	1	1		0	0
jordanian	1	NA	1	0		0	0
jos	12	NA	1	1		0	0
jose	6	NA	1	1		0	0
joseph	5	NA	1	1		0	0
josh	1	NA	1	0	2.68	0	0
josiah	3	NA	1	1		0	0
joule	2	NA	1	0		0	0
journal	31	NA	1	0	4.63	0	0
journalism	4	NA	1	0	2.37	0	0
journalist	26	NA	1	0	4.04	0	1
journalofresea	1	NA	1	0		0	0
journey	35	NA	1	0	2.57	0	1
jovi	3	NA	1	1		0	0
jowl	1	NA	1	0	4.45	0	0
joy	9	NA	1	0	2.37	0	2
joyce	3	NA	1	1		1	0
joyful	1	NA	1	0	2.12	0	0
joyous	3	NA	1	0	2.19	0	0
joystick	1	NA	1	0	4.74	0	0
jrgen	1	NA	1	0		0	0
jrlaug	1	NA	1	0		0	0
juan	4	NA	1	1		0	0
jubilant	1	NA	1	0	2.44	0	0
jubilation	1	NA	1	0	2.20	0	0
jubilee	4	NA	1	0	2.29	0	0
judge	11	0	1	0	3.75	0	0
judgement	1	NA	1	0		0	0
judges	3	NA	1	0		0	0
judgment	6	NA	1	0	1.68	0	0
judicial	4	0	1	0	2.12	0	0
juggle	3	NA	1	0	4.04	0	0
juice	23	NA	1	0	4.89	0	1
juicy	3	NA	1	0	3.96	0	0
julia	3	NA	1	1		0	0
julian	4	1	1	1		1	0
juliet	3	NA	1	1		0	0
july	33	NA	1	1	2.93	0	0
jumble	2	NA	1	0	3.00	0	0
jump	53	NA	1	0	4.52	0	0
jumping	2	NA	1	0		0	0
junction	15	2	1	0	3.96	2	1
june	49	NA	1	1	3.40	0	0
jungle	12	NA	1	0	4.66	0	0
junior	15	NA	1	1	3.50	0	0
juniper	1	NA	1	0	4.41	0	0
junk	3	NA	1	0	3.88	0	0
junkie	1	NA	1	0	3.85	0	0
jupiter	3	NA	1	1		0	0
jurado	1	NA	1	0		0	0
jurassic	3	NA	1	1		0	0
jurisdiction	1	NA	1	0	2.07	0	0
jury	2	NA	1	0	4.64	0	0
justice	25	NA	1	1	1.45	0	0
justification	2	NA	1	0	1.52	0	0
justify	5	NA	1	0	1.45	0	0
justin	4	NA	1	1		0	0
justinian	1	NA	1	0		0	0
justly	1	NA	1	0	1.44	0	0
jutland	1	NA	1	0		0	0
jutlander	2	NA	1	1		0	0
juvenile	6	NA	1	0	3.31	0	0
kachemak	1	NA	1	0		0	0
kadiri	4	NA	1	0		0	0
kahneman	1	NA	1	0		0	0
kahnemans	1	NA	1	0		0	0
kakali	15	NA	1	1		0	0
kalashnikov	5	NA	1	1		2	0
kalinowski	6	NA	1	1		0	0
kalisa	3	NA	1	1		0	0
kamal	6	NA	1	1		0	0
kamran	3	NA	1	1		0	0
kangaroo	2	NA	1	0	4.86	0	0
karabo	3	NA	1	0		0	0
karamchand	1	NA	1	0		0	0
karen	1	NA	1	0		0	0
karim	8	NA	1	1		0	0
karner	2	NA	1	1		0	0
karol	3	NA	1	1		0	0
karoshi	4	NA	1	0		0	0
karyogram	7	NA	1	0		1	1
karyon	1	NA	1	0		0	0
karyotype	10	1	1	0		3	0
kashmir	17	0	1	1		0	0
kashmiri	4	NA	1	1		0	0
kasmir	1	NA	1	0		0	0
kate	10	NA	1	1		0	0
katerina	1	NA	1	0		0	0
katese	7	NA	1	1		0	0
katherine	1	NA	1	0		0	0
kathmandu	3	NA	1	1		1	0
katie	2	NA	1	1		0	0
katrina	3	NA	1	1		0	0
katy	2	NA	1	0		0	0
kay	2	NA	1	1		0	0
kazakh	3	NA	1	1		0	0
kazakhstan	6	NA	1	1		0	0
kcho	22	NA	1	1		0	0
kchos	3	NA	1	1		0	0
kea	1	NA	1	0		0	0
kearns	3	NA	1	1		0	0
kebab	3	NA	1	0	4.85	0	0
kebede	3	1	1	1		2	0
keen	13	NA	1	0	1.61	0	0
keenly	3	NA	1	0	1.48	0	0
keenness	2	NA	1	0	1.59	0	0
keep	205	0	0	0	2.37	0	1
keeper	4	NA	1	0	3.00	0	1
keeping	32	NA	0	0	2.19	0	0
keith	3	NA	1	1		0	0
kelley	22	0	1	1		0	0
kellogg	3	NA	1	1		0	0
kelly	35	NA	1	1		0	0
kelp	4	NA	1	0	4.90	0	0
kennedy	2	NA	1	1		0	0
kenneth	3	NA	1	1		0	0
kenny	2	NA	1	0		0	0
kensington	8	NA	1	1		0	0
kent	6	NA	1	1		0	0
kenton	3	NA	1	1		0	0
kenya	14	0	1	1		0	0
kenyan	16	NA	1	1		0	0
keratin	4	NA	1	0	3.84	1	0
kerberos	2	NA	1	1		0	0
kernel	1	NA	1	0	4.21	0	0
kernohan	3	NA	1	1		0	0
kerogen	1	NA	1	0		0	0
kerosene	6	NA	1	0	4.96	0	0
kessel	1	NA	1	0		0	0
keszler	6	NA	1	1		1	0
kethea	14	0	1	1		0	0
ketone	1	NA	1	0		0	0
kevin	7	NA	1	1		0	0
key	106	0	1	0	4.89	0	2
keystone	14	0	1	0	3.66	0	0
kfc	2	NA	1	1		0	0
khao	3	NA	1	1		0	0
kharkiv	1	NA	1	0		0	0
khartoum	2	NA	1	1		0	0
khumbu	3	NA	1	0		0	0
khyber	3	NA	1	1		0	0
khz	3	NA	1	0		0	1
kick	8	0	1	0	4.33	0	0
kickback	4	NA	1	0	3.17	0	0
kicking	4	NA	1	0	4.07	0	0
kickstarted	1	NA	1	0		0	0
kickstarter	3	NA	1	1		0	0
kid	35	0	1	0	4.56	0	0
kidnap	3	NA	1	0	3.83	0	0
kidney	43	NA	1	0	4.96	2	0
kiel	2	NA	1	1		0	0
kielder	7	NA	1	1		0	0
kigali	4	0	1	1		0	0
kiirunavaara	3	NA	1	0		0	0
kik	3	NA	1	1		0	0
kill	180	0	1	0	3.90	1	0
killer	36	NA	1	0	3.31	0	0
killing	33	0	1	0	3.43	0	0
kilo	5	NA	1	0	3.17	0	0
kilogram	5	NA	1	0	4.14	0	0
kilohertz	1	NA	1	0	2.58	0	0
kiloliter	1	NA	1	0		0	0
kilometer	3	NA	1	0	4.07	0	0
kilometre	20	NA	1	0		0	0
kilowatt	1	NA	1	0	3.62	0	0
kilter	2	NA	1	0	2.64	0	0
kim	6	NA	1	1		0	0
kimchi	6	NA	1	0		0	0
kin	1	NA	1	0	4.10	0	0
kind	123	0	1	0	2.07	1	0
kindle	3	NA	1	0	3.74	0	0
kinect	3	NA	1	1		0	0
kinetic	11	NA	1	0	2.24	0	0
kinetochore	21	NA	1	0		1	0
king	97	0	1	1	4.10	1	2
kingdom	59	NA	1	0	3.76	1	0
kingwood	1	NA	1	0		0	0
kink	1	NA	1	0	3.57	0	0
kinshassa	3	NA	1	1		0	0
kiosk	4	NA	1	0	4.58	0	0
kiribati	1	NA	1	0		0	0
kirkland	6	NA	1	1		0	0
kirkpatrick	2	NA	1	1		0	0
kiruna	25	1	1	1		2	0
kirunas	1	NA	1	0		0	0
kiss	3	0	1	0	4.48	0	0
kit	6	NA	1	0	4.47	0	0
kitchen	19	NA	1	0	4.97	0	0
kite	3	NA	1	0	5.00	0	0
kitesurfers	3	NA	1	0		0	0
kitten	1	NA	1	0	4.86	0	0
kittinger	20	NA	1	1		1	0
kittingers	1	NA	1	0		0	0
kitttinger	4	NA	1	1		0	0
kizzmekia	1	NA	1	0		0	0
klamath	1	NA	1	0		0	0
klerk	9	NA	1	1		0	0
klinefelter	1	NA	1	0		0	0
knack	1	NA	1	0	2.05	0	0
knee	8	NA	1	0	5.00	0	1
kneecap	1	NA	1	0	4.70	0	0
knies	3	NA	1	1		0	0
knife	11	NA	1	0	4.90	0	0
knightsbridge	1	NA	1	0		0	0
knit	2	NA	1	0	4.41	0	0
knob	2	NA	1	0	4.75	0	0
knock	2	NA	1	0	4.24	0	0
knop	1	NA	1	0		0	0
knopfler	2	NA	1	1		0	0
knot	3	NA	1	0	4.87	0	0
know	697	0	1	0	1.68	0	0
knowing	23	NA	1	0	1.59	0	0
knowledge	72	NA	1	0	1.73	0	0
knowledgeable	2	NA	1	0	1.92	0	0
knudstorp	3	NA	1	1		0	0
knudstrop	3	NA	1	0		0	0
koala	2	NA	1	0	4.77	0	0
kober	2	NA	1	1		0	0
koichi	1	NA	1	0		0	0
komaroff	1	NA	1	0		0	0
komodo	2	NA	1	1		0	0
kon	3	NA	1	0		0	0
kong	11	NA	1	1		0	0
konrad	1	NA	1	0		0	0
konstantinos	6	1	1	1		2	0
korea	29	0	1	1		1	0
korean	6	NA	1	1		0	0
kornienko	3	NA	1	1		0	0
kosuke	3	NA	1	0		0	0
kotak	2	NA	1	1		0	0
kpavogur	1	NA	1	0		0	0
kraft	5	NA	1	1		0	0
krakatoa	1	NA	1	0		0	0
krebs	3	NA	1	1		0	0
kremlin	2	NA	1	1		0	0
krill	1	NA	1	0		0	0
kris	5	NA	1	1		0	0
krishna	3	NA	1	1		0	0
krister	3	NA	1	1		0	0
kristin	3	NA	1	1		0	0
kroc	3	NA	1	1		0	0
krone	4	NA	1	0		0	0
krystian	3	NA	1	0		0	0
kudzu	1	NA	1	0		0	0
kuehner	1	NA	1	0		0	0
kuiper	9	NA	1	1		0	0
kumla	3	NA	1	1		0	0
kurt	3	NA	1	1		0	0
kuruma	3	NA	1	0		0	0
kurumi	3	NA	1	1		0	0
kushlick	3	NA	1	1		0	0
kwh	1	NA	1	0		0	0
kyle	2	NA	1	1		0	0
kyodo	3	NA	1	1		0	0
kyoto	3	NA	1	1		0	0
la	3	NA	1	1		0	0
laan	3	NA	1	1		0	0
lab	34	NA	1	0	4.69	1	0
label	22	NA	1	0	4.46	1	0
labium	6	NA	1	0		0	0
labor	10	5	1	0	3.08	1	0
laboratory	48	NA	1	0	4.46	1	0
labour	44	NA	1	1		1	0
labourer	4	NA	1	0		0	0
labradoodle	11	NA	1	0		0	0
labradoodles	1	NA	1	0		0	0
lac	6	NA	1	1		0	0
lace	2	NA	1	0	4.85	0	0
lacing	1	NA	1	0	4.07	0	0
lack	104	NA	1	0	2.04	0	0
lacklustre	1	NA	1	0		0	0
lactate	2	NA	1	0	3.59	0	0
lactation	1	NA	1	0	3.78	2	0
lactic	11	0	1	0	2.65	0	0
lactose	13	NA	1	0	4.18	1	1
lad	7	NA	1	0	4.28	0	0
ladder	13	0	1	0	5.00	0	0
laddish	2	NA	1	0		0	0
laden	2	NA	1	0	2.96	0	0
lady	31	0	1	1	4.33	1	0
ladybird	3	NA	1	0	4.76	0	0
laevis	1	NA	1	0		0	0
lafur	2	NA	1	0		0	0
lag	7	1	1	0	3.04	2	0
lagarde	4	NA	1	1		0	0
lager	3	NA	1	0	4.64	0	0
lagerstatten	1	NA	1	0		0	0
lagging	8	NA	1	0	2.33	0	0
lagos	7	NA	1	1		0	0
lahemaa	1	NA	1	0		0	0
laing	2	NA	1	1		1	0
lak	3	NA	1	1		0	0
lake	94	2	1	0	4.88	3	2
lakhael	2	NA	1	1		0	0
lakshmi	3	NA	1	1		0	0
lalueza	11	0	1	0		0	0
lamarck	7	NA	1	1		0	0
lamb	2	NA	1	0	4.97	0	0
lamborghini	7	NA	1	1		0	0
lamborghinis	2	NA	1	0		0	0
laminate	1	NA	1	0	3.89	0	0
lamp	4	NA	1	0	4.97	0	0
lamprey	15	1	1	0		1	0
lampshell	1	NA	1	0		0	0
lanarkshire	3	NA	1	1		0	0
lancaster	5	NA	1	1		0	0
lancelet	12	NA	1	0		1	0
lancelot	3	NA	1	1		0	0
lancet	1	NA	1	0		0	0
land	193	0	1	0	4.57	0	1
lander	3	NA	1	0		0	0
landfill	10	NA	1	0	4.69	0	0
landing	20	NA	1	0	3.87	0	0
landmark	2	NA	1	0	4.10	0	0
landmass	1	NA	1	0	4.21	0	0
landmines	2	NA	1	0		0	0
landscape	54	NA	1	0	4.34	0	0
landscaper	2	NA	1	0	3.92	1	0
landscaping	2	NA	1	0	4.21	0	0
landslide	8	NA	1	0	4.36	0	0
lane	18	1	1	0	4.66	1	0
langerhans	2	NA	1	1		0	0
langley	4	NA	1	1		0	0
language	65	NA	1	0	2.35	0	1
lanka	6	NA	1	1		0	0
lanolin	1	NA	1	0		0	0
lansdorp	6	NA	1	1		2	0
laos	6	NA	1	1		0	0
lap	1	NA	1	0	4.11	0	0
lapse	4	NA	1	0	2.85	0	0
laptop	16	NA	1	0	4.96	0	0
larch	1	NA	1	0		0	0
large	396	NA	1	0	3.37	0	3
largely	46	NA	1	0	2.32	0	0
larger	77	NA	1	0		0	0
laricina	1	NA	1	0		0	0
larissa	3	NA	1	1		0	0
larix	1	NA	1	0		0	0
larry	11	NA	1	1		0	0
lars	3	NA	1	1		0	0
larsen	3	NA	1	1		0	0
larson	3	NA	1	1		0	0
larva	18	NA	1	0	4.52	0	0
larval	13	NA	1	0	3.27	0	0
larynx	6	1	1	0	4.50	1	0
lasse	1	NA	1	0		0	0
lassen	1	NA	1	0		0	0
last	241	0	0	0	3.04	0	0
lastly	2	NA	1	0	2.33	0	0
latch	1	NA	1	0	4.79	0	0
late	78	0	1	0	2.60	0	0
latent	7	NA	1	0	1.81	0	0
later	173	0	1	0	1.80	0	0
lateral	10	NA	1	0	3.50	0	0
laterally	2	NA	1	0	2.96	0	0
latest	58	NA	1	0	2.07	0	0
latin	27	NA	1	1		0	0
latitude	14	NA	1	0	2.54	0	0
latoya	3	NA	1	1		0	0
latt	3	NA	1	1		0	0
latte	1	NA	1	0	4.64	0	0
latter	15	NA	0	0	2.17	0	0
lattice	4	NA	1	0		0	0
laugh	13	NA	1	0	4.21	0	0
laughter	2	NA	1	0	4.22	0	0
launch	58	NA	1	0	3.70	0	0
launching	8	0	1	0		0	0
launderers	5	NA	1	0		0	0
laundering	2	NA	1	0	2.82	0	0
laundry	1	NA	1	0	4.93	0	0
laura	14	NA	1	1		0	0
laurales	2	NA	1	1		0	0
laurasia	1	NA	1	0		0	0
laureate	4	NA	1	0		0	1
laurel	5	NA	1	1	4.15	0	0
laurels	2	NA	1	0		0	0
lauren	6	NA	1	1		0	0
laurence	6	NA	1	1		0	0
lava	34	NA	1	0	4.82	1	0
lava's	1	NA	1	0		0	0
lavish	1	NA	1	0	2.31	0	0
lavoisier	1	NA	1	0		0	0
lavon	1	NA	1	0		0	0
law	149	0	1	0	2.57	2	0
lawabiding	1	NA	1	0		0	0
lawn	6	NA	1	0	4.93	0	0
lawnmower	2	NA	1	0	4.97	0	0
lawrence	9	NA	1	1		0	0
laws	40	NA	1	0		0	1
lawyer	40	0	1	0	4.70	0	4
lay	36	NA	1	0	3.86	0	0
layer	126	1	1	0	3.52	5	10
laying	4	NA	1	0	3.83	0	0
layout	4	NA	1	0	3.38	0	0
lazenby	6	NA	1	1		0	0
lazy	3	NA	1	0	2.67	0	0
lb	3	NA	1	0		0	0
ldl	3	NA	1	1		0	0
le	1	NA	1	0		0	0
lea	2	NA	1	1		0	0
leach	4	NA	1	0	4.15	0	1
leaching	2	NA	1	0		0	0
lead	169	0	1	0	4.10	1	0
leader	67	NA	1	0	3.89	0	3
leaders	57	NA	1	0		0	0
leadership	8	NA	1	0	2.43	0	0
leading	100	NA	1	0	3.14	0	0
leady	1	NA	1	0		0	0
leaf	143	NA	1	0	5.00	1	3
leafless	1	NA	1	0	4.04	0	0
leaflet	2	NA	1	0	4.31	0	0
leafy	3	NA	1	0	3.89	0	0
league	19	NA	1	1	3.46	0	0
leahy	7	NA	1	1		0	0
leak	13	NA	1	0	4.28	0	0
leaky	1	NA	1	0	3.57	0	0
leandro	1	NA	1	0		0	0
leap	2	NA	1	0	3.86	0	0
learn	144	0	1	0	2.20	0	0
learner	7	NA	1	0	3.28	0	0
learning	64	1	1	0	3.14	3	0
least	134	0	0	0	2.36	0	0
leather	3	NA	1	0	4.82	0	0
leatherback	1	NA	1	0		0	0
leathery	7	NA	1	0	3.40	0	0
leave	220	0	1	0	2.53	0	0
leaving	42	0	1	0	3.25	0	0
lebanon	1	NA	1	0		0	0
leclerc	1	NA	1	0		0	0
lectern	2	NA	1	0	4.46	0	0
lecture	11	NA	1	0	3.79	0	0
lecturer	8	NA	1	0	4.34	0	1
led	149	0	1	0	2.62	0	0
ledell	1	NA	1	0		0	0
ledge	3	NA	1	0	4.72	0	0
lee	11	NA	1	1		0	0
leech	8	NA	1	0	4.33	0	0
leeds	3	NA	1	1		0	0
leeuwenhoek	3	NA	1	1		0	0
leftfield	1	NA	1	0		0	0
leg	13	NA	1	0	4.83	0	0
legacy	8	NA	1	0	1.40	0	0
legal	90	NA	1	0	1.79	0	0
legally	12	NA	1	0	2.23	0	0
legend	3	NA	1	0	2.96	0	0
legible	4	NA	1	0	3.76	0	0
legislation	13	NA	1	0	3.14	0	0
legislative	7	NA	1	0	2.14	0	0
legislator	1	NA	1	0	3.75	0	0
legislature	1	NA	1	0	2.54	0	0
legitimacy	1	NA	1	0	2.07	0	0
legitimate	7	NA	1	0	1.63	0	0
legitimately	2	NA	1	0	1.96	0	0
legless	2	NA	1	0	4.07	0	0
lego	17	NA	1	1	4.73	0	0
legs	22	NA	1	0		0	0
legume	2	NA	1	0	4.31	0	0
leicester	13	NA	1	1		0	0
leifert	9	NA	1	1		0	0
leigh	3	NA	0	1		0	0
leisure	3	NA	1	0	2.03	0	0
leiva	3	NA	1	1		0	0
lemnos	14	NA	1	1		0	0
lemon	8	NA	1	0	5.00	0	0
lemur	7	NA	1	0		0	0
lend	1	NA	1	0	3.07	0	0
lending	2	NA	1	0		0	0
length	64	NA	1	0	4.07	0	3
lengthen	2	NA	1	0	3.47	0	0
lengthening	3	NA	1	0		0	0
lennon	8	NA	1	1		0	0
lens	9	0	1	0	4.64	0	0
lense	7	NA	1	0		0	0
lent	2	NA	1	0	2.77	0	0
leone	3	NA	1	1		0	0
leppings	1	NA	1	0		0	0
leprosy	1	NA	1	0	4.10	0	0
leptin	3	NA	1	0		0	0
lesbian	4	NA	1	0	4.21	0	0
lesion	4	NA	1	0	4.38	0	0
lesotho	3	NA	1	1		0	0
less	285	0	0	0	2.77	0	0
lessen	4	NA	1	0	2.23	0	0
lessening	1	NA	1	0	2.20	0	0
lesser	9	NA	1	0	2.29	0	0
lesson	29	NA	1	0	2.79	0	0
let	95	0	1	0	2.26	0	0
lethal	3	NA	1	0	3.04	0	0
lethargy	2	NA	1	0	2.52	0	0
letsmove	1	NA	1	0		0	0
letter	30	0	1	0	4.70	0	0
letters	20	NA	1	0		0	0
letting	7	NA	1	0		0	0
lettuce	3	NA	1	0	4.97	0	0
leukemia	2	NA	1	0	3.57	0	0
leukocidin	1	NA	1	0		1	0
leukocyte	7	NA	1	0		0	2
levant	2	NA	1	1		0	0
level	467	NA	1	0	2.86	0	5
leveling	1	NA	1	0	2.97	0	1
lever	12	NA	1	0	4.77	0	0
levita	4	NA	1	1		1	0
levy	1	NA	1	0	3.54	0	0
lewis	32	0	1	1		0	0
leyden	1	NA	1	0		0	0
leydig	5	0	1	1		1	0
lhotse	6	NA	1	1		2	0
liaise	2	NA	1	0		0	0
liam	4	NA	1	1		0	0
liar	6	NA	1	0	3.43	0	0
liberal	20	NA	1	0	1.67	0	0
liberalization	4	NA	1	0	1.64	0	0
liberally	1	NA	1	0	1.90	0	0
liberate	7	NA	1	0	2.29	0	0
liberation	2	NA	1	0	2.21	0	0
liberia	30	NA	1	1		0	0
liberian	7	NA	1	1		0	0
liberty	6	NA	1	0	1.85	0	0
library	36	NA	1	0	4.80	0	0
licence	15	NA	1	0	4.57	0	2
license	22	NA	1	0	4.00	0	0
lichen	17	4	1	0		2	0
lid	4	NA	1	0	4.96	0	0
lidl	1	NA	1	0		0	0
lie	54	0	1	0	3.11	0	2
lied	8	NA	1	0	2.57	0	0
lien	1	NA	1	0		0	0
life	697	0	1	0	2.69	2	0
lifeblood	1	NA	1	0	3.00	0	0
lifeboat	2	NA	1	0	4.48	0	0
lifecycle	4	NA	1	0		0	0
lifecycles	1	NA	1	0		0	0
lifeless	1	NA	1	0	3.03	0	0
lifelong	3	NA	1	0	1.92	0	0
lifespan	5	NA	1	0	2.55	0	0
lifestyle	36	NA	1	0	2.14	0	0
lifetime	36	NA	1	0	2.15	0	0
lift	35	0	1	0	3.89	0	0
ligament	4	NA	1	0	4.33	0	0
ligase	6	3	1	0		3	0
ligation	1	NA	1	0		1	0
light	287	0	1	0	4.21	2	1
lightbulb	3	NA	1	0	5.00	0	0
lightening	3	NA	1	0	4.19	0	0
lighter	20	NA	1	0	4.53	0	0
lighting	9	NA	1	0	4.38	0	0
lightly	4	0	1	0	2.60	0	0
lightning	8	NA	1	0	4.59	1	0
lightweight	2	NA	1	0	2.93	0	0
lignin	4	NA	1	0		0	0
lignite	2	NA	1	0		0	1
like	922	0	0	0	1.89	0	0
likeliest	1	NA	1	0		0	0
likelihood	12	NA	1	0	1.73	0	1
likely	146	NA	1	0	1.76	0	0
liken	2	NA	1	0	2.04	0	0
likeness	1	NA	1	0	2.22	0	0
likewise	10	NA	1	0	2.07	0	0
lily	19	NA	1	0	4.69	0	0
lim	2	NA	1	1		1	0
lima	22	NA	1	1	3.87	0	0
limal	24	NA	1	1		0	0
limb	38	NA	1	0	4.64	0	0
limbed	1	NA	1	0		0	0
limbic	7	NA	1	0		0	0
limbless	2	NA	1	0	3.77	0	0
limbo	2	NA	1	0	2.65	0	0
lime	1	NA	1	0	4.96	0	0
limerick	1	NA	1	0	3.85	0	0
limestone	6	NA	1	0	4.59	0	0
limit	69	0	1	0	2.28	0	0
limitation	9	NA	1	0	2.18	0	0
limited	73	NA	1	0	1.87	0	0
limiting	17	NA	1	0	1.60	0	0
limitless	3	NA	1	0	1.71	0	0
limosa	1	NA	1	0		0	0
limosus	1	NA	1	0		0	0
lin	3	NA	1	1		0	0
linckia	1	NA	1	0		0	0
lincoln	6	NA	1	1		0	0
linda	3	NA	1	0		0	0
lindo	2	NA	1	1		0	0
lindstedt	9	0	1	1		0	0
line	125	0	1	0	4.50	1	0
lineage	27	NA	1	0	3.15	0	0
linear	23	NA	1	0	3.45	0	0
linearly	1	NA	1	0	2.50	0	0
ling	1	NA	1	0		0	0
linger	1	NA	1	0	2.41	0	0
linguistic	2	NA	1	0	2.56	0	0
lining	23	NA	1	0	4.41	0	0
link	90	NA	1	0	3.43	0	2
linkage	13	NA	1	0	2.75	1	1
links	12	NA	1	0	3.52	0	0
linley	1	NA	1	0		0	0
linnaean	2	NA	1	1		0	0
linnaeus	4	NA	1	1		1	0
linnean	1	NA	1	0		0	0
linoleic	1	NA	1	0		0	0
linolenic	1	NA	1	0		0	0
linus	1	NA	1	0		0	0
lion	4	NA	1	0	4.96	0	0
lionel	3	NA	1	1		0	0
lip	3	NA	1	0	4.96	0	0
lipase	1	NA	1	0		0	0
lipid	64	1	1	0	3.04	1	2
lipoprotein	2	3	1	0		1	0
lipscomb	1	NA	1	0		0	0
liquefy	1	NA	1	0	3.31	0	0
liquid	85	NA	1	0	4.72	0	1
liquid's	1	NA	1	0		0	0
lira	3	NA	1	0		0	0
lisa	7	0	1	1		0	0
list	92	0	1	0	4.43	0	0
listen	39	0	1	0	3.47	0	0
listenable	1	NA	1	0		0	0
listener	7	0	1	0	3.46	0	0
listening	23	NA	1	0	2.48	0	0
listing	1	NA	1	0	3.15	0	0
lit	2	NA	1	0	3.67	0	0
liter	1	NA	1	0	4.24	0	0
literacy	6	NA	1	0	2.04	0	0
literal	2	NA	1	0	1.53	0	0
literally	9	NA	1	0	2.48	0	0
literarily	1	NA	1	0		0	0
literary	7	NA	1	0	2.32	0	0
literate	2	NA	1	0	2.48	0	0
literature	10	NA	1	0	4.10	0	0
lithium	2	NA	1	0	4.13	0	0
lithuania	3	NA	1	1		0	0
litmus	2	NA	1	0	3.20	0	0
litre	10	NA	1	0		0	0
litter	8	NA	1	0	4.47	0	0
little	193	0	1	0	3.67	0	0
littman	8	NA	1	1		0	0
livable	3	NA	1	0	2.48	0	0
live	379	0	1	0	3.57	0	0
liveable	1	NA	1	0	2.25	0	0
livelihood	3	NA	1	0	2.38	0	0
lively	7	NA	1	0	2.36	0	0
liver	43	NA	1	0	4.68	1	0
livermore	6	NA	1	1		0	0
livermorium	3	NA	1	0		0	0
liverpool	17	NA	1	1		0	0
liverwort	10	4	1	0		1	0
livestock	11	NA	1	0	4.70	0	0
living	380	0	1	0	3.04	0	0
livre	3	NA	1	1		0	0
liz	1	NA	1	0		0	0
lizard	19	NA	1	0	4.68	0	0
lka	2	NA	1	0		0	0
llable	1	NA	1	0		0	0
lled	5	NA	1	0		0	0
ller	1	NA	1	0		0	0
lling	1	NA	1	0		0	0
lloyd	6	NA	1	1		0	0
lls	1	NA	1	0		0	0
lm	9	NA	1	0		0	0
lmed	1	NA	1	0		0	0
lming	1	NA	1	0		0	0
loa	6	NA	1	1		1	0
load	9	NA	1	0	3.63	0	0
loading	1	NA	1	0	3.74	0	0
loaf	3	NA	1	0	4.79	0	0
loan	19	NA	1	0	3.72	0	0
lob	2	NA	1	0	3.83	0	0
lobate	2	NA	1	0		0	0
lobato	3	NA	1	1		0	0
lobby	3	NA	1	0	4.70	0	0
lobbyist	1	NA	1	0	3.71	0	0
lobe	35	NA	1	0	4.44	5	0
lobster	4	NA	1	0	4.86	0	0
local	201	NA	1	0	3.04	0	0
locale	1	NA	1	0	2.96	0	0
localize	7	NA	1	0	2.14	0	0
locally	10	NA	1	0	2.45	0	0
locate	93	NA	1	0	2.97	0	0
locating	2	NA	1	0		0	0
location	83	2	1	0	3.00	1	1
lock	13	NA	1	0	4.65	0	0
lockheed	3	NA	1	1		0	0
locomotion	20	NA	1	0	3.37	0	0
locus	3	1	1	0		1	0
locust	7	NA	1	0	4.80	0	0
lodge	8	1	1	0	4.00	1	0
lodging	1	NA	1	0	4.37	0	0
log	5	NA	1	0	4.96	0	0
logan	2	NA	1	1		0	0
loggia	1	NA	1	0		0	0
logging	2	NA	1	0	3.81	0	0
loghman	3	NA	1	1		1	0
logic	3	NA	1	0	1.72	0	1
logical	13	0	1	0	2.11	0	0
logie	3	NA	1	1		0	0
logistic	16	NA	1	0	2.32	0	0
logistical	5	NA	1	0	2.07	0	0
logistically	1	NA	1	0		0	0
logistics	1	NA	1	0	2.48	0	0
logo	12	NA	1	0	4.40	1	0
logos	2	NA	1	0	4.41	0	0
loiter	1	NA	1	0	3.61	0	0
london	197	NA	1	1		0	0
londoner	4	NA	1	1		0	1
lone	1	NA	1	0	1.59	0	0
loneliness	38	1	1	0	2.37	1	0
lonely	20	NA	1	0	2.19	0	0
long	346	0	1	0	3.18	0	0
longer	162	0	1	0	2.75	0	0
longevity	1	NA	1	0	1.90	0	0
longitudinal	8	NA	1	0	2.83	0	0
longlegs	1	NA	1	0		0	0
longstanding	5	NA	1	0	2.28	0	0
lonnie	3	NA	1	1		0	0
look	295	0	1	0	2.96	0	0
looking	123	0	1	0	3.53	0	0
loom	4	NA	1	0	4.50	0	0
loon	3	NA	1	1	4.26	0	0
loop	11	NA	1	0	4.26	0	3
loose	3	NA	1	0	3.18	0	0
loosely	1	NA	1	0	2.52	0	0
loosen	1	NA	1	0	3.24	0	0
loosening	1	NA	1	0		0	0
loosestrife	1	NA	1	0		0	0
looting	2	NA	1	0		0	0
lophelia	1	NA	1	0		0	0
lophotrochozoa	2	NA	1	0		2	0
lord	7	0	1	1	3.04	0	0
lorenzini	2	NA	1	1		1	0
loretta	3	NA	1	1		0	0
lorises	2	NA	1	0		0	0
lorraine	3	NA	1	0		0	0
lorry	8	NA	1	0		0	0
los	13	NA	1	1		0	0
lose	231	0	1	0	2.25	0	2
loss	117	NA	1	0	2.19	0	3
losses	18	NA	1	0		0	0
lot	269	0	1	0	3.70	0	0
lots	85	NA	1	0	3.30	0	0
lottery	11	NA	1	0	4.19	0	0
lotus	2	NA	1	0	4.35	0	0
loud	20	NA	1	0	3.73	0	0
louis	12	NA	1	1		0	0
louise	6	NA	1	1		0	0
louisiana	5	NA	1	1		0	0
lounge	9	NA	1	1	3.96	0	0
love	159	0	1	0	2.07	1	0
lovely	23	0	1	0	2.29	0	0
lovemore	3	NA	1	0		0	0
lover	5	NA	1	0	3.68	0	0
lovin	2	NA	1	0		0	0
lovingly	2	NA	1	0	2.00	0	0
low	191	NA	1	0	3.34	0	1
lowbirthweight	1	NA	1	0		0	0
lowcalorie	1	NA	1	0		0	0
lower	134	NA	1	0	2.76	0	0
lowercase	1	NA	1	0	3.57	0	0
lowerenergy	1	NA	1	0		0	0
lowering	6	NA	1	0	3.00	0	0
lowest	36	NA	1	0		0	0
lowland	2	NA	1	0	3.82	0	0
lowly	1	NA	1	0	1.71	0	0
lowness	1	NA	1	0	1.78	0	0
loyal	11	NA	1	0	1.69	0	0
loyalty	5	NA	1	0	1.57	0	0
lpg	1	NA	1	0		0	0
lpi	2	NA	1	1		0	0
lsd	1	NA	1	0		0	0
ltd	1	1	1	0		3	0
ltrated	1	NA	1	0		0	0
lub	1	NA	1	0		0	0
lubricant	2	NA	1	0	4.52	0	0
lubricate	2	NA	1	0	4.18	0	0
lubrication	1	NA	1	0	3.62	0	0
lucas	9	NA	1	1		0	0
lucasfilm	7	NA	1	1		0	0
lucia	3	NA	1	1		0	0
luciano	4	NA	1	1		0	0
luck	1	0	1	0	1.33	0	0
luckily	6	NA	1	0	1.55	0	0
lucky	17	0	1	0	1.76	0	0
lucrative	7	NA	1	0	1.69	0	0
lucy	4	NA	1	0		0	0
luggage	4	NA	1	0	4.83	0	0
luis	3	NA	1	1		0	0
luke	6	NA	1	1		0	0
lukla	6	NA	1	1		0	0
lull	2	NA	1	0	2.32	0	0
lumbar	1	NA	1	0	3.96	0	0
lumbuenamo	9	NA	1	1		0	0
lumen	7	NA	1	0		1	0
luminescent	2	NA	1	0	3.67	0	0
lump	3	NA	1	0	4.56	0	0
lunar	2	NA	1	0	3.56	0	0
lunch	3	0	1	0	4.31	0	0
lunchtime	2	NA	1	0	3.79	0	0
lung	81	NA	1	0	4.82	0	0
lungfish	1	NA	1	0	4.58	0	0
lungless	1	NA	1	0		0	0
luntz	3	NA	1	1		0	0
lunularia	1	NA	1	0		0	0
luossavaara	3	NA	1	0		0	0
lupine	2	NA	1	0		0	0
lupus	5	NA	1	0	3.46	0	0
lurch	1	NA	1	0	3.41	0	0
lure	5	NA	1	0	3.59	0	0
lurin	3	NA	1	1		0	0
lust	3	NA	1	0	2.15	0	0
luteal	2	NA	1	0		0	0
luteinizing	4	NA	1	0		0	0
luteum	12	3	1	0		1	0
luther	7	NA	1	1		0	0
luxembourg	9	NA	1	1		0	0
luxurious	1	NA	1	0	2.93	0	0
luxury	34	NA	1	0	2.59	0	0
lycophyta	2	NA	1	1		0	0
lycophytes	2	NA	1	0		0	1
lycopodiales	1	NA	1	0		0	0
lycopodium	1	NA	1	0		0	0
lydia	1	NA	1	0		0	0
lyell	3	NA	1	0		0	0
lyft	1	NA	1	0		0	0
lying	21	0	1	0	2.52	0	0
lymph	19	NA	1	0	3.48	1	0
lymphatic	8	NA	1	0	2.90	0	0
lymphocyte	36	2	1	0		1	1
lymphoid	1	NA	1	0		0	0
lymphoma	1	NA	1	0	3.76	0	0
lynch	10	NA	1	1	3.39	0	0
lynn	3	NA	1	1		0	0
lynx	28	NA	1	0	4.50	0	1
lyric	2	NA	1	0	3.61	0	0
lyse	2	NA	1	0		0	0
lysergic	1	NA	1	0		0	0
lysine	1	NA	1	0		0	0
lysis	7	NA	1	0		0	0
lysosome	20	NA	1	0		2	1
lysozyme	1	NA	1	0		0	0
lythrum	1	NA	1	0		0	0
lyuba	1	NA	1	0		0	0
m	4	0	0	0		0	0
maathai	2	NA	1	0		0	0
mac	3	NA	1	1		0	0
macarthur	2	NA	1	0		0	0
macbeth	3	NA	1	0		0	0
macdonald	1	NA	1	0		0	0
macedo	3	NA	1	1		0	0
mach	2	NA	1	1		0	0
machado	6	NA	1	1		0	0
machine	79	0	1	0	4.25	0	3
machinery	11	NA	1	0	4.75	0	0
macho	3	NA	1	0	1.90	0	0
macis	3	NA	1	1		0	0
mackerel	1	NA	1	0	4.89	0	0
macleod	3	NA	1	1		0	0
macroecologist	2	NA	1	0		0	0
macroevolution	3	NA	1	0		1	0
macrofossils	1	NA	1	0		0	0
macromolecule	46	0	1	0		2	7
macrophage	23	2	1	0		2	0
macroscopic	2	NA	1	0	2.46	0	0
macular	1	NA	1	0		0	0
maculatus	2	NA	1	0		0	0
mad	6	0	1	0	2.76	0	0
madagascar	8	NA	1	1		1	0
maddy	1	NA	1	0		0	0
madeline	1	NA	1	0		0	0
madiba	6	NA	1	1		0	0
madison	3	NA	1	1		0	0
madness	3	NA	1	0	1.97	0	0
madonna	3	NA	1	1		0	0
madre	1	NA	1	0		0	0
madreporite	3	1	1	0		2	0
madrid	5	NA	1	1		0	0
maenas	2	NA	1	0		0	0
maestro	1	NA	1	0	4.16	0	0
mafia	6	NA	1	0	3.66	0	0
mafic	4	5	1	0		1	0
magazine	50	NA	1	0	5.00	0	0
magdy	3	NA	1	0		0	0
maggot	6	NA	1	0	4.97	0	0
magic	14	NA	1	0	2.90	0	0
magical	3	NA	1	0	2.30	0	0
magistrate	1	NA	1	0	3.82	0	0
magma	35	1	1	0	4.73	3	0
magna	3	NA	1	0		0	0
magnesium	5	NA	1	0	4.07	0	0
magnet	4	NA	1	0	4.70	0	0
magnetic	9	NA	1	0	3.40	0	0
magnetite	1	NA	1	0		0	0
magnification	11	NA	1	0	3.52	3	1
magnificent	3	NA	1	0	1.86	0	0
magnify	7	NA	1	0	3.71	0	0
magnirostris	1	NA	1	0		0	0
magnitude	6	NA	1	0	2.43	0	0
magnolia	3	NA	1	0	4.71	0	0
magnoliidae	3	NA	1	1		1	0
maha	3	NA	1	1		0	0
mahadev	1	NA	1	0		0	0
maheshwar	3	NA	1	1		0	0
mahindra	2	NA	1	1		0	0
maid	3	NA	1	0	4.64	0	0
maidan	2	NA	1	1		0	0
maiden	2	NA	1	1	4.24	0	0
maidstone	1	NA	1	0		0	0
mail	8	NA	1	0	4.69	0	1
mailing	1	NA	1	0	3.63	0	0
main	157	NA	1	0	2.41	0	0
maine	1	NA	1	0		0	0
mainland	16	NA	1	0	4.31	0	0
mainly	37	NA	1	0	2.00	0	0
mainstream	16	NA	1	0	1.81	0	0
maintain	125	NA	1	0	2.32	0	0
maintenance	22	NA	1	0	3.07	0	1
mair	1	NA	1	0		1	0
maize	3	NA	1	0	4.58	0	0
majestic	7	NA	1	0	2.04	0	0
majesty	2	NA	1	1	1.94	0	0
major	202	0	1	0	2.16	0	0
majora	4	NA	1	0		1	0
majority	56	NA	1	0	2.54	0	0
majors	2	NA	1	0		0	0
majuro	3	NA	1	1		0	0
majus	1	NA	1	0		0	0
make	1290	0	0	0	2.67	0	3
makeover	1	NA	1	0	3.64	0	0
maker	40	NA	1	0	3.90	0	1
makeup	12	NA	1	0	4.45	0	1
making	173	0	0	0	2.34	0	1
mal	8	NA	1	1		0	0
maladaptive	2	NA	1	0		0	0
malala	23	NA	1	1		0	0
malalas	1	NA	1	0		0	0
malaria	31	NA	1	0	3.93	1	0
malarial	5	NA	1	0		0	0
malay	2	NA	1	1		0	0
malaya	3	NA	1	1		0	0
malaysia	4	NA	1	1		0	0
malaysian	4	NA	1	1		0	0
maldives	6	NA	1	1		0	0
male	177	NA	1	0	4.45	0	1
malformed	1	NA	1	0	3.23	0	0
malfunction	2	NA	1	0	2.74	0	1
mali	1	NA	1	0		0	0
malia	3	NA	1	1		0	0
malign	1	NA	1	0	2.04	0	0
malik	3	NA	1	1		0	0
mall	6	NA	1	0	4.83	0	0
malleus	1	NA	1	0		0	0
malnourish	8	NA	1	0		0	0
malnourishment	2	NA	1	0	3.50	0	0
malnutrition	15	NA	1	0	3.10	0	0
malt	7	3	1	1	4.57	1	0
malta	1	NA	1	0		0	0
malthus	3	NA	1	1		0	0
maltose	4	NA	1	0		1	0
mama	3	0	1	0	4.30	0	0
mammal	116	NA	1	0	4.59	1	6
mammalia	2	NA	1	1		0	0
mammalian	22	NA	1	0	3.27	0	0
mammary	9	NA	1	0	3.63	0	0
mammogram	2	NA	1	0	4.58	0	0
mammography	1	NA	1	0	3.92	0	0
mammoth	11	NA	1	0	4.11	0	0
mamun	6	NA	1	1		0	0
man	180	0	1	0	4.79	0	4
manacle	1	NA	1	0		0	0
manage	86	NA	1	0	2.00	0	0
manageable	7	NA	1	0	2.10	0	0
management	25	NA	1	0	2.72	0	0
manager	78	NA	1	0	4.14	2	1
manal	1	NA	1	0		0	0
manatee	1	NA	1	0	4.66	0	0
manaus	6	NA	1	1		0	0
manby	9	NA	1	1		0	0
manchester	33	1	1	1		1	1
mandate	1	NA	1	0	3.08	0	0
mandela	53	1	1	1		3	0
mandible	5	NA	1	0		0	0
maneuver	2	NA	1	0	3.03	0	0
mangle	1	NA	1	0	3.34	0	0
mangrove	3	NA	1	0		0	0
manhattan	15	NA	1	1		0	0
mania	3	NA	1	0	2.42	0	0
manicure	2	NA	1	0	4.39	0	0
manifest	1	NA	1	0	2.43	0	0
manipulate	18	NA	1	0	2.55	0	0
manipulation	5	NA	1	0	2.25	0	0
manly	1	NA	1	0	2.03	0	0
manmade	6	NA	1	0	3.32	0	0
manner	13	NA	1	0	1.62	0	0
manoeuvre	2	NA	1	0		0	0
mansion	41	NA	1	0	4.89	1	2
mantle	21	3	1	0	4.57	2	0
manual	3	NA	1	0	4.45	0	0
manually	2	NA	1	0	3.19	0	0
manuel	3	NA	1	1		0	0
manufacture	9	NA	1	0	3.07	0	0
manufacturer	18	NA	1	0	3.69	0	1
manufacturing	2	NA	1	0	3.52	0	0
manuscript	19	NA	1	0	4.57	0	1
many	1075	0	0	0	2.37	0	0
manyfold	1	NA	1	0		0	0
map	105	NA	1	0	4.93	3	0
maple	5	NA	1	1	4.46	0	0
mapone	2	NA	1	0		0	0
mapper	3	NA	1	0		0	0
mapping	19	1	1	0		3	0
mara	12	NA	1	1		0	0
maracana	3	NA	1	1		0	0
marbella	3	NA	1	1		0	0
marble	6	NA	1	1	4.85	0	0
marc	1	NA	1	0		0	0
march	31	NA	1	1	4.03	0	0
marchantiophyta	2	NA	1	1		0	0
marches	3	NA	1	0		0	0
marco	8	NA	1	1		0	0
marcus	2	NA	1	1		0	0
margaret	31	NA	1	1		0	0
margarine	1	NA	1	0	4.58	0	0
margate	5	NA	1	1		0	0
margin	7	NA	1	0	3.46	0	0
marginalize	3	NA	1	0	1.85	0	0
marginally	1	NA	1	0	1.93	0	0
margulis	3	NA	1	1		0	0
mari	1	NA	1	0		0	0
maria	36	NA	1	1		0	1
mariana	1	NA	1	0		0	0
marie	1	NA	1	0		0	0
mariella	1	NA	1	0		0	0
marijuana	3	NA	1	0	4.89	0	0
marin	8	0	1	1		0	0
marinakis	3	NA	1	1		0	0
marine	81	NA	1	0	4.25	0	0
marini	2	NA	1	1		0	0
mario	1	NA	1	0		0	0
maritime	6	NA	1	1	2.32	0	0
mark	78	0	1	0	4.21	2	0
marker	17	NA	1	0	4.62	1	0
market	156	NA	1	0	4.70	1	0
marketer	2	NA	1	0	3.46	0	0
marketforce	6	NA	1	1		0	0
marketing	45	NA	1	0	2.33	0	0
marking	3	NA	1	0	3.79	0	0
marks	12	NA	1	0		0	0
marotta	2	NA	1	1		0	0
marottas	1	NA	1	0		0	0
marr	2	NA	1	1		0	0
marriage	9	0	1	0	2.51	0	0
married	16	0	1	0	2.82	0	0
marrow	10	NA	1	0	4.48	0	0
marry	1	0	1	0	3.03	0	0
mars	95	0	1	1	4.48	0	0
marsh	7	NA	1	0	4.85	0	0
marshall	13	NA	1	1		0	0
marston	1	NA	1	0		0	0
marsupial	12	NA	1	0	4.55	1	0
martha	3	NA	1	0		0	0
martin	27	NA	1	1	3.48	0	0
martyn	1	NA	1	0		0	0
marvel	4	NA	1	1	2.12	0	0
marvellous	4	NA	1	0		0	0
mary	11	0	1	1		0	0
maryland	3	NA	1	1		0	0
masculine	3	NA	1	0	2.21	0	0
masen	6	NA	1	1		0	0
mash	1	NA	1	0	3.78	0	1
mask	15	NA	1	0	4.96	0	0
masking	1	NA	1	0		0	0
mason	19	NA	1	1	4.20	1	0
masquerade	1	NA	1	0	3.35	0	0
mass	74	2	1	0	3.44	1	2
massachusetts	9	NA	1	1		0	0
massacre	7	NA	1	0	4.00	0	0
massage	3	NA	1	0	4.18	0	0
masse	1	NA	1	0		0	0
masses	2	NA	1	0	3.14	0	0
massif	3	NA	1	1		0	0
massive	35	NA	1	0	3.21	0	0
massively	2	NA	1	0	1.67	0	0
mast	9	0	1	0	4.92	0	0
master	9	0	1	0	2.63	0	0
masters	2	NA	1	0		0	0
masticate	2	NA	1	0	3.38	0	0
mastication	1	NA	1	0		0	0
mat	18	2	1	0	4.83	3	0
match	113	NA	1	0	4.14	0	0
mate	21	NA	1	0	4.34	0	0
mater	3	NA	1	0		0	1
material	201	NA	1	0	4.26	0	7
materialize	1	NA	1	0	2.46	0	0
maternal	11	NA	1	0	2.42	0	0
maternally	2	NA	1	0	2.62	0	0
mates	5	NA	1	0		0	0
math	2	NA	1	0	3.15	0	0
mathematical	8	NA	1	0	2.90	0	0
mathematician	3	NA	1	0	4.38	0	1
mathematics	3	NA	1	0	2.52	0	0
mathers	5	NA	1	1		0	0
mathew	3	NA	1	1		0	0
mathias	4	NA	1	0		0	0
maths	2	NA	1	0		0	0
mating	21	NA	1	0	3.53	0	0
matinicus	1	NA	1	0		0	0
matrix	21	5	1	0	3.11	2	1
matt	3	NA	1	1		0	0
matteo	2	NA	1	1		0	0
matter	88	0	1	0	3.54	0	2
matthew	5	NA	1	1		0	0
matthias	1	NA	1	0		0	0
mattos	3	NA	1	1		0	0
mattress	6	NA	1	0	5.00	0	0
maturation	11	NA	1	0	2.26	0	0
mature	28	NA	1	0	1.86	0	0
maturity	7	NA	1	0	1.81	0	0
mau	5	NA	1	1		0	0
maud	2	NA	1	0		0	0
maude	3	NA	1	1		0	0
maui	1	NA	1	0		0	0
mauna	7	NA	1	1		0	0
maureen	1	NA	1	0		0	0
maurice	2	NA	1	1		0	0
mauritania	6	NA	1	1		0	0
mauritius	4	NA	1	1		0	0
max	9	0	1	0	2.18	1	0
maximal	5	NA	1	0	2.26	0	0
maximally	2	NA	1	0		0	0
maximise	1	NA	1	0		0	0
maximize	5	NA	1	0	1.79	0	0
maximum	23	NA	1	0	2.54	0	0
may	756	0	0	0	3.00	0	0
maybe	53	0	1	0	1.52	0	0
maycon	3	NA	1	0		0	0
mayer	6	NA	1	1		0	0
mayfair	3	NA	1	1		0	0
mayfly	1	NA	1	0		0	0
maynard	1	NA	1	0		0	0
mayonnaise	3	NA	1	0	4.90	0	0
mayor	51	NA	1	0	4.37	0	1
mazraa	3	NA	1	1		0	0
mazzaggio	2	NA	1	1		0	0
mbps	12	NA	1	0		0	0
mbta	1	NA	1	0		0	0
mcavan	3	NA	1	1		0	0
mccain	3	NA	1	1		0	0
mccartney	3	NA	1	1		0	0
mcclory	2	NA	1	1		0	0
mccombe	2	NA	1	0		0	0
mcconville	2	NA	1	1		0	0
mccormack	6	NA	1	1		0	0
mcdonald	41	NA	1	1		0	0
mcdonalds	20	NA	1	1		0	0
mcdowell	6	NA	1	1		0	0
mckewen	5	NA	1	1		0	0
mckinlay	17	1	1	1		2	0
mclaughlin	9	NA	1	1		0	0
mcnamara	1	NA	1	0		0	0
mcqueen	3	NA	1	1		0	0
mcrib	1	NA	1	0		0	0
mcwrap	3	NA	1	1		0	0
me	3	0	0	0	4.33	0	0
meadow	2	NA	1	0	4.86	0	0
meal	45	NA	1	0	4.62	0	0
mealworm	1	NA	1	0	4.57	0	0
mean	126	0	1	0	2.50	0	0
meaning	96	NA	1	0	1.85	0	0
meaningful	7	NA	1	0	1.62	0	0
means	185	0	1	0	1.93	0	0
meantime	11	NA	1	0	1.87	0	0
meanwhile	21	NA	0	0	1.27	0	0
measles	4	NA	1	0	4.69	0	0
measurable	1	NA	1	0	2.93	0	0
measure	105	NA	1	0	3.59	0	3
measureable	1	NA	1	0		0	0
measurement	13	NA	1	0	3.26	0	0
measuring	10	NA	1	0	3.52	0	0
meat	34	NA	1	0	4.90	2	0
mecca	6	NA	1	1		0	0
mechanical	17	NA	1	0	3.17	0	0
mechanics	10	NA	1	0	3.59	0	0
mechanism	109	NA	1	0	3.67	0	7
mechanistic	1	NA	1	0		0	0
mechanization	1	NA	1	0	2.92	0	0
medal	8	NA	1	0	4.89	0	0
mediate	18	NA	1	0	2.54	0	0
mediator	2	NA	1	0	3.26	0	0
medical	82	NA	1	0	3.07	0	1
medicate	1	NA	1	0	3.04	0	0
medication	22	NA	1	0	4.53	0	0
medicinal	18	NA	1	0	2.10	0	0
medicine	76	NA	1	0	4.79	0	0
medieval	4	NA	1	0	2.46	0	0
medina	1	NA	1	0		0	0
meditate	5	NA	1	0	3.25	0	0
meditation	2	NA	1	0	2.85	2	0
meditative	2	NA	1	0	1.75	0	0
mediterranean	9	NA	1	1	3.20	0	0
medium	179	0	1	0	3.00	1	0
medulla	13	NA	1	0	3.38	1	0
medusa	10	1	1	0	3.89	2	0
medusoid	3	NA	1	0		0	0
medvedev	5	NA	1	1		0	0
meet	144	0	1	0	3.00	0	0
meeting	64	0	1	0	3.31	1	0
mefloquine	1	NA	1	0		0	0
mega	6	NA	1	0	2.07	0	0
megabyte	1	NA	1	0	3.07	0	0
megafauna	1	NA	1	0		0	0
megasporangium	2	NA	1	0		0	0
megaspore	8	NA	1	0		0	0
megasporocyte	3	NA	1	0		1	0
megyn	2	NA	1	1		0	0
mehmet	3	NA	1	1		0	0
meikle	1	NA	1	0		0	0
meiosis	116	1	1	0		3	2
meiotic	10	NA	1	0		0	0
meknes	2	NA	1	1		0	0
mel	3	NA	1	0		0	0
melancholically	1	NA	1	0		0	0
melancholy	3	NA	1	0	2.00	0	0
melanogaster	3	NA	1	0		0	0
melbourne	8	NA	1	1		0	0
melis	3	NA	1	1		0	0
mellitus	4	NA	1	0		0	0
mello	3	NA	1	1		0	0
mellon	3	NA	1	1		0	0
melodramatic	2	NA	1	0	2.08	0	0
melon	1	NA	1	0	4.78	0	0
melt	18	NA	1	0	3.96	1	0
meltdown	1	NA	1	0	3.17	0	0
melting	18	NA	1	0	3.83	0	0
meltwater	2	NA	1	0		0	0
melvin	1	NA	1	0		0	0
member	178	NA	1	0	3.07	1	5
membership	3	NA	1	0	3.04	0	0
membrane	328	0	1	0	3.97	2	2
membranous	7	NA	1	0	3.29	0	0
memoir	3	NA	1	0	3.76	0	0
memorable	3	NA	1	0	1.79	0	0
memorial	5	NA	1	1	3.68	0	0
memorize	3	NA	1	0	3.30	0	0
memory	116	NA	1	0	2.38	0	2
memphis	7	NA	1	1		0	0
men	110	0	1	0	4.75	0	0
menace	4	NA	1	1	2.30	0	1
mend	11	NA	1	1	3.50	1	0
mendel	78	NA	1	1		0	0
mendel's	1	NA	1	0		0	0
mendelian	8	NA	1	1		0	0
mendelism	1	NA	1	0		0	0
mendelweb	1	NA	1	0		0	0
mendess	1	NA	1	0		0	0
menial	2	NA	1	0	1.81	0	0
meninges	6	NA	1	0		0	0
meningitis	6	NA	1	0	4.11	0	0
meninx	1	NA	1	0		0	0
menopausal	1	NA	1	0	2.43	0	0
menopause	1	1	1	0	3.19	2	0
menstrual	19	NA	1	0	3.27	0	0
menstruation	1	NA	1	0	4.00	0	0
mental	44	0	1	0	2.04	0	0
mentally	7	NA	1	0	1.93	0	0
menthol	7	NA	1	0	3.85	0	0
mentholated	2	NA	1	0		0	0
mention	37	NA	1	0	2.69	0	0
mentor	5	NA	1	0	3.70	0	0
menu	52	0	1	0	4.67	0	0
mep	6	NA	1	1		0	1
meps	19	NA	1	1		0	0
mercantile	1	NA	1	0	2.93	0	0
mercedes	12	NA	1	1		0	0
mercer	12	0	1	1		0	0
merchandise	5	NA	1	0	4.52	0	0
merchandising	3	NA	1	0		0	0
mercurial	1	NA	1	0		0	0
mercury	18	NA	1	0	4.52	1	0
mercy	1	NA	1	0	1.57	0	0
mere	1	NA	1	0	1.43	0	0
merely	1	NA	1	0	1.42	0	0
merge	3	NA	1	0	3.24	0	0
merger	2	NA	1	0	2.34	0	0
meristem	8	1	1	0		2	0
meristematic	1	NA	1	0		0	0
merit	5	NA	1	0	1.66	0	0
meritocratic	4	NA	1	0		0	0
merkel	3	NA	1	1		0	0
mermaid	1	NA	1	0	4.50	0	0
merrick	1	NA	1	0		0	0
merritt	2	NA	1	1		0	0
merritts	1	NA	1	0		0	0
merry	1	NA	1	0	2.41	0	0
mersch	1	NA	1	0		0	0
merseyside	2	NA	1	1		0	0
mesenteric	1	NA	1	0		0	0
mesh	1	NA	1	0	4.41	0	0
mesoderm	13	NA	1	0		0	0
mesodermal	3	NA	1	0		0	0
mesoglea	4	6	1	0		1	0
mesohippus	1	NA	1	0		0	0
mesohyl	5	NA	1	0		2	0
mesolithic	10	NA	1	1		0	0
mesophyll	4	2	1	0		1	0
mesozoic	6	NA	1	1		0	0
mess	6	0	1	0	3.90	0	1
message	105	0	1	0	3.97	1	1
messaging	12	NA	1	0	3.41	0	0
messenger	10	NA	1	0	3.89	0	1
messi	6	NA	1	1		0	0
messy	2	NA	1	0	3.59	0	0
metabolic	40	NA	1	0	2.44	0	0
metabolically	1	NA	1	0		0	0
metabolism	37	NA	1	0	2.27	0	0
metabolite	6	NA	1	0	2.52	0	0
metabolize	6	NA	1	0	2.24	0	0
metadata	40	0	1	0		0	0
metagenome	1	NA	1	0		0	0
metagenomics	6	1	1	0		1	0
metal	38	NA	1	0	4.87	0	1
metallic	6	NA	1	0	4.03	0	0
metallica	3	NA	1	1		0	0
metalloid	3	NA	1	0	3.17	0	0
metamerism	4	1	1	0		1	0
metamorphic	4	NA	1	0	2.62	0	0
metamorphosis	9	NA	1	0	3.11	0	0
metanephridia	1	NA	1	0		0	0
metaphase	34	2	1	0		1	0
metaphorical	2	NA	1	0	1.74	0	0
meteorite	33	NA	1	0	4.60	1	0
meteorologist	2	NA	1	0	4.56	0	0
meter	14	NA	1	0	4.70	0	0
meth	3	NA	1	0	4.63	0	0
methane	22	NA	1	0	4.32	0	0
methanogen	1	NA	1	0		0	0
methicillin	8	NA	1	0		0	0
methionine	3	NA	1	0		0	0
method	170	NA	1	0	2.41	1	8
methodical	1	NA	1	0	1.93	0	0
methodist	1	NA	1	0		0	0
methodology	4	NA	1	0	1.76	0	0
methotrexate	2	NA	1	0		0	1
meticulous	1	NA	1	0	1.90	0	0
metre	87	NA	1	0		0	0
metric	3	NA	1	1	3.14	0	0
metrics	3	NA	1	1	2.81	0	0
metropolis	1	NA	1	0	3.89	0	0
metropolitan	1	NA	1	0	2.89	0	0
meulensteen	3	NA	1	1		0	0
mexican	25	NA	1	1		0	0
mexico	27	NA	1	1		0	0
meyer	1	NA	1	0		0	0
mezze	2	NA	1	1		0	0
mgm	2	NA	1	1		0	0
mhc	18	0	1	1		0	0
mhcii	1	NA	1	0		0	0
mhlanga	1	NA	1	0		0	0
mhng	1	NA	1	0		0	0
miami	15	NA	1	1		0	0
michael	21	0	1	1		0	0
michaux	1	NA	1	0		0	0
michel	6	NA	1	1		0	0
michelin	3	NA	1	0		0	0
michelle	8	NA	1	1		0	0
michigan	6	NA	1	1		0	0
michy	8	NA	1	1		0	0
mick	3	NA	1	1		0	0
micra	1	NA	1	0		0	0
micro	4	0	1	0	2.08	0	0
microbe	7	NA	1	0	4.19	0	0
microbial	32	NA	1	0	3.26	0	0
microbially	1	NA	1	0		0	0
microbiologist	3	NA	1	0	4.28	0	0
microbiology	4	1	1	0	2.93	1	0
microbiome	4	NA	1	0		0	0
microevolution	2	1	1	0	2.31	1	0
microfilaments	7	NA	1	0		1	0
microfossil	1	NA	1	0	4.33	0	0
microgram	1	NA	1	0	3.25	0	0
micrograph	16	NA	1	0		0	0
micrographia	1	NA	1	0		1	0
micrographs	3	NA	1	0		1	0
micrography	1	NA	1	0		0	0
microliter	1	NA	1	0		0	0
micrometer	4	NA	1	0	4.26	0	0
micrometres	4	NA	1	0		0	0
microorganism	37	NA	1	0	3.70	1	0
microphone	3	NA	1	0	4.88	0	0
microphylls	1	NA	1	0		1	0
microscope	50	NA	1	0	5.00	1	1
microscopic	15	NA	1	0	3.46	0	0
microscopically	1	NA	1	0	2.50	0	0
microscopy	13	NA	1	0	2.27	0	0
microsecond	1	NA	1	0	2.90	0	0
microsoft	13	NA	1	1		0	0
microsporangium	2	NA	1	0		0	0
microspore	9	NA	1	0	3.30	0	0
microsporocyte	1	NA	1	0		0	0
microsporocytes	2	NA	1	0		0	0
microtubule	30	NA	1	0	3.85	1	0
microturbine	1	NA	1	0		0	0
microvilli	5	NA	1	0		1	0
microvillus	1	NA	1	0		0	0
mid	22	NA	0	0	2.69	0	0
middle	108	0	1	0	3.69	0	0
middleman	3	NA	1	0	2.79	0	0
middlesbrough	2	NA	1	1		0	0
middling	2	NA	1	0		0	0
middup	2	NA	1	0		0	0
midfielder	3	NA	1	0	4.08	0	0
midland	3	NA	1	1	3.36	0	0
midlife	23	NA	1	0	3.07	0	0
midnight	18	NA	1	0	3.14	0	0
midpoint	1	NA	1	0	3.00	0	0
midst	4	NA	1	0	2.33	0	0
midtown	3	NA	1	0	3.46	0	0
midway	3	NA	1	0	3.20	0	1
miesen	8	0	1	1		0	0
migendo	3	NA	1	1		0	0
might	264	0	0	0	2.32	0	0
mighty	4	NA	1	0	2.61	0	0
mignone	1	NA	1	0		0	0
migrant	9	NA	1	0	4.03	0	0
migrate	21	NA	1	0	3.15	0	0
migration	17	NA	1	0	3.55	1	0
migratory	5	NA	1	0	2.73	0	0
miguel	6	NA	1	1		0	0
mike	23	0	1	1	4.65	0	0
mikhail	11	NA	1	1		0	0
milan	3	NA	1	1		0	0
mild	20	0	1	0	2.48	0	0
mildew	5	NA	1	0	4.57	0	0
mildly	3	NA	1	0	2.04	0	0
mile	123	0	1	0	3.63	0	0
mileage	4	NA	1	0	3.47	0	0
milesi	3	NA	1	1		0	0
milestone	4	NA	1	0	3.22	0	0
miletus	1	NA	1	0		0	0
miliband	8	NA	1	1		1	0
militant	7	NA	1	0	2.62	0	0
military	26	0	1	0	4.00	0	0
militiaman	1	NA	1	0	3.56	0	0
milk	45	NA	1	0	4.92	0	1
milkweed	1	NA	1	0	4.62	0	0
mill	1	NA	1	0	4.72	0	0
millennial	10	NA	1	0	1.96	0	0
millennium	10	NA	1	0	2.63	0	0
miller	6	1	1	1	3.88	1	0
millersville	1	NA	1	0		0	0
millie	3	NA	1	1		0	0
milligram	1	NA	1	0	3.61	0	0
milliliter	2	NA	1	0	3.96	0	0
millimeter	2	NA	1	0	4.38	0	0
millimetre	3	NA	1	0		0	0
million	409	0	0	0	2.90	0	0
millionaire	15	NA	1	0	3.60	0	0
millionth	1	NA	1	0	2.70	0	0
millipede	4	NA	1	0	4.77	0	0
millivolt	1	NA	1	0		0	0
milo	3	NA	1	1		0	0
mime	4	NA	1	0	4.50	0	0
mimic	7	NA	1	0	3.22	0	0
mimicry	11	1	1	0	3.00	3	0
mimosa	1	NA	1	0	4.62	0	0
minaret	1	NA	1	0		0	0
mind	72	0	1	0	2.50	0	0
mindfully	2	NA	1	0	1.69	0	0
mindfulness	6	NA	1	1	2.21	0	0
mindless	2	NA	1	0	1.63	0	0
mindset	4	NA	1	0	1.55	0	0
mine	51	0	0	0	3.56	0	0
minefield	1	NA	1	0	4.43	0	0
miner	4	NA	1	1	4.30	0	0
mineral	57	4	1	0	4.41	1	1
mineralised	1	NA	1	0		0	0
mineralocorticoid	3	NA	1	0		0	0
mineralogy	1	NA	1	0	2.59	0	0
mingle	1	NA	1	0	3.17	0	0
mingora	3	NA	1	1		1	0
minh	6	NA	1	1		0	0
mini	1	NA	1	0	2.89	0	0
miniature	1	NA	1	0	3.46	0	0
minimal	5	NA	1	0	2.00	0	0
minimalist	1	NA	1	0	2.55	0	0
minimally	1	NA	1	0	2.09	0	0
minimize	13	NA	1	0	2.37	0	0
minimum	30	NA	1	0	2.25	0	2
mining	31	1	0	0	4.03	1	0
minister	118	0	1	0	4.22	1	4
ministry	31	NA	1	1	3.21	0	0
minivan	3	NA	1	0	4.92	0	0
minnesota	1	NA	1	0		0	0
minnow	2	NA	1	0	4.84	0	1
minor	18	NA	1	0	2.61	0	0
minora	4	NA	1	0		1	0
minority	11	NA	1	0	2.65	0	0
minus	4	NA	0	0	2.37	0	0
minute	44	0	1	0	3.04	0	0
minutes	121	0	1	0		0	0
mirabilis	1	3	1	0		1	0
mirage	6	NA	1	1	3.32	0	0
mire	1	NA	1	0		0	0
mirror	94	NA	1	0	4.97	0	0
mirsky	1	NA	1	0		0	0
misbehaviour	5	NA	1	0		0	0
mischaracterization	1	NA	1	0	1.72	0	0
miscible	1	NA	1	0		0	0
misconception	7	NA	1	0	1.93	0	0
misdemeanour	2	NA	1	0		0	0
misdiagnoses	1	NA	1	0		0	0
misdiagnosis	1	NA	1	0	2.26	0	0
misdirect	1	NA	1	0	2.29	0	0
misener	2	NA	1	1		0	0
miserable	3	NA	1	0	1.97	0	0
misery	2	NA	1	0	2.04	0	0
misinformation	1	NA	1	0	2.23	0	0
misinterpret	2	NA	1	0	2.03	0	0
mislabelled	1	NA	1	0		0	0
mislead	2	NA	1	0	2.41	0	0
mismanagement	2	NA	1	0	1.84	0	0
mismatch	7	NA	1	0	3.00	0	0
misname	1	NA	1	0		0	0
misperceptions	3	NA	1	0		0	0
misplace	2	NA	1	0	2.52	0	0
miss	44	0	1	0	2.54	0	0
mission	98	NA	1	0	2.90	0	1
mississippi	9	NA	1	1		0	0
missouri	2	NA	1	1		0	0
misspoke	1	NA	1	0		0	0
mistake	51	0	1	0	1.97	1	1
mistakenly	6	NA	1	0	1.93	0	0
mistreat	6	NA	1	0	2.47	0	0
mistreatment	1	NA	1	0	2.29	0	0
mistrust	2	NA	1	0	2.04	0	0
misunderstand	10	NA	1	0	1.85	0	0
misunderstanding	6	NA	1	0	1.97	0	0
misuse	2	NA	1	0	2.07	0	0
mit	9	NA	1	1		0	0
mitchell	25	NA	1	1		3	0
mitigate	2	NA	1	0	2.16	0	0
mitochondrial	20	0	1	0	3.70	0	0
mitochondrion	51	NA	1	0		0	0
mitoses	1	NA	1	0		0	0
mitosis	68	3	1	0	3.39	2	1
mitotic	43	NA	1	0		0	0
mitotically	1	NA	1	0		0	0
mitt	3	NA	1	1	4.76	0	0
mittal	3	NA	1	1		1	0
mix	92	NA	1	0	3.82	0	3
mixing	6	NA	1	0		0	0
mixture	24	NA	1	0	3.79	0	7
mnd	8	NA	1	1		0	0
mobile	64	NA	1	0	2.93	0	0
mobility	10	NA	1	0	2.20	0	0
mobilize	4	NA	1	0	2.62	0	0
mobylette	3	NA	1	1		0	0
mock	4	NA	1	0	2.43	0	0
mockingbird	1	NA	1	0	4.75	0	0
modal	2	NA	1	0		0	0
mode	16	NA	1	0	2.46	0	0
model	120	NA	1	0	4.53	1	1
modeling	1	NA	1	0	3.48	0	0
moderate	16	NA	1	0	1.97	0	0
moderately	2	NA	1	0	2.00	0	0
moderation	4	NA	1	0	1.90	0	0
moderator	2	NA	1	0	4.12	0	0
modern	121	NA	1	0	2.31	0	0
moderna	1	NA	1	0		0	0
modernize	2	NA	1	0	2.46	0	0
modest	4	NA	1	0	2.21	0	0
modi	19	NA	1	1		2	0
modification	24	NA	1	0	2.79	1	0
modify	73	NA	1	0	2.55	0	0
modulate	2	NA	1	0	2.52	0	0
modulation	1	NA	1	0	2.64	0	0
modulators	1	NA	1	0		0	0
module	7	4	1	0	3.93	1	0
mogul	1	NA	1	0	4.04	0	1
mohammed	4	NA	1	1		0	0
mohandas	1	NA	1	0		0	0
mohave	1	NA	1	0		0	0
moira	3	NA	1	1		0	0
moist	16	NA	1	0	4.00	0	0
moisten	2	NA	1	0	3.48	0	0
moisture	8	NA	1	0	4.07	0	0
molar	3	NA	1	0	4.83	0	0
mold	16	NA	1	0	4.85	1	0
molecular	77	NA	1	0	3.09	0	0
molecule	498	3	1	0	3.27	3	19
mollify	1	NA	1	0		0	0
mollusc	1	NA	1	0		0	0
mollusca	6	NA	1	1		2	1
mollusk	32	1	1	0	4.67	1	0
molt	3	NA	1	0		0	0
molting	1	NA	1	0		0	0
moment	93	0	1	0	1.61	0	2
momentary	1	NA	1	0	1.93	0	0
momentous	2	NA	1	0	1.70	0	0
momentum	7	NA	1	0	2.50	0	0
monarch	3	NA	1	0	4.14	0	0
monarchy	2	NA	1	0	2.55	0	0
monastery	2	NA	1	0	4.75	0	0
monbiot	5	NA	1	1		0	0
mondadori	8	1	1	1		1	0
monday	12	NA	1	1	2.25	0	0
monetarist	1	NA	1	0		0	0
monetary	6	NA	1	1	2.96	0	0
monetize	1	NA	1	0	2.44	0	0
money	315	0	1	0	4.54	0	0
moneyed	1	NA	1	0		0	0
mongolia	4	NA	1	1		1	0
monilophytes	2	NA	1	0		0	0
monitor	37	NA	1	0	3.65	0	0
monitoring	12	NA	1	0		0	0
monk	2	NA	1	0	4.35	0	0
monkees	3	NA	1	1		0	0
monkey	11	NA	1	0	4.90	0	0
mono	2	NA	1	0	2.04	0	0
monocot	18	5	1	0		1	1
monocyte	5	2	1	0		1	0
monoecious	7	NA	1	0		0	0
monogenea	2	NA	1	1		0	0
monogeneans	3	NA	1	0		0	0
monohybrid	8	NA	1	0		2	0
monolayers	1	NA	1	0		0	0
monolithic	1	NA	1	0	2.65	0	0
monomer	21	4	1	0		1	2
monophosphate	1	NA	1	0		0	0
monophyletic	8	NA	1	0		0	0
monophyly	1	NA	1	0		0	0
monoplacophora	2	NA	1	1		0	0
monoplacophorans	1	NA	1	0		0	1
monopolize	2	NA	1	0	2.20	0	0
monopoly	1	NA	1	0	2.69	0	0
monosaccharide	18	NA	1	0		1	1
monosomic	1	NA	1	0		0	0
monosomy	3	NA	1	0		1	0
monosulcate	2	NA	1	1		0	0
monosyllabic	1	NA	1	0	3.32	0	0
monotonous	2	NA	1	0	1.55	0	0
monotreme	13	NA	1	0		1	1
monounsaturated	1	NA	1	0		0	0
monoxide	5	NA	1	0	2.90	0	0
monrovia	3	NA	1	1		0	0
mons	4	NA	1	1		0	0
monsignor	3	NA	1	1	3.42	0	0
monsoon	9	NA	1	0	4.48	0	0
monster	8	NA	1	0	3.72	0	0
monstrous	3	NA	1	0	2.48	0	0
mont	3	NA	1	1		0	0
montana	1	NA	1	0		0	0
montebourg	6	NA	1	1		0	0
monterey	1	NA	1	1		0	0
month	294	0	1	0	4.20	0	0
monthly	14	NA	1	0	3.57	0	0
monticello	1	NA	1	0		0	0
monument	8	NA	1	0	4.58	0	1
monumental	1	NA	1	0	2.28	0	0
mooc	13	NA	1	1		0	0
moocs	60	1	1	1		1	0
mood	17	NA	1	0	1.75	0	0
moon	46	1	1	0	4.90	4	0
moonlight	3	NA	1	1	4.43	0	0
moore	15	NA	1	1		0	0
moorish	2	NA	1	1		0	0
moot	1	NA	1	0	1.71	0	0
mop	1	NA	1	0	4.97	0	0
moped	8	NA	1	0	3.26	0	0
mora	1	NA	1	0		0	0
morace	8	1	1	1		2	0
moral	15	NA	1	0	1.69	0	0
morale	2	NA	1	1	1.85	0	0
morality	1	NA	1	0	1.47	0	0
morally	2	NA	1	0	1.40	0	0
morals	2	NA	1	0	1.31	0	0
moran	3	NA	1	1		0	0
more	1827	0	0	0	2.37	0	0
morel	2	NA	1	0		0	0
moreno	15	NA	1	0		0	0
moreover	7	NA	0	0	2.00	0	0
morford	1	NA	1	0		0	0
morgan	4	NA	1	1		0	0
morin	3	NA	1	1		0	0
morita	6	NA	1	1		0	0
mormon	1	NA	1	0	3.85	0	0
morning	50	0	1	0	3.44	0	0
moro	6	NA	1	1		0	0
moroccan	12	NA	1	1		0	0
morocco	36	NA	1	1	4.00	0	0
morphologic	4	NA	1	0		0	0
morphological	8	NA	1	0		0	0
morphologically	3	NA	1	0		0	0
morphology	15	NA	1	0		0	0
morris	9	NA	1	1		0	0
morrison	1	NA	1	0		0	0
mortality	36	NA	1	0	1.46	0	0
mortar	3	NA	1	0	4.48	0	0
mortgage	18	NA	1	0	3.14	0	0
mosaic	15	NA	1	0	4.26	0	0
moscow	3	NA	1	1		0	0
moses	3	NA	1	1		0	0
mosque	14	NA	1	0	4.54	0	0
mosquito	10	NA	1	0	4.88	0	0
moss	31	4	1	0	4.90	1	1
most	1093	0	0	0	2.38	0	0
mostly	94	NA	0	0	2.03	0	0
moth	15	NA	1	0	4.69	0	0
mother	82	0	1	0	4.60	1	0
motile	7	NA	1	0		0	0
motility	4	NA	1	0		0	0
motion	37	NA	1	0	3.80	0	0
motionless	1	NA	1	0	3.00	0	0
motivate	5	NA	1	0	2.07	0	0
motivating	1	NA	1	0		0	0
motivation	14	NA	1	0	2.10	0	1
motor	66	NA	1	0	4.84	0	0
motorbike	3	NA	1	0	4.79	0	0
motorboat	5	NA	1	0	4.93	0	0
motorcycle	6	NA	1	0	4.97	0	0
motorize	2	NA	1	0	3.22	0	0
motorsport	6	NA	1	1	3.86	0	0
motorway	5	NA	1	0	4.88	0	0
mottle	1	NA	1	0		0	0
motto	4	NA	1	0	2.48	0	0
mould	1	NA	1	0		0	0
mount	14	NA	1	0	4.00	0	0
mountain	100	NA	1	0	4.96	0	3
mountainous	2	NA	1	0	3.67	0	0
mountainside	2	NA	1	0	4.48	0	0
mountaintop	1	NA	1	0	4.56	0	0
mourinho	6	NA	1	1		0	0
mourinhos	1	NA	1	0		0	0
mourning	4	NA	1	0	2.17	0	0
mouse	57	NA	1	0	4.83	0	1
mouth	79	0	1	0	4.74	1	0
mouthful	3	NA	1	0	3.96	0	0
mouthpart	2	NA	1	0		0	0
mouthpiece	15	NA	1	0	4.66	0	0
movable	1	NA	1	0	3.17	0	0
move	375	0	0	0	3.25	0	3
moveable	1	NA	1	0		0	0
movement	130	NA	1	0	3.63	0	6
movie	53	0	1	0	4.59	0	0
mowat	12	0	1	1		0	0
mozzarella	3	NA	1	0	4.89	0	0
mpas	1	NA	1	0		0	0
mph	15	NA	1	0		0	0
mps	11	NA	1	1		0	0
mri	8	1	1	1		1	0
mrna	79	NA	1	0		0	0
mrs	1	0	1	0		0	0
mrsa	15	NA	1	1		0	0
mst	1	NA	1	0		0	0
msy	7	NA	1	1		0	0
mtv	3	NA	1	1		0	0
mua	6	NA	1	1		0	0
much	495	0	0	0	1.69	0	0
mucosa	4	NA	1	0		0	0
mucosal	11	NA	1	0		0	0
mucous	5	0	1	0	4.17	0	0
mucus	26	NA	1	0	4.76	0	0
mud	8	NA	1	0	4.86	0	0
muddy	7	NA	1	0	4.32	0	0
mudflats	1	NA	1	0		0	0
mug	3	NA	1	0	4.80	0	0
muhammad	1	NA	1	0		0	0
muir	3	NA	1	1		0	0
mukesh	3	NA	1	0		0	0
mulberry	3	NA	1	0	4.48	0	0
mule	2	NA	1	0	5.00	0	0
mullard	3	NA	1	1		0	0
multi	23	NA	0	0	2.81	0	0
multiborgs	1	NA	1	0		0	0
multicellular	64	NA	1	0		0	0
multicellularity	3	NA	1	0		0	0
multifaceted	2	NA	1	0	2.79	0	0
multifactorial	1	NA	1	0		0	0
multifora	1	NA	1	0		0	0
multilayered	2	NA	1	0	3.25	0	0
multilingual	3	NA	1	0	2.65	0	0
multimedia	2	NA	1	0	3.50	0	0
multimillion	6	NA	1	0	2.89	0	0
multimillionaires	8	NA	1	0		0	0
multinational	5	NA	1	0	3.30	0	0
multinucleate	3	NA	1	0		0	0
multiple	68	NA	1	0	3.26	0	0
multiply	8	NA	1	0	2.79	0	0
multiracial	6	NA	1	0	2.66	0	0
multistep	2	NA	1	0		0	0
multitude	1	NA	1	0	2.42	0	0
mum	8	NA	1	0	4.11	0	0
mumbai	3	NA	1	1		0	0
mummify	1	NA	1	0	3.71	0	0
mummy	2	NA	1	1	4.72	0	1
mumps	3	NA	1	0	4.10	0	0
mumsnet	4	NA	1	1		0	0
muney	7	NA	1	0		0	0
munich	3	NA	1	1		0	0
municipal	3	NA	1	0	2.26	0	0
municipality	6	0	1	0	2.44	0	0
munir	3	NA	1	1		0	0
munk	1	NA	1	0		0	0
muoka	3	NA	1	1		0	0
mural	5	NA	1	0	4.66	0	0
murali	3	NA	1	1		0	0
murder	26	0	1	0	3.61	0	0
murderer	1	NA	1	0	3.83	0	0
murky	4	NA	1	0	3.08	0	0
murray	18	NA	1	1		0	0
mus	3	NA	1	1		0	0
muscaria	2	NA	1	0		0	0
muscle	163	1	1	0	4.50	1	5
musclehead	1	NA	1	0		0	0
muscular	21	NA	1	0	3.82	0	0
musculoskeletal	4	NA	1	0		0	0
musculus	2	NA	1	0		0	0
muse	4	NA	1	1	2.45	0	0
museum	34	NA	1	0	4.60	0	0
mushroom	24	0	1	0	4.83	2	0
music	175	0	1	0	4.31	0	0
musical	11	NA	1	0	3.72	0	0
musically	1	NA	1	0	2.68	0	0
musician	26	NA	1	0	4.42	0	0
musk	1	NA	1	0	3.44	0	0
muslim	28	NA	1	1	3.41	0	0
mussel	14	NA	1	0	4.69	0	0
must	251	0	0	0	2.13	0	0
mustafa	1	NA	1	0		0	0
mustard	1	NA	1	0	4.93	0	0
mutant	8	NA	1	0	4.20	0	0
mutate	17	NA	1	0	2.52	0	0
mutation	83	1	1	0	3.52	5	1
mutational	1	NA	1	0	2.37	0	0
mutchler	10	NA	1	1		1	0
mute	1	NA	1	0	3.24	0	0
muthoni	3	NA	1	1		0	0
mutilate	4	NA	1	0	3.86	0	0
mutton	1	NA	1	0	4.25	0	0
mutual	3	NA	1	0	2.21	0	0
mutualism	4	4	1	0	2.08	1	0
mutualistic	11	NA	1	0		0	0
mutually	6	NA	1	0	1.90	0	0
mwh	3	NA	1	1		0	0
my	2	0	0	0	2.42	0	0
mya	2	NA	1	0		0	0
myasthenia	1	NA	1	0		0	0
mycelium	10	3	1	0		2	0
mycetoma	1	NA	1	0		0	0
myco	1	NA	1	0		0	0
mycobacterium	1	NA	1	0		0	0
mycologist	1	NA	1	0		0	0
mycorrhiza	6	NA	1	0		2	0
mycorrhizae	2	NA	1	0		0	0
mycorrhizal	8	NA	1	0		0	0
mycoses	9	NA	1	0		0	0
mycosis	1	2	1	0		1	0
myelin	5	NA	1	0		0	0
myelinated	1	NA	1	0		0	0
myelogenous	1	NA	1	0		0	0
myers	2	NA	1	1		0	0
mykonos	3	NA	1	1		0	0
myofibril	8	NA	1	0		1	1
myofilament	1	NA	1	0		1	0
myofilaments	3	NA	1	0		1	0
myosin	7	NA	1	0		0	0
myotis	1	NA	1	0		0	0
myriad	4	NA	1	0	2.12	0	0
myriapod	2	NA	1	0		0	0
myriapoda	2	NA	1	1		0	0
mys	21	NA	1	1		0	0
myself	17	0	0	0	2.97	0	0
myslajek	1	NA	1	0		0	0
myspace	1	NA	1	0	4.10	0	0
mysterious	6	NA	1	0	1.96	0	0
mystery	62	NA	1	0	2.33	0	0
mystical	2	NA	1	0	2.07	0	0
mysticism	2	NA	1	0	1.86	0	0
myth	12	NA	1	0	2.17	0	0
mythological	4	NA	1	0	2.04	0	0
mythology	2	NA	1	0	2.15	0	0
myxini	2	NA	1	0		0	0
nacl	3	NA	1	1		0	0
nacre	2	NA	1	0		1	0
nad	13	NA	1	1		0	0
nadh	17	4	1	1		1	1
nadia	3	NA	1	1		0	0
nadir	1	NA	1	0		0	0
nadp	5	NA	1	1		0	0
nadph	18	NA	1	1		0	0
naeem	3	NA	1	1		1	0
nagarik	1	NA	1	0		0	0
nail	6	NA	1	0	4.93	0	0
naimi	1	NA	1	0		0	0
nairobi	3	NA	1	1		0	0
naive	2	NA	1	0	1.85	0	0
naivety	2	NA	1	0	1.74	0	0
najat	2	NA	1	1		0	0
naked	27	NA	1	0	4.50	0	0
nal	4	NA	1	0		0	0
nally	3	NA	1	0		0	0
namche	3	NA	1	1		0	0
name	186	0	0	0	3.50	0	0
namely	1	NA	0	0	1.66	0	0
names	83	NA	0	0		0	1
namesake	2	NA	1	0	2.55	0	0
namib	3	NA	1	1		0	0
namibia	1	NA	1	0		0	0
naming	13	NA	0	0	2.23	0	0
nance	2	NA	1	0		0	0
nancial	5	NA	1	0		0	0
nancie	3	NA	1	0		0	0
nanny	5	NA	1	0	4.21	0	2
nanometer	2	NA	1	0	3.96	0	0
nanterre	2	NA	1	1		0	0
nap	6	NA	1	0	4.03	0	0
napier	3	NA	1	1		0	0
naples	4	NA	1	1		0	0
napout	3	NA	1	1		0	0
nappy	1	NA	1	0	3.19	0	0
nara	3	NA	1	1		0	0
narceus	1	NA	1	0		0	0
narcissist	2	NA	1	0	2.17	0	0
narcissistic	1	NA	1	0	2.07	0	0
narcotic	9	NA	1	1	4.04	0	0
narendra	3	NA	1	1		0	0
narrative	4	NA	1	0	3.18	0	0
narrow	24	NA	1	0	3.04	0	0
narrowing	3	NA	1	0		0	1
narsdottir	2	NA	1	0		0	0
nasa	25	NA	1	1		0	0
nasal	18	NA	1	0	3.83	0	0
nascent	2	NA	1	0		0	0
nash	1	NA	1	0		0	0
nashville	2	NA	1	1		0	0
nasrin	5	NA	1	1		0	0
nasty	4	NA	1	0	2.37	0	0
nat	2	NA	1	1		0	0
natal	6	NA	1	1	2.52	0	0
natalie	3	NA	1	0		0	0
nation	70	NA	1	0	3.62	0	0
national	226	0	1	1	2.24	0	0
nationalism	5	NA	1	0	1.78	0	0
nationalist	3	NA	1	0	2.09	0	0
nationally	1	NA	1	0	2.46	0	0
nationwide	9	NA	1	0	2.63	0	0
native	32	NA	1	0	3.03	0	1
nato	4	NA	1	1		0	0
natriuretic	1	NA	1	0		0	0
natural	255	NA	1	0	1.85	0	1
naturalist	10	NA	1	0	3.42	0	1
naturalistic	2	NA	1	0	2.00	0	0
naturally	34	NA	1	0	1.48	0	0
naturalness	3	NA	1	0	1.85	0	0
nature	115	NA	1	0	2.92	0	1
naturel	1	NA	1	0		0	0
naturforschenden	1	NA	1	0		0	0
nausea	5	NA	1	0	3.36	0	0
nautical	2	NA	1	0	2.45	0	0
nautilus	3	NA	1	0		0	0
naval	1	NA	1	0	4.14	0	0
navigate	6	NA	1	0	2.68	0	0
navigation	47	NA	1	0	2.35	0	0
navigational	9	NA	1	0	2.45	0	0
navigator	13	NA	1	0	3.90	0	1
navy	2	NA	1	1	3.93	0	0
nayyem	1	NA	1	0		1	0
nazim	1	NA	1	0		0	0
ncbi	2	NA	1	1		0	0
ncomms	1	NA	1	0		0	0
ncps	6	NA	1	1		0	0
ncse	1	NA	1	0		0	0
nd	4	NA	1	0		0	0
ndangiza	2	NA	1	1		0	0
ndez	9	NA	1	0		0	0
nding	7	NA	1	0		0	0
ndings	7	NA	1	0		0	0
ndjamena	1	NA	1	0		0	0
ne	2	NA	1	0		0	0
neame	4	NA	1	1		1	0
near	125	0	0	0	2.79	0	0
nearby	39	NA	1	0	2.86	0	0
nearearth	3	1	1	1		1	0
nearly	150	NA	1	0	1.89	0	0
neatly	1	NA	1	0	2.57	0	0
necessarily	24	NA	1	0	1.36	0	0
necessary	67	NA	1	0	1.80	0	3
necessitate	1	NA	1	0	1.67	0	0
necessity	6	NA	1	0	2.08	0	1
neck	14	NA	1	0	5.00	0	0
necklace	1	NA	1	0	4.96	0	0
nectar	5	NA	1	0	4.63	0	0
ned	1	NA	1	0		0	0
need	614	0	1	0	1.69	0	1
needle	16	NA	1	0	4.93	0	0
needlessly	2	NA	1	0	1.71	0	0
negate	3	NA	1	0	2.15	0	0
negative	91	NA	1	0	1.79	0	0
negatively	20	NA	1	0	2.11	0	0
negativity	1	NA	1	0	2.30	0	0
neglect	2	NA	1	0	2.26	0	0
negligible	1	NA	1	0	1.65	0	0
negotiate	1	NA	1	0	2.00	0	0
negotiation	13	NA	1	0	2.37	0	0
neighbor	7	NA	1	0	4.64	0	0
neighbour	39	NA	1	0		0	0
neighbourhood	25	NA	1	0		0	0
neighbourly	4	NA	1	0		0	0
neil	5	NA	1	1		0	0
neither	19	NA	0	0	1.64	0	0
nelson	14	NA	1	1		0	0
nelumbo	1	NA	1	0		0	0
nematocyst	1	NA	1	0		1	0
nematocysts	3	NA	1	0		1	0
nematoda	3	NA	1	1		1	0
nematode	21	NA	1	0		0	0
nemertea	1	NA	1	0		0	0
nemesis	1	NA	1	0	2.89	0	0
nemo	1	NA	1	0		0	0
nemos	1	NA	1	0		0	0
neo	1	NA	1	0		0	0
neolithic	3	NA	1	1	1.85	0	0
neon	4	NA	1	0	4.07	0	0
neopilina	1	NA	1	0		0	0
neotestudina	1	NA	1	0		0	0
nepal	38	NA	1	1		0	0
nepali	9	NA	1	1		0	0
nephridia	3	NA	1	0		0	0
nephron	8	NA	1	0		1	0
neritic	10	NA	1	0		0	0
nero	6	NA	1	1		0	0
nerve	49	NA	1	0	3.89	0	0
nerves	32	1	1	0		1	0
nervous	113	0	1	0	1.85	0	0
nest	20	NA	1	0	4.86	0	0
net	48	NA	1	0	4.53	0	0
netflix	2	NA	1	1		0	0
netherlands	33	0	1	1		0	1
nettie	1	NA	1	0		0	0
network	114	NA	1	0	3.20	0	1
neuhoff	3	NA	1	1		1	0
neural	4	NA	1	0		0	0
neurobiology	3	NA	1	0	2.42	0	0
neurodegeneration	1	NA	1	0		0	0
neurodegenerative	2	NA	1	0		0	0
neurogenesis	6	NA	1	0		1	0
neurological	3	NA	1	0	2.17	0	0
neuron	98	2	1	0	3.69	1	1
neuronal	5	NA	1	0		0	0
neurone	8	NA	1	0		0	0
neuropathy	3	NA	1	0	2.57	1	0
neuroscience	4	1	1	1	3.14	1	0
neuroscientist	14	NA	1	0	4.00	0	3
neurospora	1	NA	1	0		0	0
neurotechnologies	2	NA	1	0		0	0
neurotransmitter	14	NA	1	0	2.92	0	0
neutral	12	NA	1	0	1.80	0	0
neutralization	1	2	1	0	2.21	2	0
neutralize	5	NA	1	0	2.28	0	0
neutron	19	3	1	0	2.69	1	2
neutrophil	9	2	1	0		2	0
nevada	5	NA	1	1		0	0
never	202	0	0	0	1.59	0	0
nevertheless	14	NA	0	0	1.48	0	0
new	1003	0	1	0	2.81	0	0
newborn	7	NA	1	0	4.39	0	0
newcastle	5	NA	1	1		0	0
newcomer	2	NA	1	0	3.13	0	0
newly	29	NA	1	0	2.40	0	0
news	125	0	1	0	3.41	0	0
newsfeed	3	NA	1	0		0	0
newspaper	23	0	1	0	4.82	0	0
newswire	1	NA	1	0	3.84	0	0
newt	2	NA	1	0	4.17	0	0
newton	4	NA	1	1		0	0
next	220	0	0	0	2.56	0	0
ngel	3	NA	1	0		0	0
ngidi	3	1	1	1		1	0
ngo	6	NA	1	1		0	0
ngondi	1	NA	1	0		0	0
nguyen	6	NA	1	1		2	0
nibble	1	NA	1	0	3.72	0	0
nicaragua	8	NA	1	1		0	0
nice	23	0	1	0	2.18	0	1
niche	13	NA	1	0	2.52	1	1
nick	9	NA	1	1	3.87	0	0
nickname	1	NA	1	0	2.97	0	0
nicky	2	NA	1	1		0	0
nicolas	3	NA	1	1		0	0
nicole	2	NA	1	1		0	0
nicolelis	9	NA	1	1		1	0
nicolson	1	NA	1	0		0	0
nicotinamide	1	NA	1	0		0	0
nicotine	15	NA	1	0	4.10	0	0
nidal	1	NA	1	0		0	0
niece	5	NA	1	0	4.28	0	0
nielsen	2	NA	1	1		0	0
nigel	3	NA	1	1		0	0
niger	3	NA	1	1		0	0
nigeria	16	NA	1	1		0	0
nigerian	6	NA	1	1		0	0
niggle	1	NA	1	0		0	0
night	111	0	1	0	4.52	0	2
nightclub	3	NA	1	0	4.96	0	0
nighters	2	NA	1	0		0	0
nightlife	3	NA	1	0	3.17	0	0
nightly	3	NA	1	0	2.19	0	0
nightmare	4	NA	1	0	2.96	0	0
nightmarish	1	NA	1	0	2.00	0	0
nightshade	1	NA	1	0	4.23	0	0
nighttime	1	NA	1	0	3.86	0	0
nigricans	1	NA	1	0		0	0
nigrum	2	NA	1	0		0	0
nike	3	NA	1	1		0	0
niklas	3	NA	1	1		0	0
nil	7	NA	1	1	2.43	0	0
nile	3	NA	1	1		0	0
nin	1	NA	1	0		0	0
nine	71	NA	0	0	4.04	0	0
nineteenth	12	NA	1	0	3.63	0	0
ninety	4	NA	1	0	3.39	0	0
ninian	11	NA	1	1		0	0
ninians	5	NA	1	1		0	0
nintendo	3	NA	1	1	4.64	0	0
ninth	10	NA	1	0	3.57	0	0
nipple	1	NA	1	0	4.83	0	0
nish	1	NA	1	0		0	0
nished	3	NA	1	0		0	0
nishina	3	NA	1	1		0	0
nishinarium	3	NA	1	0		0	0
nishing	1	NA	1	0		0	0
nissan	1	NA	1	0		0	0
nite	1	NA	1	0		0	0
nitely	5	NA	1	0		0	0
nition	1	NA	1	0		0	0
nitively	1	NA	1	0		0	0
nitrate	11	NA	1	0	2.96	0	0
nitric	1	NA	1	0		0	0
nitrification	6	1	1	0		3	0
nitrify	1	NA	1	0		0	0
nitrite	5	NA	1	0	3.72	0	1
nitrogen	103	NA	1	0	3.41	2	0
nitrogenous	23	NA	1	0		0	0
nitrosomonas	1	NA	1	0		0	0
nitrous	4	NA	1	0	3.08	0	0
nix	2	NA	1	1	1.82	0	0
no	3	0	0	0	2.45	0	0
noaa	3	NA	1	1		0	0
nobel	16	NA	1	1		0	0
noble	6	NA	1	0	1.89	0	0
nobody	41	0	0	0	2.32	0	0
nocturnal	4	NA	1	0	2.67	0	0
nod	1	NA	1	0	4.62	0	0
node	14	NA	1	0	4.00	1	0
nodule	1	NA	1	0	3.62	0	0
noelia	1	NA	1	0		0	0
noffke	2	NA	1	1		0	0
nogu	1	NA	1	0		0	0
noise	112	0	1	0	3.52	0	0
noisy	7	NA	1	0	3.56	0	0
nokia	3	NA	1	1		0	0
noma	6	NA	1	1		0	2
nomadic	1	NA	1	0	2.39	0	0
nomenclature	3	1	1	0		1	0
nominal	5	0	1	0	2.26	0	0
nominally	1	NA	1	0	1.50	0	0
nominate	7	NA	1	0	2.96	0	0
nomination	4	NA	1	0	2.85	0	0
nominative	1	NA	1	0	1.75	0	0
nominee	6	NA	1	0	3.90	0	0
non	125	NA	0	0		0	0
noncellular	1	NA	1	0		0	0
nonchalantly	1	NA	1	0	1.81	0	0
noncommercial	1	NA	1	0	2.07	0	0
noncompetitive	2	NA	1	0	2.00	0	0
noncontributory	1	NA	1	0		0	0
nondestructive	1	NA	1	0	2.07	0	0
nondisjunction	6	NA	1	0		1	0
none	25	0	0	0	2.59	0	0
nonelectrolyte	1	NA	1	0		0	0
nonelectrolytes	1	NA	1	0		0	0
nonembryonic	1	NA	1	0		0	0
nonenveloped	4	NA	1	0		0	0
nonetheless	2	NA	1	0	1.27	0	0
nonexistent	1	NA	1	0	1.59	0	0
nonfunctional	4	NA	1	0	2.11	0	0
nongovernmental	1	NA	1	0	2.74	0	0
nonhomologous	5	NA	1	0		0	0
noninfectious	1	NA	1	0	2.61	0	0
noninvasive	1	NA	1	0	2.58	0	0
nonlethal	1	NA	1	0	2.00	0	0
nonliving	6	NA	1	0	2.71	0	0
nonmotile	2	NA	1	0		0	0
nonpathogenic	1	NA	1	0	1.62	0	0
nonpolar	17	NA	1	0		0	0
nonproductive	1	NA	1	0	2.67	0	0
nonprofit	2	NA	1	0	2.59	0	0
nonrandom	3	NA	1	0	2.04	0	0
nonreproductive	1	NA	1	0		0	0
nonscientific	1	NA	1	0	1.86	0	0
nonsense	3	NA	1	0	2.38	0	0
nonspecific	1	NA	1	0	1.70	0	0
nontemplate	2	NA	1	0		0	0
nontoxic	2	NA	1	0	2.67	0	0
nontracheophyte	1	NA	1	0		0	0
nonvascular	9	NA	1	0	2.35	0	0
nonviable	1	NA	1	0		0	0
nonvolatile	1	NA	1	0	2.07	0	0
nonwoody	1	NA	1	0		0	0
noor	12	NA	1	1		0	0
nor	23	NA	0	0	1.80	0	0
nora	1	NA	1	0		0	0
noradrenaline	1	NA	1	0		0	0
norbert	4	NA	1	1		0	0
nordic	6	NA	1	1	2.70	0	0
nordmarka	3	NA	1	1		0	0
nordstr	2	NA	1	1		0	0
nordstro	1	NA	1	0		0	0
norepinephrine	7	NA	1	0		0	1
norgay	2	NA	1	1		0	0
norm	12	NA	1	0	2.11	0	0
normal	102	NA	1	0	1.40	0	0
normality	1	NA	1	0	1.94	0	0
normally	30	NA	1	0	1.83	0	0
norman	2	NA	1	1		0	0
north	138	NA	1	1	4.14	1	1
northampton	1	NA	1	0		0	0
northeast	3	NA	1	0	3.83	0	0
northeastern	2	NA	1	0	3.93	0	0
northern	74	NA	1	0	3.13	0	0
northernmost	1	NA	1	0	3.34	0	0
northumberland	21	NA	1	1		0	0
northward	4	NA	1	0	3.37	0	0
northwest	8	NA	1	1	3.59	0	0
northwestern	2	NA	1	0	2.93	0	0
norway	11	NA	1	1		0	0
norwegian	12	NA	1	1		0	0
nose	11	NA	1	0	4.89	0	0
nostalgia	7	NA	1	0	1.83	0	0
nostalgic	4	NA	1	0	1.88	0	0
nosy	2	NA	1	0	2.07	0	0
not	1	0	0	0	2.08	0	0
notable	2	NA	1	0	2.00	0	0
notably	6	NA	1	0	1.62	0	0
notary	1	NA	1	0	3.69	0	0
notatum	1	NA	1	0		0	0
notch	3	NA	1	0	4.23	0	0
note	129	NA	1	0	4.61	0	0
nothing	83	0	0	0	2.21	0	0
notice	57	NA	1	0	3.30	0	0
noticeable	4	NA	1	0	2.29	0	0
notify	2	NA	1	0	3.04	0	0
notion	5	NA	1	0	1.93	0	0
notochord	22	3	1	0		2	1
notorious	2	NA	1	0	1.63	0	0
notoriously	1	NA	1	0	1.82	0	0
nottingham	4	NA	1	1		0	0
nourish	6	NA	1	0	2.26	0	0
nourishment	9	NA	1	0	2.97	0	0
nova	3	NA	1	1	3.85	0	0
novel	44	0	1	0	4.21	0	0
novelist	7	NA	1	0	4.07	0	0
novelty	5	NA	1	0	2.21	0	0
november	47	NA	1	1	2.93	0	0
now	788	0	0	0	1.48	0	0
nowadays	5	NA	1	0	1.40	0	0
nowhatta	2	NA	1	1		0	0
nowhere	10	NA	0	0	1.79	0	0
noxious	2	NA	1	0	2.36	0	0
nsa	67	0	1	1		1	0
nsd	1	NA	1	0		0	0
nshya	6	NA	1	1		0	0
nsson	1	NA	1	0		0	0
nuance	1	NA	1	0	1.85	0	0
nucifera	1	NA	1	0		0	0
nuclear	67	NA	1	0	2.97	0	0
nuclease	3	NA	1	0		0	0
nucleate	4	0	1	0		0	0
nucleation	2	NA	1	0		0	0
nucleic	45	0	1	0		0	0
nucleoid	10	1	1	0		4	1
nucleoids	2	NA	1	0		0	0
nucleolus	5	1	1	0		1	0
nucleoplasm	1	NA	1	0		0	0
nucleosome	1	NA	1	0		0	0
nucleosomes	7	NA	1	0		1	0
nucleotide	105	5	1	0		2	0
nucleus	158	NA	1	0	3.48	2	2
nuisance	6	NA	1	0	2.19	0	0
null	1	NA	1	0	1.79	0	0
nullify	2	NA	1	0	2.10	0	0
number	508	0	1	0	3.30	4	1
numbering	3	NA	1	0		0	0
numbers	202	0	1	0		1	0
numeral	1	NA	1	0	3.88	0	0
numerical	1	NA	1	0	3.07	0	0
numerically	1	NA	1	0	2.83	0	0
numerous	28	NA	1	0	2.57	0	0
nunavut	8	NA	1	1		0	0
nuptse	3	NA	1	1		0	0
nurse	6	NA	1	0	4.39	0	0
nursery	2	NA	1	0	4.48	0	0
nursing	4	NA	1	0	3.76	0	0
nusbaum	3	NA	1	1		0	0
nussbaum	3	NA	1	1		0	0
nut	4	NA	1	0	4.52	0	0
nutrient	142	NA	1	0	3.50	0	3
nutrition	41	NA	1	0	2.82	2	0
nutritional	13	NA	1	0	2.31	0	0
nutritionally	6	NA	1	0	1.86	0	0
nutritious	9	NA	1	0	2.45	0	0
nyanza	2	NA	1	1		0	0
nye	3	NA	1	1		0	0
nyingi	9	NA	1	1		0	0
nymphaeales	2	NA	1	1		0	0
nzili	3	NA	1	1		0	0
nziza	15	NA	1	1		0	0
nzizas	1	NA	1	0		0	0
oak	7	NA	1	0	4.82	0	0
oakland	2	NA	1	1		0	0
oasis	3	NA	1	1	4.44	0	0
oat	1	NA	1	0	5.00	0	0
obama	98	0	1	1		0	1
obamas	3	NA	1	1		0	0
obamawhitehouse	1	NA	1	0		0	0
obba	3	NA	1	1		0	0
obe	2	NA	1	1		0	0
oberg	6	NA	1	1		0	0
obese	7	NA	1	0	3.70	0	0
obesity	18	NA	1	0	3.24	0	0
obey	1	NA	1	0	2.67	0	0
object	64	NA	1	0	3.66	0	3
object's	1	NA	1	0		0	0
objection	21	NA	1	0	2.29	0	0
objective	7	NA	1	0	2.00	0	0
objector	1	NA	1	0	3.43	0	0
oblast	1	NA	1	0		0	0
obligate	6	NA	1	0	2.00	0	0
obligation	2	NA	1	0	2.04	0	0
oblige	2	NA	1	0	1.73	0	0
obliterate	1	NA	1	0	3.07	0	0
oblivious	3	NA	1	0	1.93	0	0
oblong	1	NA	1	0	3.59	0	0
obscene	1	NA	1	0	1.87	0	0
obscenity	2	NA	1	0	2.31	0	0
obscure	2	NA	1	0	2.00	0	0
obscurity	5	NA	1	0	1.63	0	0
observable	4	NA	1	0	2.30	0	0
observant	1	NA	1	0	2.41	0	0
observation	34	NA	1	0	2.12	0	0
observatory	24	NA	1	0	4.48	0	0
observe	66	NA	1	0	2.63	0	0
observer	2	NA	1	0	3.88	0	0
obsess	2	NA	1	0	2.14	0	0
obsession	3	NA	1	0	1.70	0	1
obsidian	2	NA	1	0	4.44	0	0
obsolete	1	NA	1	0	2.10	0	0
obstacle	3	NA	1	0	3.48	0	0
obstetrics	1	NA	1	0		0	0
obtain	82	NA	1	0	3.00	0	0
obvious	24	NA	1	0	2.07	0	0
obviously	9	NA	1	0	1.82	0	0
occasion	2	NA	1	0	2.52	0	0
occasional	5	NA	1	0	1.85	0	0
occasionally	9	NA	1	0	2.07	0	0
occasions	4	NA	1	0		0	0
occipital	5	NA	1	0		0	0
occlusive	1	NA	1	0		0	0
occupant	2	NA	1	0	3.50	0	0
occupation	1	NA	1	0	3.68	0	0
occupy	30	NA	1	0	3.32	0	0
occur	342	NA	1	0	1.84	0	0
occurrence	5	NA	1	0	2.57	0	1
ocean	176	1	1	0	4.86	2	0
oceanfront	3	NA	1	0	4.52	0	0
oceania	3	NA	1	1		0	0
oceanic	15	NA	1	0	2.83	0	0
ochraceus	2	1	1	0		1	0
ochre	3	NA	1	1		0	0
oclock	2	NA	1	1		0	0
ocotillo	1	NA	1	0		0	0
octave	1	NA	1	0	3.31	0	0
octet	4	NA	1	0		0	0
october	35	NA	1	1	2.81	0	0
octopus	51	NA	1	0	5.00	0	2
odd	9	0	1	0	1.70	0	0
oddity	3	NA	1	1	2.11	0	0
oddly	1	NA	1	0	1.63	0	0
odds	8	NA	1	0	2.24	0	0
odell	2	NA	1	1		0	0
odile	3	NA	1	1		0	0
odour	3	NA	1	0		0	0
oefa	2	NA	1	1		0	0
oer	1	NA	1	0		0	0
oercommons	1	NA	1	0		0	0
oesterhelweg	3	NA	1	1		0	0
oetl	2	NA	1	1		0	0
ofcom	17	NA	1	1		0	0
ofcoms	1	NA	1	0		0	0
off	235	0	0	0	2.79	0	0
offence	8	NA	1	0	3.07	0	0
offender	22	NA	1	0	3.88	1	0
offensive	1	NA	1	0	2.10	0	0
offer	87	0	1	0	2.23	0	0
offering	20	NA	1	0	2.82	0	0
offi	7	NA	1	0		0	0
office	78	0	1	0	4.93	0	0
officer	51	0	1	0	4.80	0	4
official	104	NA	1	0	2.54	0	0
officially	9	NA	1	0	1.61	0	0
officiate	2	NA	1	0	2.58	0	0
offline	1	NA	1	0	3.03	0	0
offset	6	NA	1	0	2.75	0	0
offshoot	1	NA	1	0	2.88	0	0
offshore	4	NA	1	0	3.65	0	0
offside	1	NA	1	0	3.50	0	0
offspring	164	NA	1	0	3.93	0	2
often	304	NA	0	0	2.50	0	0
ogobara	1	NA	1	0		0	0
ogura	1	NA	1	0		0	0
oh	4	0	1	1	1.48	1	0
ohio	4	NA	1	1		0	0
ohm	1	NA	1	0	2.48	0	1
ohm's	1	NA	1	0		0	0
oil	158	1	1	0	4.93	4	1
ok	2	0	1	1	2.11	0	0
okazaki	6	NA	1	1		0	0
oklahoma	1	NA	1	0		0	0
okura	3	NA	1	1		0	0
ola	3	NA	1	1		0	0
old	324	0	1	0	2.72	0	2
older	97	0	1	0	3.19	0	0
oleanane	2	NA	1	0		1	0
olfactory	2	NA	1	0	2.75	0	0
olga	3	NA	1	1		0	0
oligo	1	NA	1	0		0	0
oligochaeta	2	NA	1	1		0	0
oligochaete	3	NA	1	0		0	0
olivacea	1	NA	1	0		0	0
olive	3	2	1	0	4.90	1	0
oliver	6	NA	1	1		0	0
oliveras	1	NA	1	0		0	0
olkin	3	1	1	1		1	0
olympian	2	NA	1	1		0	0
olympics	3	NA	1	1	4.11	0	0
olympus	2	NA	1	1		0	0
oman	3	NA	1	1		0	0
omar	3	NA	1	0		0	0
omara	1	NA	1	0		0	0
ombe	1	NA	1	0		0	0
omega	5	NA	1	0	3.08	0	0
omikron	2	1	1	1		2	0
omim	1	NA	1	0		0	0
ominous	1	NA	1	0	1.93	0	0
omnicom	1	NA	1	0		0	0
omnipresent	1	NA	1	0	1.42	0	0
omnivore	2	NA	1	0	3.16	0	0
ona	1	NA	1	0		0	0
once	161	0	0	0	2.74	0	0
oncogene	8	NA	1	0		1	0
one	51	0	0	0	3.97	0	0
oneness	2	NA	1	0	1.96	0	0
ongoing	19	NA	1	0	1.88	0	0
onion	1	NA	1	0	4.86	0	0
online	136	NA	1	0	3.35	0	0
only	873	0	0	0	2.41	0	0
onset	7	NA	1	0	2.14	0	0
onslaught	1	NA	1	0	2.35	0	0
ontario	4	NA	1	1		0	0
onthemoon	3	NA	1	1		0	0
onto	41	NA	0	0	2.46	0	0
ontong	1	NA	1	0		0	0
onuch	6	NA	1	1		0	0
onuchs	1	NA	1	0		0	0
onwards	1	NA	1	0	2.23	0	0
oocyte	7	NA	1	0		0	0
ood	1	NA	1	0		0	0
ooded	1	NA	1	0		0	0
oods	3	NA	1	0		0	0
oogenesis	7	1	1	0		2	0
oogonium	2	2	1	0		1	0
oomycete	2	NA	1	0		0	1
oomycetes	1	NA	1	0		0	0
oor	1	NA	1	0		0	0
opaque	2	NA	1	0	3.62	0	0
opec	1	NA	1	0		0	0
open	204	0	1	0	3.21	0	1
opening	83	NA	1	0	3.79	0	8
openly	5	0	1	0	1.55	0	0
openness	4	NA	1	0	1.90	0	0
openstax	20	NA	1	1		0	0
opera	3	NA	1	0	4.28	0	0
operate	27	NA	1	0	3.00	0	0
operation	9	NA	1	0	3.44	0	0
operations	16	NA	1	0		0	0
operative	5	NA	1	0	2.64	0	0
operator	9	NA	1	0	4.21	1	1
operculum	1	NA	1	0		1	0
operon	3	NA	1	0		1	0
ophiostoma	1	NA	1	0		0	0
ophiuroidea	2	NA	1	1		0	0
ophthalmologist	2	NA	1	0	4.32	0	0
opiate	1	NA	1	0	4.17	0	0
opinion	25	NA	1	0	1.93	0	0
opioids	1	NA	1	0		0	0
opisthokonta	2	1	1	0		1	0
opium	3	NA	1	0	4.56	0	0
opossum	1	NA	1	0	4.93	0	0
opponent	10	0	1	0	3.52	1	0
opportune	1	NA	1	0	2.04	0	0
opportunistic	2	NA	1	0	2.19	0	0
opportunity	54	NA	1	0	1.88	0	0
oppose	28	NA	1	0	2.52	0	0
opposite	60	NA	1	0	1.79	0	2
opposition	19	NA	1	0	2.25	0	0
opsonization	1	1	1	0		1	0
opt	14	NA	1	0	2.37	0	0
optic	3	NA	1	0	3.46	0	0
optics	2	NA	1	0	3.29	0	0
optimal	14	NA	1	0	1.76	0	0
optimally	4	NA	1	0		0	0
optimism	5	NA	1	0	1.48	0	0
optimize	3	NA	1	0	2.72	0	0
optimum	6	NA	1	0	1.76	0	0
option	32	NA	1	0	2.39	0	1
optional	1	NA	1	0	1.90	0	0
optogenetics	1	1	1	0		1	0
opulent	2	NA	1	0	2.04	0	0
oral	7	NA	1	0	3.45	0	0
orange	17	NA	1	0	4.66	0	0
orangutan	26	NA	1	0	4.81	0	0
orbit	3	NA	1	0	3.93	0	0
orbital	1	NA	1	0	3.11	0	0
orca	19	NA	1	0		0	0
orchestrate	4	NA	1	0	2.25	0	0
orchid	5	NA	1	0	4.92	0	0
order	108	0	1	0	2.79	1	0
ordering	6	NA	1	0		0	0
orderly	5	NA	1	0	2.77	0	0
ordinance	2	NA	1	0	2.90	0	0
ordinary	31	NA	1	0	1.79	0	0
ordinate	2	NA	1	0		0	0
ordnance	2	NA	1	0	2.96	0	0
ordovician	2	NA	1	1		0	0
ore	14	NA	1	0	4.48	0	0
oregon	3	NA	1	1		0	0
org	12	NA	1	0		0	0
organ	99	NA	1	0	4.77	1	12
organelle	81	NA	1	0		1	9
organic	168	NA	1	0	2.68	0	0
organism	718	NA	1	0	4.16	3	17
organism's	1	NA	1	0		0	0
organismal	2	NA	1	0		0	0
organismic	2	NA	1	1	1.88	0	0
organization	122	NA	1	0	3.00	0	4
organizational	2	NA	1	0	2.28	0	0
organize	45	NA	1	0	2.72	0	0
organizer	25	NA	1	0	3.58	0	0
organogenesis	3	1	1	0		2	0
organs	159	NA	1	0		3	3
orgasm	1	NA	1	0	3.97	0	0
orid	1	NA	1	0		0	0
orient	1	NA	1	0	2.31	0	0
orientate	2	NA	1	0		0	0
orientation	14	NA	1	0	2.43	0	0
origin	85	2	1	0	2.03	1	2
original	69	NA	1	0	2.07	0	0
originally	16	NA	1	0	1.66	0	0
originate	25	NA	1	0	2.23	0	0
originator	1	NA	1	0	2.52	0	0
orlando	3	NA	1	1		0	0
orleans	27	0	1	1		0	0
ornamental	5	NA	1	0	2.70	0	0
ornamentation	1	NA	1	0	3.36	0	0
ornate	2	NA	1	0	3.19	0	0
ornithological	3	NA	1	1		0	0
ornithologist	3	NA	1	0		0	0
orphan	3	NA	1	0	4.04	0	0
orthodox	5	NA	1	1	1.68	0	0
orthodoxy	1	NA	1	0		0	0
orthography	1	NA	1	0	2.73	0	0
orthopaedic	2	NA	1	0		0	0
ortiz	3	NA	1	1		0	0
osaka	2	NA	1	1		0	0
oscar	6	NA	1	1		0	0
oscillate	1	NA	1	0	3.17	0	0
oscillation	1	NA	1	0		0	0
osculi	1	NA	1	0		0	0
osculum	4	2	1	0		2	0
ose	1	NA	1	0		0	0
oslo	12	NA	1	1		0	0
osmolarity	8	NA	1	0		1	0
osmoregulation	6	1	1	0		2	0
osmoregulatory	2	NA	1	0		0	0
osmosis	8	1	1	0	3.48	2	0
osmotic	9	NA	1	0		0	0
ossicle	10	NA	1	0		0	1
ossify	1	NA	1	0		0	0
osteichthyes	4	NA	1	1		0	0
osteocyte	1	NA	1	0		0	0
osteopath	1	NA	1	0		0	0
osteopathy	3	NA	1	0		0	0
osteoporosis	1	NA	1	0	3.19	0	0
osteraker	2	NA	1	1		0	0
ostoyae	1	NA	1	0		0	0
ostracize	2	NA	1	0	2.67	0	0
ostracoderm	3	NA	1	0		1	0
ostrich	2	NA	1	0	4.71	0	0
other	1642	0	0	0	2.04	0	0
otherwise	20	NA	0	0	1.57	0	0
ottawa	4	NA	1	1		0	0
otter	2	NA	1	1	4.86	0	0
otterdijk	12	0	1	1		0	0
ottoman	2	NA	1	0	4.90	0	0
ouallywood	2	NA	1	1		0	0
ouarzazate	6	NA	1	1		0	0
ought	3	0	0	0	1.43	0	0
ounce	3	NA	1	0	3.86	0	0
oundations	1	NA	1	0		0	0
ourish	2	NA	1	0		0	0
ours	3	NA	0	0	1.81	0	0
ourselves	29	NA	0	0	2.41	0	0
out	2	0	0	0	2.73	0	0
outback	1	NA	1	0	3.56	0	0
outbreak	18	NA	1	0	3.04	0	1
outburst	2	NA	1	0	2.76	0	0
outcome	26	NA	1	0	2.27	0	1
outcompete	1	NA	1	0		0	0
outcompeted	1	NA	1	0		0	0
outcompetes	2	NA	1	0		0	0
outcompeting	1	NA	1	0		0	0
outdated	1	NA	1	0	2.33	0	0
outdoor	10	NA	1	0	3.93	0	0
outdoors	6	NA	1	0	4.61	0	0
outer	57	NA	1	0	3.74	0	0
outermost	23	0	1	0	3.37	0	0
outfit	2	NA	1	0	4.12	0	0
outgo	2	NA	1	0		0	0
outgroup	2	NA	1	0		0	0
outgroups	1	NA	1	0		0	0
outgrowth	3	NA	1	0	3.46	0	0
outlet	9	NA	1	0	4.31	0	0
outlier	1	NA	1	0		0	0
outline	13	NA	1	0	3.61	0	1
outlive	1	NA	1	0	2.15	0	0
outlook	1	NA	1	0	1.97	0	0
outlying	1	NA	1	0	2.04	0	0
outnumber	2	NA	1	0	2.50	0	0
outpace	2	NA	1	0	2.43	0	0
outperform	1	NA	1	0	2.43	0	0
outpost	1	NA	1	0	4.04	0	0
output	6	NA	1	0	2.48	0	0
outrage	5	NA	1	0	2.45	0	0
outrageous	8	NA	1	0	1.80	0	0
outrank	1	NA	1	0	2.36	0	0
outreach	2	NA	1	0	2.57	0	0
outright	1	NA	1	0	2.03	0	0
outrun	1	NA	1	0	2.88	0	0
outside	171	0	1	0	4.25	0	1
outsider	2	NA	1	0	2.33	0	0
outsmart	1	NA	1	0	2.23	0	0
outstanding	4	NA	1	0	1.75	0	0
outstrip	4	NA	1	0		0	0
outward	3	NA	1	0	2.79	0	0
outwards	3	NA	1	0	2.38	0	0
outweigh	2	NA	1	0	2.63	0	0
oval	5	NA	1	1	4.04	0	0
ovarian	17	0	1	0	3.25	0	0
ovary	37	NA	1	0	4.18	1	1
oven	3	NA	1	0	4.97	0	0
overabundance	1	NA	1	0	2.65	0	0
overall	44	1	1	0	1.76	1	0
overarch	2	NA	1	0	3.09	0	0
overblown	1	NA	1	0	2.26	0	0
overcome	12	NA	1	0	2.28	0	0
overconsumption	2	NA	1	0	2.73	0	0
overcrowd	4	NA	1	0	3.44	0	0
overeating	2	NA	1	0		0	0
overestimate	17	NA	1	0	1.70	0	0
overexcited	3	NA	1	0		0	0
overexploitation	4	NA	1	0		0	0
overexpress	1	NA	1	0		0	0
overfed	1	NA	1	0	3.33	0	0
overfish	1	NA	1	0	3.12	0	0
overfished	1	NA	1	0		0	0
overfishing	5	NA	1	0		0	0
overflow	1	NA	1	0	3.72	0	0
overgrow	3	NA	1	0	2.91	0	0
overgrowth	1	NA	1	0	3.80	0	0
overhang	3	NA	1	0	4.31	0	0
overharvesting	5	NA	1	0		1	0
overhaul	1	NA	1	0	2.97	0	0
overhead	7	NA	1	0	3.60	0	0
overhear	1	NA	1	0	2.40	0	0
overhunting	2	NA	1	0		0	0
overijssel	3	NA	1	1		0	0
overjoy	2	NA	1	0		0	0
overlap	5	NA	1	0	3.07	0	0
overlapping	6	NA	1	0	3.27	0	0
overlie	1	NA	1	0	2.58	0	0
overload	3	NA	1	0	2.69	0	0
overlook	12	NA	1	0	2.41	0	0
overly	1	NA	1	0	1.74	0	0
overnight	7	0	1	0	2.57	0	0
overpopulation	3	NA	1	0	2.72	0	0
overreach	1	NA	1	0	2.47	0	0
overreact	1	NA	1	0	2.11	0	0
override	5	NA	1	0	2.58	0	0
overrule	2	NA	1	0	1.96	0	0
overseas	11	NA	1	0	3.31	0	0
oversee	8	NA	1	0	2.82	0	0
overshoot	1	NA	1	0	2.88	0	0
oversight	3	NA	1	0	1.57	0	0
oversimpli	1	NA	1	0		0	0
oversimplification	1	NA	1	0	2.17	0	0
overstate	5	NA	1	0	1.94	0	0
overtake	5	NA	1	0	2.63	0	0
overthrow	2	NA	1	0	2.35	0	0
overtime	3	NA	1	0	2.80	0	0
overturn	5	NA	1	0	3.00	0	0
overuse	2	NA	1	0	2.24	0	0
overview	2	NA	1	0	3.28	0	0
overweight	11	NA	1	0	3.57	0	0
overwhelm	10	0	1	0	1.42	0	0
overwhelmingly	2	NA	1	0	1.52	0	0
overwork	6	NA	1	0	2.33	0	0
oviduct	12	NA	1	0		0	0
oviparity	3	1	1	0		1	0
oviparous	1	NA	1	0		0	0
ovoviparity	2	1	1	0		1	0
ovoviparous	1	NA	1	0		0	0
ovoviviparity	1	NA	1	0		0	0
ovoviviparous	1	NA	1	0		0	0
ovulate	3	NA	1	0	2.96	0	0
ovulation	13	2	1	0	3.19	2	0
ovule	8	NA	1	0		0	0
ovum	8	NA	1	0	4.38	0	1
owe	9	0	1	0	2.07	0	0
owen	3	NA	1	0		0	0
owers	2	NA	1	0		0	0
owl	10	NA	1	0	4.93	1	1
own	306	0	0	0	1.96	0	0
owner	90	NA	1	0	3.78	0	1
ownership	6	NA	1	0	2.42	0	0
oxacillin	1	NA	1	0		0	0
oxfam	24	NA	1	1		0	0
oxfams	1	NA	1	0		0	0
oxford	17	NA	1	1	3.69	0	0
oxfordshire	1	NA	1	0		0	0
oxidant	1	NA	1	0	3.07	0	0
oxidase	1	NA	1	0		0	0
oxidation	8	NA	1	0	3.33	0	1
oxidative	3	NA	1	0	2.31	0	0
oxide	26	NA	1	0	3.87	0	0
oxidise	1	NA	1	0		0	0
oxidize	5	NA	1	0	3.79	0	0
oxygen	194	2	1	0	3.66	2	0
oxygenate	12	NA	1	0	2.59	0	0
oxygenation	5	NA	1	0	2.43	0	0
oxygenit	1	NA	1	0		0	0
oxygenreleases	1	NA	1	0		0	0
oxytocin	51	NA	1	0		0	0
oyster	19	NA	1	0	4.85	0	0
ozone	2	NA	1	0	3.50	0	0
ozymandias	3	NA	1	1		0	0
pace	12	NA	1	0	3.11	0	0
pacemaker	1	NA	1	0	4.68	0	0
paci	3	NA	1	1		0	0
pacific	21	NA	1	1	3.79	0	0
pack	40	NA	1	0	3.83	1	1
package	41	NA	1	0	4.72	0	0
packaging	8	NA	1	0	4.44	0	0
packet	5	NA	1	0	4.46	0	0
packing	3	NA	1	0		0	0
pad	10	NA	1	0	4.43	0	1
padding	1	NA	1	0	4.52	0	0
paddington	4	NA	1	1		0	0
paddlefish	1	NA	1	0	4.82	0	0
padlock	1	NA	1	0	4.92	0	0
padloper	1	NA	1	0		0	0
paediatric	4	NA	1	0		0	0
paes	2	NA	1	1		0	0
page	48	NA	1	0	4.90	0	0
pagos	11	NA	1	0		0	0
pahoehoe	1	NA	1	0		0	0
pain	22	0	1	0	3.50	0	0
painful	10	NA	1	0	3.43	0	0
pains	8	NA	1	0	3.65	0	0
painstaking	3	NA	1	0	2.04	0	0
paint	31	NA	1	0	4.79	0	0
painter	6	NA	1	0	4.52	0	1
painting	14	NA	1	0	4.59	1	0
pair	122	NA	1	0	3.88	0	0
paire	3	NA	1	1		0	0
pairing	6	NA	1	0		0	1
pais	3	NA	1	0		0	0
pakhtunkhwa	3	NA	1	1		0	0
pakistan	14	NA	1	1		0	0
pakistani	7	NA	1	1		0	0
palace	28	NA	1	1	4.57	0	0
palaeomastodon	1	NA	1	0		0	0
palaeontologist	2	NA	1	0		0	0
palatable	1	NA	1	0	2.96	0	0
palate	1	NA	1	0	3.73	0	0
palatial	1	NA	1	0		0	0
pale	8	NA	1	0	3.79	0	0
paleobiogeography	1	NA	1	0		0	0
paleobiology	1	1	1	0		1	0
paleobotanists	3	NA	1	0		0	0
paleobotany	2	NA	1	0		0	0
paleontological	1	NA	1	0	2.38	0	0
paleontologist	2	NA	1	0	4.62	0	0
paleontology	2	1	1	0	3.20	1	0
palestine	6	NA	1	1		0	0
palimpsest	1	NA	1	0		0	0
palindrome	3	NA	1	0		0	0
palindromic	1	NA	1	0		0	0
palisade	1	NA	1	0		0	0
palm	17	NA	1	0	4.83	0	0
palmacites	1	NA	1	0		0	0
palmitic	2	NA	1	0		0	0
palpable	1	NA	1	0	2.52	0	0
paltalk	3	NA	1	1		0	0
pamela	6	NA	1	1		0	0
pan	5	NA	1	0	4.86	0	0
panama	3	NA	1	1	4.21	0	0
panamanian	3	NA	1	1		0	0
pancake	3	NA	1	0	4.86	0	0
pancreas	23	NA	1	0	4.79	2	0
pancreatic	4	NA	1	0	3.21	0	0
panda	10	NA	1	0	4.75	0	0
pandemic	7	NA	1	0	2.54	1	1
pando	1	NA	1	0		0	0
panel	59	NA	1	0	4.26	0	0
pangaea	1	NA	1	0		0	0
panic	5	NA	1	0	3.04	0	0
panthera	1	NA	1	0		0	0
panting	3	NA	1	0	4.00	0	0
pantothenic	1	NA	1	0		0	0
pantry	18	NA	1	0	4.67	0	0
pants	1	NA	1	0	4.86	0	0
paolo	3	NA	1	1		0	0
pap	2	NA	1	1		0	0
papa	2	NA	1	1	4.43	0	0
papagrigorakis	1	NA	1	0		0	0
paparazzo	4	NA	1	0	4.26	0	0
papaver	1	NA	1	0		0	0
paper	37	0	1	0	4.93	0	0
papers	9	NA	1	0		0	0
paperwork	1	NA	1	0	4.63	0	0
papier	1	NA	1	0		0	0
papillomavirus	2	NA	1	0		0	0
papua	1	NA	1	0		0	0
papyrus	2	NA	1	0	4.44	0	0
parabolic	2	NA	1	0	2.92	0	0
parachute	8	NA	1	0	4.78	0	0
parachuting	4	NA	1	0		0	0
paradigm	1	NA	1	0	1.73	0	1
paradise	1	NA	1	0	2.72	0	0
paradox	1	NA	1	0	1.54	0	0
paradoxical	1	NA	1	0	2.00	0	0
paragon	2	NA	1	1		0	0
paraguay	3	NA	1	1		0	0
paraguayan	3	NA	1	1		0	0
parallel	10	NA	1	0	3.16	0	0
paralympian	3	NA	1	0		0	0
paralyse	1	NA	1	0		0	0
paralyze	4	NA	1	0	3.41	0	0
paramecium	3	NA	1	1		0	0
parameter	2	NA	1	0	2.48	0	0
parana	1	NA	1	0		0	0
paranoia	3	NA	1	0	1.74	0	0
paraphyletic	3	NA	1	0		0	0
parapodium	3	NA	1	0		1	0
parasite	45	NA	1	0	4.34	1	1
parasitic	19	NA	1	0	2.63	0	0
parasitism	1	NA	1	0		0	0
parasitized	1	NA	1	0		0	0
parasitizes	1	NA	1	0		0	0
parasympathetic	11	0	1	0		0	0
parathyroid	10	NA	1	0		0	0
paratrooper	2	NA	1	0	4.89	0	0
parazoa	2	NA	1	1		0	0
parazoan	1	NA	1	0		0	0
parcel	6	NA	1	0	4.81	0	0
parch	1	NA	1	0	3.35	0	0
pardu	3	NA	1	0		0	0
parent	165	0	1	0	4.56	0	0
parental	26	NA	1	0	2.69	0	0
parenthood	3	NA	1	0	2.55	0	0
parietal	8	NA	1	0		0	0
paris	26	NA	1	1		0	0
parisian	1	NA	1	0		0	0
park	152	0	1	0	4.74	1	0
parker	3	NA	1	1		0	0
parkland	1	NA	1	0	4.04	0	0
parks	42	NA	1	0		0	0
parliament	36	NA	1	0	3.76	0	0
parliamentary	1	NA	1	0	1.78	0	0
parlour	3	NA	1	0		0	0
parmesan	3	NA	1	0	4.67	0	0
parole	2	NA	1	0	2.66	0	0
parool	2	NA	1	1		0	0
paros	1	NA	1	0		0	0
parsec	1	NA	1	0		0	0
parsimony	4	3	1	0		1	0
part	371	0	0	0	3.29	0	0
parthenogenesis	9	2	1	0		1	0
parthenogenic	1	NA	1	0		0	0
partial	13	NA	1	0	2.31	0	0
partially	12	NA	1	0	2.67	0	0
participant	15	NA	1	0	3.38	0	0
participate	17	NA	1	0	2.59	0	0
participation	7	NA	1	0	2.86	0	0
particle	81	2	1	0	3.78	1	4
particular	103	NA	1	0	2.23	0	0
particularly	115	NA	1	0	1.64	0	0
particulate	7	NA	1	0	3.19	0	0
partisan	1	NA	1	0	1.65	0	0
partition	3	NA	1	0	3.72	0	0
partly	30	NA	1	0	2.30	0	0
partner	71	0	1	0	3.53	0	0
partnership	18	NA	1	0	2.82	0	0
parto	3	NA	1	1		0	0
parts	180	NA	0	0		0	0
party	90	0	1	0	3.89	0	0
parvula	1	NA	1	0		0	0
pashtun	2	NA	1	1		0	0
pass	141	0	1	0	2.71	0	0
passage	19	NA	1	0	3.80	0	1
passageway	1	NA	1	0	4.67	0	0
passanger	1	NA	1	0		0	0
passe	3	NA	1	1		0	0
passenger	10	NA	1	0	4.34	0	0
passersby	1	NA	1	0		0	0
passing	30	NA	1	0	2.76	0	1
passion	12	NA	1	0	2.30	0	0
passionate	5	NA	1	0	1.48	0	0
passive	12	0	1	0	2.26	0	0
passively	3	NA	1	0	1.61	0	0
passport	9	NA	1	0	5.00	0	0
past	143	0	1	0	1.70	1	0
pasta	10	NA	1	0	4.86	0	0
paste	4	NA	1	0	4.45	0	0
pasteur	3	NA	1	0		0	0
pastoral	1	NA	1	0	2.22	0	0
pasture	1	NA	1	0	4.78	0	0
pat	1	NA	1	0	4.16	0	0
patagonia	12	NA	1	1		1	0
patavino	2	NA	1	1		0	0
patch	14	NA	1	0	4.70	0	0
pate	3	NA	1	0		0	0
patent	16	NA	1	0	3.32	0	0
paternal	9	NA	1	0	2.29	0	0
paternally	2	NA	1	0	2.50	0	0
paternity	4	NA	1	0	2.59	0	0
paterson	9	NA	1	1		0	0
path	33	1	1	0	4.41	1	0
pathogen	109	NA	1	0	3.59	0	1
pathogenesis	2	NA	1	0		0	0
pathogenic	17	NA	1	0	2.29	0	0
pathologic	1	NA	1	0	1.97	0	0
pathologist	7	NA	1	0	4.27	0	0
pathology	1	NA	1	0	2.41	0	0
pathway	64	3	1	0	4.28	1	2
patient	50	NA	1	0	2.50	0	1
patient's	1	NA	1	0		0	0
patio	7	NA	1	0	4.89	0	0
patricia	3	NA	1	1		0	0
patrick	9	NA	1	1		0	0
patrimony	1	NA	1	0	2.09	0	0
patriot	2	NA	1	0	3.36	0	0
patriotic	3	NA	1	0	1.90	0	0
patriotism	3	NA	1	0	2.00	0	0
patrol	5	NA	1	0	3.86	0	0
patronize	2	NA	1	0	1.79	0	0
pattern	83	NA	1	0	3.92	1	2
patterson	1	NA	1	0		0	0
paucity	1	NA	1	0		0	0
paudel	8	NA	1	1		0	0
paul	44	0	1	1		0	0
pauling	2	NA	1	0		0	0
paulo	16	NA	1	1		0	0
pause	9	NA	1	0	2.38	0	0
pavarotti	3	NA	1	1		0	0
pave	4	NA	1	0	4.03	0	0
pavegen	2	1	1	0		2	0
pavement	2	NA	1	0	4.72	0	0
paving	2	NA	1	0	3.42	0	0
pavogur	1	NA	1	0		0	0
paw	6	NA	1	0	4.30	0	0
pay	385	0	1	0	3.54	0	1
payment	32	NA	1	0	3.91	1	0
paypal	1	NA	1	0		0	0
pbio	1	NA	1	0		0	0
pcb	5	NA	1	1		0	0
pcbs	2	NA	1	1		0	0
pcr	8	NA	1	1		0	0
pdf	1	NA	1	0		0	0
pdfs	3	NA	1	1		0	0
pea	39	NA	1	0	4.90	0	0
peace	30	NA	1	0	1.62	0	0
peaceful	17	NA	1	0	2.27	0	0
peacefully	6	NA	1	0	2.23	0	0
peacetime	3	NA	1	0	2.44	0	0
peach	2	NA	1	1	4.90	0	0
peak	35	NA	1	0	4.20	0	2
peanut	3	NA	1	0	4.89	0	0
peanuts	2	NA	1	0	4.90	0	0
pear	1	NA	1	0	4.93	0	0
pearl	2	NA	1	0	4.87	0	0
pearson	1	NA	1	0		0	0
peasant	1	NA	1	0	3.96	0	0
peat	5	NA	1	0		0	0
pectoral	7	NA	1	0	4.00	0	0
pedagogically	1	NA	1	0		0	0
pedal	12	NA	1	0	4.44	0	0
pedalia	2	NA	1	0		0	0
pedalium	1	NA	1	0		0	0
pedego	13	NA	1	1		0	0
pedegos	1	NA	1	0		0	0
pedestrian	12	NA	1	0	4.41	0	0
peduncle	1	NA	1	0		0	0
pee	3	NA	1	0	4.72	0	0
peeing	1	NA	1	0		0	0
peek	2	NA	1	0	3.62	0	0
peel	1	NA	1	0	4.61	0	0
peer	24	NA	1	0	3.83	0	0
peirce	3	NA	1	1		0	0
pejeta	3	NA	1	1		0	0
pelagic	4	NA	1	0		0	0
pellet	1	NA	1	0	4.56	0	0
pellicle	3	NA	1	0		1	0
pellucida	3	2	1	0		2	0
peloponnesian	1	NA	1	0		0	0
pelphrey	9	NA	1	1		0	0
pelvic	11	NA	1	0	3.74	0	0
pelvis	5	NA	1	0	4.93	0	0
pen	6	NA	1	0	4.92	0	0
penalize	1	NA	1	0	2.12	0	0
penalty	4	NA	1	0	2.86	0	0
pencil	4	NA	1	0	4.88	0	0
pending	5	NA	1	0	2.15	0	0
pendulum	2	NA	1	0	4.69	0	0
penetrance	1	NA	1	0		0	0
penetrate	14	NA	1	0	3.50	0	0
penetration	5	NA	1	0	3.52	0	0
peng	3	NA	1	1		0	0
penguin	8	NA	1	0	5.00	0	0
penicillin	10	NA	1	0	4.43	0	0
penicillium	3	NA	1	1		0	0
peninsula	1	NA	1	0	4.86	0	0
penis	10	NA	1	0	5.00	1	0
penknife	1	NA	1	0	4.83	0	0
pennsylvania	4	NA	1	1		0	0
pennsylvanian	2	NA	1	1		0	0
penny	8	NA	1	0	4.83	0	0
pension	15	NA	1	0	3.89	0	0
pentadecanoic	1	NA	1	0		0	0
pentagon	3	NA	1	1	4.45	0	0
pentaradial	1	NA	1	0		0	0
pentose	5	NA	1	0		0	0
people	2019	0	1	0	4.82	0	1
peoples	30	NA	1	0		0	0
pep	1	NA	1	0		0	0
pepper	18	NA	1	0	4.59	0	0
pepsin	5	3	1	0		2	0
peptide	7	NA	1	0		0	0
peptidoglycan	15	NA	1	0		1	0
peptidoglycans	1	NA	1	0		0	0
peptone	1	NA	1	0		0	0
per	161	NA	0	0	1.69	0	0
perceive	10	NA	1	0	1.72	0	1
percent	83	NA	1	0	2.70	0	0
percentage	42	NA	1	0	2.90	0	0
perception	6	NA	1	0	2.00	0	0
perch	3	NA	1	0	4.10	0	0
percolate	3	NA	1	0	3.67	0	0
percolation	2	NA	1	0	2.72	1	0
percy	3	NA	1	1		0	0
perennial	2	NA	1	0	2.93	0	0
perennially	2	NA	1	0	2.27	0	0
perfect	37	0	1	0	1.69	0	0
perfectly	13	NA	1	0	1.52	0	0
perforate	2	NA	1	0	3.33	0	0
perform	106	NA	1	0	3.07	0	0
performance	61	1	1	0	3.04	1	0
performer	13	NA	1	0	4.04	0	1
performing	12	NA	1	0		0	0
perfume	4	NA	1	0	4.66	0	0
perhaps	70	0	0	0	1.19	0	0
peril	2	NA	1	0	2.52	0	0
perilous	2	NA	1	0	1.92	0	0
perimeter	1	NA	1	0	3.46	0	0
period	120	NA	1	0	3.31	1	4
periodic	20	NA	1	0	2.07	0	0
periodically	7	NA	1	0	1.90	0	0
peripheral	15	NA	1	0	3.07	0	0
periphery	9	NA	1	0	2.81	0	0
perish	1	NA	1	0	3.22	0	0
peristalsis	3	NA	1	0		0	0
peristaltic	5	NA	1	0		0	0
periwinkle	1	NA	1	0	4.12	0	1
perk	6	NA	1	0	3.03	0	0
perkins	1	NA	1	0		0	0
permafrost	9	NA	1	0	4.52	2	0
permanent	26	NA	1	0	2.76	0	0
permanently	17	NA	1	0	2.62	0	0
permeability	1	NA	1	0	2.64	0	0
permeable	9	NA	1	0	2.78	0	0
permian	4	NA	1	1		0	0
permission	22	NA	1	0	2.27	0	0
permit	18	NA	1	0	3.43	0	0
pernambuco	2	NA	1	1		0	0
pernicious	1	NA	1	0		0	0
peroxide	3	NA	1	0	4.93	0	0
peroxisomal	1	NA	1	0		0	0
peroxisome	1	NA	1	0		1	0
peroxisomes	5	NA	1	0		0	0
perpendicular	1	NA	1	0	3.31	0	0
perpetual	1	NA	1	0	2.30	0	0
perplex	2	NA	1	0	1.73	0	0
perry	2	NA	1	1		0	0
persecution	3	NA	1	0	2.43	0	0
persian	1	NA	1	0		0	0
persie	2	NA	1	1		0	0
persies	1	NA	1	0		0	0
persimmon	1	NA	1	0	4.74	0	0
persist	10	NA	1	0	2.59	0	0
persistent	4	NA	1	0	2.23	0	0
persistently	1	NA	1	0	1.84	0	0
person	196	0	1	0	4.72	0	1
person's	4	NA	1	0		0	0
persona	4	1	1	0	2.33	2	0
personal	62	0	1	0	2.21	0	0
personality	14	NA	1	0	2.08	0	0
personalization	3	NA	1	0	2.07	0	0
personalize	1	NA	1	0	2.73	0	0
personally	10	NA	1	0	2.07	0	0
personnel	7	NA	1	0	3.56	0	0
perspective	19	NA	1	0	2.38	0	0
perspiration	1	NA	1	0	4.81	0	0
persuade	24	NA	1	0	2.07	0	0
persuasiveness	2	NA	1	0	1.57	0	0
perth	9	NA	1	1		0	0
pertusa	1	NA	1	0		0	0
peru	11	NA	1	1		0	0
perugia	1	NA	1	0		0	0
peruvian	5	NA	1	1		0	0
pervade	2	NA	1	0	1.78	0	0
pessimism	8	NA	1	0	1.88	0	0
pest	19	NA	1	0	3.96	1	0
pestcontrol	1	NA	1	0		0	0
pesticide	25	NA	1	0	4.54	0	1
pestilence	1	NA	1	0	2.91	0	0
pestis	2	NA	1	0		0	0
pestival	3	NA	1	1		0	0
pet	18	NA	1	0	4.71	0	0
peta	4	NA	1	1		0	0
petal	9	NA	1	0	4.57	1	1
peter	30	0	1	1	3.68	0	1
petersburg	1	NA	1	0		0	0
petiolata	1	NA	1	0		0	0
petition	11	NA	1	0	4.12	0	0
petri	1	NA	1	0		0	0
petrify	2	NA	1	0	2.65	0	0
petrochemical	1	NA	1	0		0	0
petrol	4	NA	1	0	4.29	0	0
petroleum	15	NA	1	0	4.69	0	0
petromyzontidae	2	NA	1	0		1	0
petty	3	NA	1	0	2.09	0	0
peugeot	3	NA	1	1		0	0
pew	6	NA	1	1	3.92	0	0
pflanzenhybriden	1	NA	1	0		0	0
pga	1	NA	1	0		0	0
pgmol	8	NA	1	1		0	1
pgmols	1	NA	1	0		0	0
phagocyte	3	NA	1	0		0	0
phagocytic	7	NA	1	0		0	0
phagocytized	1	NA	1	0		0	0
phagocytosis	19	1	1	0		2	0
phagolysosome	1	NA	1	0		0	0
phanta	3	NA	1	1		0	0
phantom	3	NA	1	1	2.43	0	0
pharmaceutical	19	NA	1	0	2.89	0	0
pharmacogenomics	3	1	1	0		1	0
pharmacy	5	NA	1	0	4.78	0	0
pharyngeal	15	NA	1	0		0	0
pharynx	18	NA	1	0		2	0
phase	76	1	1	0	2.46	4	4
phd	1	NA	1	0		0	0
phenolic	1	NA	1	0		0	0
phenomenal	4	NA	1	0	1.78	0	0
phenomenally	3	NA	1	0	1.78	0	0
phenomenon	34	NA	1	0	2.26	0	5
phenotype	49	NA	1	0		1	0
phenotypic	17	NA	1	0		0	0
phenotypically	4	NA	1	0		0	0
pheromone	1	NA	1	0	3.59	0	0
phil	1	NA	1	0		0	0
philanthropic	2	NA	1	0	2.11	0	0
philanthropist	3	NA	1	0	2.93	0	0
philanthropy	3	NA	1	1	2.21	0	0
philip	6	NA	1	1		0	0
philipp	1	NA	1	0		0	0
philippa	3	NA	1	1		0	0
philippine	1	NA	1	0		0	0
philippines	3	NA	1	1		0	0
philosopher	4	NA	1	0	3.63	0	0
philosophical	1	NA	1	0	1.66	0	0
philosophy	8	NA	1	0	2.14	0	0
phloem	8	3	1	0		1	0
phone	168	0	1	0	4.86	0	0
phoneme	1	NA	1	0		0	0
phonographic	6	NA	1	1	3.25	0	0
phosopholipid	1	NA	1	0		0	0
phosphate	60	0	1	0	4.08	0	0
phospholipid	36	0	1	0		2	0
phosphorus	22	NA	1	0	4.27	2	1
phosphorylated	1	NA	1	0		0	0
phosphorylation	3	2	1	0		3	0
photic	7	0	1	0		0	0
photo	78	0	1	0	4.93	0	0
photoautotroph	2	NA	1	0		1	0
photoautotrophs	7	NA	1	0		0	0
photograph	31	NA	1	0	4.89	0	0
photographer	10	NA	1	0	4.76	0	0
photographic	1	NA	1	0	2.90	0	0
photolysis	3	NA	1	0		0	0
photon	9	NA	1	0	3.38	1	0
photonics	1	NA	1	0		0	0
photophosphorylation	1	1	1	0		1	0
photosensory	2	NA	1	0		0	0
photoshop	1	NA	1	0	3.93	0	0
photosynthesis	147	1	1	0	3.36	3	1
photosynthesize	4	NA	1	0	2.71	0	0
photosynthesizes	1	NA	1	0		0	0
photosynthesizing	1	NA	1	0		0	0
photosynthetic	59	0	1	0	2.38	0	0
photosystem	11	6	1	0		2	0
photosystems	4	NA	1	0		0	0
phototaxis	1	NA	1	0		0	0
phototroph	1	NA	1	0		1	0
phototrophic	1	NA	1	0		0	0
phototrophs	5	NA	1	0		1	0
photovoltaic	6	NA	1	0		0	0
phrase	5	NA	1	0	2.86	0	1
phrenic	3	NA	1	0		0	0
phyletic	1	NA	1	0		0	0
phylogenetic	45	NA	1	0		0	0
phylogenetically	3	NA	1	0		0	0
phylogeny	11	1	1	0		1	0
phylum	66	NA	1	0		1	10
physalia	1	NA	1	0		0	0
physical	149	NA	1	0	3.31	0	0
physically	14	NA	1	0	2.48	0	0
physician	8	NA	1	0	4.65	0	1
physicist	7	NA	1	0	4.26	0	0
physics	13	NA	1	0	3.07	0	0
physiologic	1	NA	1	0	2.19	0	0
physiological	13	NA	1	0	1.93	0	0
physiologist	3	NA	1	0	4.25	0	0
physiology	10	NA	1	0	2.72	0	0
phyte	1	NA	1	0		0	0
phytogeography	1	NA	1	0		0	0
phytophthora	1	NA	1	0		0	0
phytoplankton	16	NA	1	0	3.96	0	0
pia	4	NA	1	0		0	0
pianist	3	NA	1	0	4.69	0	0
piano	7	NA	1	0	4.90	0	0
piazza	6	NA	1	1	3.50	0	0
picardie	1	NA	1	0		0	0
pick	42	0	1	0	3.82	0	0
picnic	1	NA	1	0	4.83	0	0
picture	86	0	1	0	4.52	0	1
picturesque	2	NA	1	0	2.76	0	0
picturing	2	NA	1	0		0	0
piece	90	0	1	0	4.14	0	0
pier	20	NA	1	0	4.62	0	0
pierce	6	0	1	1	3.73	0	0
pierre	3	NA	1	1		0	0
pig	6	NA	1	0	5.00	0	0
pigeon	11	NA	1	0	4.71	0	0
pigment	37	4	1	0	4.40	1	3
pigmentation	1	NA	1	0	3.63	0	0
pile	4	NA	1	0	4.56	0	0
piles	7	NA	1	0	4.19	0	0
pilgrim	1	NA	1	0	4.43	0	0
pili	4	NA	1	0		0	0
piling	2	NA	1	0	3.69	0	0
pill	5	NA	1	0	4.72	0	0
pillow	4	NA	1	0	5.00	0	0
pilot	30	NA	1	0	4.67	0	0
piloting	3	NA	1	0	3.12	0	0
pilotless	2	NA	1	0	2.89	0	0
pilus	3	NA	1	0		0	0
pin	7	NA	1	1	4.92	0	0
pinch	4	NA	1	0	4.00	0	0
pinche	8	NA	1	0		0	0
pine	21	NA	1	0	4.37	0	0
pineal	1	NA	1	0		0	0
pineapple	5	NA	1	0	4.94	0	0
pinecone	1	NA	1	0	4.85	0	0
pineyards	1	NA	1	0		0	0
ping	5	NA	1	1	3.17	0	0
pink	12	NA	1	0	3.93	0	0
pinnacle	3	NA	1	0	2.67	0	0
pinocytosis	4	1	1	0		3	0
pinpoint	4	NA	1	0	2.54	0	0
pint	3	NA	1	0	4.43	0	0
pioneer	26	NA	1	0	4.04	0	2
pipe	9	NA	1	0	4.88	0	0
pipeline	16	NA	1	0	4.68	0	0
piper	2	NA	1	1		0	0
piperales	1	NA	1	0		1	0
piperberg	1	NA	1	0		0	0
pique	1	NA	1	0		0	0
piracy	7	NA	1	0	2.81	0	0
piraeus	1	NA	1	0		1	0
pirate	9	NA	1	0	4.64	0	0
pisaster	2	NA	1	0		0	0
piscedda	9	NA	1	1		1	0
pistil	6	NA	1	0		1	0
piston	1	NA	1	0	4.81	0	0
pisum	1	NA	1	0		0	0
pit	10	NA	1	0	4.68	0	0
pitch	12	NA	1	0	4.00	1	0
pitcher	1	NA	1	0	4.93	0	0
pithecophaga	1	NA	1	0		0	0
pitocin	1	NA	1	0		0	0
pittman	9	NA	1	1		0	0
pittsburgh	3	NA	1	1		0	0
pituitary	36	0	1	0	3.33	1	0
pivotal	1	NA	1	0	2.00	0	0
pizza	24	NA	1	0	5.00	0	0
pizzaexpress	37	NA	1	1		0	0
pizzaiolos	1	NA	1	0		0	0
pizzi	15	NA	1	1		0	0
place	415	0	1	0	3.48	0	3
placebo	3	NA	1	0	3.17	0	0
placeholder	1	NA	1	0	3.66	0	0
placenta	20	NA	1	0	4.79	1	0
placental	8	NA	1	0		0	0
placidly	1	NA	1	0	2.14	0	0
plague	29	NA	1	0	3.41	1	0
plain	4	NA	1	1	2.26	0	0
plainly	1	NA	1	0	2.31	0	0
plan	181	0	1	0	3.40	0	2
planarian	4	3	1	0		2	0
planas	2	NA	1	1		0	0
plane	57	0	1	0	4.92	1	1
planet	131	NA	1	0	4.58	0	1
planetarium	7	NA	1	0	4.55	0	0
planetary	3	NA	1	0	2.89	0	0
planipennis	1	NA	1	0		0	0
plank	1	NA	1	0	5.00	0	1
planktivore	1	NA	1	0		1	0
planktivores	2	NA	1	0		0	0
plankton	9	NA	1	0	4.66	0	0
planktonic	2	NA	1	0		0	0
planner	2	NA	1	0	3.61	0	0
planning	59	NA	1	0		0	0
plant	746	3	1	0	4.76	6	11
plantae	3	NA	1	0		0	0
plantagenet	1	NA	1	0		0	0
plantar	1	NA	1	0		0	0
plantation	4	NA	1	0	4.50	0	0
planting	5	NA	1	0	3.63	0	0
plaque	3	NA	1	0	4.70	0	0
plasma	138	0	1	0	4.17	1	0
plasmid	22	4	1	0		2	0
plasmodesma	3	NA	1	0		0	0
plasmodesmata	7	NA	1	0		0	0
plasmodium	6	NA	1	1		0	0
plasmopara	1	NA	1	0		0	0
plastic	74	NA	1	0	4.79	1	0
plastid	11	5	1	0		2	1
plastron	1	NA	1	0		0	0
plate	55	1	1	0	4.77	2	1
plateau	6	NA	1	0	4.31	0	0
platelet	1	NA	1	0	4.21	0	0
platform	15	NA	1	0	4.48	0	1
platini	3	NA	1	1		0	0
platinum	2	NA	1	0	4.44	0	0
plato	1	NA	1	0		0	0
platonic	3	NA	1	0	1.68	0	0
plattsburgh	1	NA	1	0		0	0
platyfish	1	NA	1	0		0	0
platyhelminthes	2	NA	1	1		0	0
platypus	4	NA	1	0	4.83	0	0
platz	4	NA	1	1		0	0
plausible	3	NA	1	0	1.77	0	0
play	142	0	1	0	3.24	0	1
player	53	0	1	0	4.15	0	1
playground	6	NA	1	0	4.77	0	0
playing	30	0	1	0		0	0
playlist	1	NA	1	0	4.00	0	0
playstations	3	NA	1	1		0	0
playwright	3	NA	1	0	3.56	0	0
plaza	5	NA	1	1	4.44	0	0
plc	1	NA	1	0		0	0
plea	5	NA	1	0	2.39	0	0
pleading	1	NA	1	0	2.60	0	0
pleasant	5	NA	1	0	1.55	0	0
please	27	0	0	0	1.64	0	0
pleasure	5	0	1	0	2.04	0	0
pleat	5	NA	1	0	4.62	0	0
pledge	4	NA	1	0	2.61	0	0
plentiful	5	NA	1	0	2.11	0	0
plenty	8	NA	1	0	2.39	0	0
plethora	1	NA	1	0	2.38	0	0
pliable	1	NA	1	0	3.58	0	0
plight	1	NA	1	0	2.04	0	0
plinks	1	NA	1	0		0	0
plo	3	NA	1	0		0	0
ploidy	3	NA	1	0		0	0
plot	7	NA	1	0	3.14	0	0
plough	1	NA	1	0	3.88	0	0
plug	9	NA	1	0	4.64	0	0
plum	1	NA	1	0	4.85	0	0
plumage	1	NA	1	0	3.93	0	0
plume	2	NA	1	0	4.00	0	0
plummet	3	NA	1	0	3.12	0	0
plunge	8	NA	1	0	3.04	0	0
plural	13	NA	1	0	2.59	0	0
pluralism	1	NA	1	0	1.79	0	0
plus	35	NA	0	0	3.00	0	0
pluto	30	NA	1	1		0	0
plutonic	2	NA	1	0		0	0
plutonium	3	NA	1	0	4.30	0	0
ply	1	NA	1	0	3.31	0	0
pnas	2	NA	1	0		0	0
pneumatic	4	NA	1	0	2.81	0	0
pneumoconiosis	1	NA	1	0		0	0
pneumocystis	1	NA	1	0		0	0
pneumonia	1	NA	1	0	3.83	0	0
pneumoniae	1	NA	1	0		0	0
pns	8	1	1	1		1	1
poacher	11	NA	1	0	4.00	0	0
poaching	10	1	1	0		2	0
pocket	27	NA	1	0	4.68	0	0
pocketful	1	NA	1	0	3.93	0	0
pod	2	NA	1	0	4.63	0	0
poderosas	3	NA	1	1		0	0
poem	9	NA	1	0	4.03	0	0
poetry	6	NA	1	0	3.50	0	0
pogues	1	NA	1	0		0	0
point	259	0	1	0	3.39	1	6
pointless	3	NA	1	0	1.93	0	0
poison	13	NA	1	0	4.27	1	2
poisoning	6	NA	1	0	3.41	0	0
poisonous	13	NA	1	0	2.74	0	0
poland	34	NA	1	1		0	1
polar	43	NA	1	0	3.18	0	0
polarity	2	NA	1	0	2.19	0	0
pole	31	NA	1	0	4.66	0	0
police	177	0	1	0	4.79	1	0
policeman	3	NA	1	0	4.93	0	0
policy	98	NA	1	0	2.76	0	1
policymakers	9	NA	1	0		0	0
policymaking	1	NA	1	0		0	0
polio	6	NA	1	0	3.59	1	0
poliovirus	1	NA	1	0	3.33	0	0
polish	30	NA	1	1	4.23	0	0
polisher	1	1	1	0	4.19	1	0
polistes	1	NA	1	0		0	0
polite	5	NA	1	0	1.85	0	0
political	55	NA	1	0	1.83	0	0
politically	7	NA	1	0	1.89	0	0
politician	56	NA	1	0	4.33	0	2
politics	34	NA	1	0	2.66	0	1
poll	18	0	1	0	3.31	0	0
pollen	42	NA	1	0	4.86	0	3
pollinate	9	NA	1	0	4.00	0	0
pollination	16	NA	1	0	3.70	0	0
pollinator	13	NA	1	0	3.68	0	0
pollock	1	NA	1	0		0	0
polls	15	NA	1	0		0	0
pollster	4	NA	1	0		0	0
pollutant	21	NA	1	0	3.90	0	0
pollute	4	NA	1	0	2.75	0	0
pollution	64	NA	1	0	3.75	1	1
polly	3	NA	1	1		0	0
polo	6	NA	1	1	4.43	0	0
poly	5	NA	1	0		0	0
polychaeta	1	NA	1	0		0	0
polychaete	7	NA	1	0		0	0
polychlorinated	2	NA	1	0		0	0
polycyclic	1	NA	1	0		0	0
polygenic	2	NA	1	0		0	0
polygraph	17	1	1	0	4.03	1	0
polyhedral	1	NA	1	0		0	0
polymer	19	NA	1	0	4.28	0	4
polymerase	34	3	1	0		1	0
polymerization	2	NA	1	0		0	0
polymorpha	1	NA	1	0		0	0
polymorphism	1	NA	1	0	2.45	0	0
polynucleotide	1	NA	1	0		0	0
polyp	18	NA	1	0	4.04	1	0
polypeptide	29	3	1	0		2	0
polyphyletic	1	NA	1	0		0	0
polyplacophora	3	NA	1	1		0	0
polyploid	7	NA	1	0		1	0
polyploidy	9	NA	1	0		1	1
polypoid	1	NA	1	0		0	0
polyribosomes	1	NA	1	0		0	0
polysaccharide	24	0	1	0		1	2
polyunsaturated	2	NA	1	0		0	0
pomery	2	NA	1	1		1	0
pomonella	1	NA	1	0		0	0
pompeii	1	NA	1	0		0	0
pond	24	NA	1	0	4.90	0	1
pondweed	1	NA	1	0	4.33	0	0
pone	1	NA	1	0		0	0
pontiff	2	NA	1	0		0	0
poo	2	NA	1	0	4.60	0	0
pooch	1	NA	1	0	4.32	0	0
poodle	2	NA	1	0	4.89	0	0
pool	38	NA	1	0	4.77	0	0
poon	2	NA	1	1		0	0
poop	1	NA	1	0	4.83	0	0
poor	139	0	1	0	2.70	1	0
poorly	5	NA	1	0	2.00	0	0
pop	33	NA	1	0	4.22	0	0
pope	43	NA	1	1	4.71	0	0
poppe	2	NA	1	1		0	0
poppy	6	NA	1	0	4.69	0	0
popular	141	NA	1	0	2.16	0	0
popularity	19	NA	1	0	2.37	0	0
popularize	2	NA	1	0	2.21	0	0
popularly	2	NA	1	0	2.00	0	0
populate	11	NA	1	0	2.67	0	0
population	605	1	1	0	3.64	2	0
populist	1	NA	1	0		0	1
populous	3	NA	1	0	2.77	0	0
porcelain	1	NA	1	0	4.63	0	0
pore	17	NA	1	0	4.42	0	1
porifera	4	NA	1	1		1	0
pork	7	NA	1	0	4.79	0	0
porous	6	NA	1	0	3.76	0	0
porpoise	6	NA	1	0		0	0
port	15	NA	1	0	4.41	0	1
portable	1	NA	1	0	2.62	0	0
portal	1	NA	1	0	3.63	0	0
portentosa	1	NA	1	0		0	0
portion	49	NA	1	0	3.78	0	3
portland	1	NA	1	0		0	0
porto	3	NA	1	1		0	0
portrait	5	NA	1	0	4.90	0	0
portray	3	NA	1	0	2.18	0	0
portugal	6	NA	1	1		0	0
portuguese	4	NA	1	1		0	0
pose	14	NA	1	0	3.33	0	0
posing	3	NA	1	0	3.35	0	0
posit	1	NA	1	0		0	0
position	51	0	1	0	2.62	0	2
positioning	4	NA	1	0	2.37	0	0
positive	107	NA	1	0	2.44	0	0
positively	7	0	1	0	1.74	0	0
possess	43	NA	1	0	2.60	0	0
possession	2	NA	1	0	2.96	0	0
possibility	50	NA	1	0	1.33	0	0
possible	237	0	1	0	1.56	0	0
possibly	27	NA	1	0	1.74	0	0
post	97	NA	1	0	4.30	0	0
postage	2	NA	1	0	4.37	0	0
postal	5	NA	1	0	3.07	0	0
postcard	4	NA	1	0	4.93	0	0
poster	6	NA	1	0	4.66	0	0
posterior	23	NA	1	0	3.47	0	1
postgraduate	3	NA	1	0	2.96	0	0
postindustrial	1	NA	1	0		0	0
posting	6	NA	1	0	3.00	0	0
postnatal	1	NA	1	0	3.08	0	0
postponement	2	NA	1	0	3.03	0	0
postsynaptic	1	NA	1	0		0	0
postulate	7	NA	1	0	1.65	0	0
posture	3	NA	1	0	3.39	0	0
posturing	1	NA	1	0		0	0
postzygotic	2	NA	1	0		0	0
pot	15	NA	1	0	4.81	0	0
potassium	13	NA	1	0	4.23	0	0
potato	18	NA	1	0	4.85	0	0
potent	5	NA	1	0	2.38	0	0
potential	137	1	1	0	1.91	3	1
potentially	28	NA	1	0	1.63	0	0
potter	3	NA	1	1	4.12	0	0
potto	2	NA	1	0		0	0
pouch	6	NA	1	0	4.50	0	1
poulopoulos	12	NA	1	1		1	0
poultry	1	NA	1	0	4.72	0	0
pound	29	NA	1	0	4.61	1	0
pounding	6	NA	1	0	3.54	0	0
poundland	6	NA	1	1		0	0
pour	13	NA	1	0	4.14	0	0
poverty	76	NA	1	0	2.54	0	0
pow	1	NA	1	0		0	0
powder	4	NA	1	0	4.76	0	0
powdery	3	NA	1	0	3.55	0	0
power	214	0	1	0	2.04	0	0
powerful	50	NA	1	0	2.17	0	0
powerhouse	1	NA	1	0	2.79	0	0
powerpoint	4	NA	1	1	3.76	0	0
powys	1	NA	1	0		0	0
pox	2	NA	1	0	3.74	0	0
poxvirus	1	NA	1	0		0	0
poyiadgi	1	NA	1	0		0	0
practical	20	NA	1	0	2.14	0	0
practically	4	NA	1	0	1.62	0	0
practice	50	NA	1	0	2.52	0	0
practise	14	NA	1	0		0	0
practitioner	3	NA	1	0	3.89	0	0
prada	3	NA	1	1		0	0
pragmatic	1	NA	1	0	1.84	0	0
prague	9	NA	1	1		0	0
prairie	8	NA	1	0	4.80	0	0
praise	8	NA	1	0	2.61	0	0
pray	6	NA	1	0	3.21	0	0
prayer	6	NA	1	0	3.28	0	0
pre	21	NA	1	0		0	0
precarious	1	NA	1	0	1.69	0	0
precaution	7	NA	1	0	2.21	0	0
precede	10	NA	1	0	2.41	0	0
precedent	2	NA	1	0	1.63	0	0
precious	14	NA	1	0	2.00	0	0
precipice	2	NA	1	0		0	0
precipitate	4	NA	1	0	4.19	0	0
precipitation	29	NA	1	0	3.96	0	1
precipitous	1	NA	1	0	2.19	0	0
precise	5	NA	1	0	2.39	0	0
precisely	8	NA	1	0	2.30	0	0
preclude	3	NA	1	0	1.64	0	0
precursor	11	NA	1	0	2.14	0	2
predate	1	NA	1	0	2.50	0	0
predation	11	NA	1	0		0	0
predator	91	NA	1	0	3.64	0	1
predatory	9	NA	1	0	2.58	0	0
predecease	1	NA	1	0		0	0
predecessor	8	NA	1	0	3.12	1	0
predicament	1	NA	1	0	1.82	0	0
predict	79	NA	1	0	2.00	0	0
predictability	1	NA	1	0	1.93	0	0
predictable	6	NA	1	0	1.63	0	0
predictably	1	NA	1	0	1.90	0	0
prediction	15	NA	1	0	2.36	0	0
predisposition	1	NA	1	0	1.88	0	0
predominance	3	NA	1	0	1.56	0	0
predominant	5	NA	1	0	2.33	0	0
predominantly	10	NA	1	0	2.19	0	0
prefer	21	NA	1	0	1.62	0	0
preference	10	NA	1	0	2.03	0	0
prefix	5	NA	1	0	3.31	0	0
prefrontal	1	NA	1	0	2.70	0	0
preganglionic	3	NA	1	0		0	0
pregnancy	26	NA	1	0	4.31	0	0
pregnant	9	NA	1	0	4.59	0	0
prehistoric	5	NA	1	0	2.10	0	0
prejudice	4	NA	1	0	2.22	0	0
prelate	1	NA	1	0		0	0
preliminary	5	NA	1	0	1.83	0	0
premature	3	NA	1	0	2.72	0	0
prematurely	1	NA	1	0	1.58	0	0
premier	10	NA	1	1	2.07	0	0
premiere	4	NA	1	0	2.96	0	0
premiership	2	NA	1	1		0	0
premise	2	NA	1	0	2.24	0	0
premises	3	NA	1	0	3.20	0	0
premium	4	NA	1	0	2.11	0	0
premolar	1	NA	1	0		0	0
prentis	3	NA	1	1		0	0
preparation	22	NA	1	0	2.18	0	0
preparatory	1	NA	1	0	2.00	0	0
prepare	66	NA	1	0	2.36	0	0
preparedness	1	NA	1	0	1.84	0	0
preponderance	1	NA	1	0		0	0
preposition	2	NA	1	0	2.32	0	0
prequels	8	NA	1	0		0	0
prerequisite	1	NA	1	0	2.46	0	0
prescribe	6	NA	1	0	2.80	0	0
prescription	2	NA	1	0	4.00	0	0
presence	69	NA	1	0	2.72	0	4
present	242	0	1	0	3.39	1	0
presentation	7	NA	1	0	3.11	0	0
presenter	14	NA	1	0	3.96	0	0
presently	4	NA	1	0	2.24	0	0
preservation	8	NA	1	0	2.37	0	0
preservative	1	NA	1	0	3.03	0	0
preserve	59	NA	1	0	2.57	0	0
preserves	26	NA	1	0		2	0
presidency	11	NA	1	0	3.50	0	0
president	137	0	1	0	4.40	0	2
presidential	19	NA	1	0	2.31	0	0
presley	6	NA	1	1		0	0
press	45	NA	1	0	3.90	0	0
pressing	2	NA	1	0	2.78	0	0
pressure	118	NA	1	0	3.07	0	1
prestige	1	NA	1	0	1.61	0	0
prestigious	5	NA	1	0	2.13	0	0
presumably	1	NA	1	0	2.04	0	0
presume	4	NA	1	0	1.79	0	0
presumption	1	NA	1	0	1.85	0	0
presynaptic	1	NA	1	0		0	0
pretend	5	NA	1	0	2.11	0	0
pretoria	3	NA	1	1		0	0
pretty	27	0	1	0	2.40	0	0
prevail	2	NA	1	0	1.43	0	0
prevalence	3	NA	1	0	1.82	0	0
prevalent	7	NA	1	0	1.83	0	0
prevent	117	NA	1	0	2.34	0	0
prevention	7	NA	1	0	2.20	0	0
previous	57	NA	1	0	2.52	0	0
previously	47	NA	1	0	1.64	0	0
prey	52	NA	1	0	3.61	0	0
prezygotic	2	NA	1	0		0	0
price	77	NA	1	0	3.63	0	0
priceless	2	NA	1	0	1.79	0	0
pricey	1	NA	1	0	2.24	0	0
pricing	3	NA	1	0		0	0
pride	5	NA	1	0	1.66	0	0
priest	8	NA	1	0	4.77	0	0
priestley	1	NA	1	0		0	0
prima	1	NA	1	0		0	0
primarily	41	NA	1	0	1.86	0	0
primark	3	NA	1	1		0	0
primary	131	NA	1	0	2.28	0	0
primase	1	NA	1	0		0	0
primate	1	NA	1	0	4.50	0	0
primates	15	NA	1	0	4.50	0	1
prime	92	NA	1	0	2.48	0	0
primer	13	1	1	0	3.82	1	0
primitive	15	NA	1	0	2.33	0	0
prince	55	NA	1	0	4.44	0	2
princess	7	NA	1	1	4.72	0	0
princeton	4	0	1	1		0	0
principal	7	NA	1	0	3.46	0	0
principally	3	NA	1	0	1.70	0	0
principle	34	NA	1	0	1.70	0	2
print	26	NA	1	0	4.17	0	0
printing	1	NA	1	0	4.22	0	0
prior	12	NA	1	0	2.45	0	0
prioritize	3	NA	1	0	2.33	0	0
priority	14	NA	1	0	1.76	0	1
pripps	1	NA	1	0		0	0
prise	1	NA	1	0		0	0
prism	24	NA	1	1	4.47	2	0
prison	94	1	1	0	4.68	1	0
prisoner	42	NA	1	0	4.11	0	0
privacy	44	NA	1	0	1.50	0	0
private	80	0	1	0	2.72	0	0
privatization	3	NA	1	0	1.62	0	0
privilege	3	NA	1	0	1.93	0	0
prize	24	NA	1	1	4.45	0	0
pro	25	NA	0	0	2.66	0	0
probability	10	NA	1	0	1.65	0	0
probable	5	NA	1	0	1.48	0	0
probably	163	0	1	0	1.73	0	0
probation	10	0	1	0	2.48	0	0
probe	1	NA	1	0	3.62	0	0
problem	422	0	1	0	2.68	0	4
problematic	8	NA	1	0	2.11	0	0
procedural	1	NA	1	0	2.26	0	0
procedure	15	NA	1	0	2.67	0	1
proceed	20	NA	1	0	2.55	0	0
proceeding	3	NA	1	0	2.45	0	0
proceedings	10	NA	1	1	2.89	0	0
proceeds	14	NA	1	0	2.59	0	0
process	471	0	1	0	2.93	0	49
processing	16	NA	1	0	2.03	0	1
proclaim	2	NA	1	0	2.36	0	0
procure	1	NA	1	0	2.23	0	0
prodigious	1	NA	1	0		0	0
produce	654	NA	1	0	3.31	1	2
producer	46	NA	1	0	3.00	1	2
product	226	NA	1	0	4.17	0	5
production	156	1	1	0	2.59	2	6
productive	10	NA	1	0	2.64	0	0
productivity	25	2	1	0	2.31	2	0
profession	2	NA	1	0	2.83	0	0
professional	31	NA	1	0	2.14	0	0
professionalism	1	NA	1	0	1.93	0	0
professor	49	NA	1	1	4.86	0	1
proficiency	1	NA	1	0	1.96	0	0
profile	28	NA	1	0	3.10	0	0
profiling	2	NA	1	0		0	0
profit	23	NA	1	0	3.07	0	0
profitability	2	NA	1	0	1.86	0	0
profitable	10	NA	1	0	2.36	0	0
profits	21	NA	1	0		0	0
profound	7	NA	1	0	1.58	0	0
profoundly	1	NA	1	0	1.71	0	0
profuse	2	NA	1	0		0	0
profusely	1	NA	1	0	1.68	0	0
progamme	2	NA	1	0		0	0
progenitor	2	NA	1	0		0	0
progeny	5	NA	1	0	2.93	0	0
progesterone	22	1	1	0		1	0
proglottid	1	NA	1	0		0	0
proglottids	2	1	1	0		2	0
prognosis	1	NA	1	0	2.17	0	0
program	81	NA	1	0	3.43	0	0
programme	95	NA	1	0		0	0
programming	1	NA	1	0	2.97	0	0
progress	50	NA	1	0	2.12	0	0
progression	7	NA	1	0	2.15	0	0
progressive	3	NA	1	0	1.50	0	0
progressively	3	NA	1	0	1.72	0	0
progymnosperm	1	NA	1	0		0	0
prohibit	6	NA	1	0	1.93	0	0
prohibition	1	NA	1	0	2.52	0	0
prohibitive	1	NA	1	0	2.03	0	0
project	190	1	1	0	3.62	3	1
projectile	1	NA	1	0	4.38	0	0
projection	14	NA	1	0	3.16	0	1
projector	3	NA	1	0	4.64	0	0
prokaryote	123	NA	1	0		2	2
prokaryotic	66	0	1	0		0	0
prolactin	3	NA	1	0		0	0
proliferate	6	NA	1	0	2.40	0	0
proliferation	7	NA	1	0	1.91	1	0
proliferative	1	NA	1	0		0	0
prolific	3	NA	1	0	2.46	0	0
prologue	1	NA	1	0	3.00	0	0
prolong	5	NA	1	0	2.04	0	0
prometaphase	14	2	1	0		1	0
prominence	2	NA	1	0	2.00	0	0
prominent	12	NA	1	0	1.87	0	0
prominently	1	NA	1	0	2.04	0	0
promise	44	0	1	0	2.09	0	0
promote	54	NA	1	0	2.26	0	0
promoter	11	NA	1	0	3.84	1	0
promotion	7	NA	1	0	3.21	0	0
promotional	2	NA	1	0	2.39	0	0
prompt	6	NA	1	0	2.25	0	1
prompting	6	NA	1	0		0	0
promptly	1	NA	1	0	2.07	0	0
prone	3	NA	1	0	2.81	0	0
pronounce	2	NA	1	0	2.63	0	0
pronouncement	1	NA	1	0	2.15	0	0
proof	12	NA	1	0	2.67	0	1
proofread	2	NA	1	0	3.42	0	0
prop	1	NA	1	0	4.46	0	0
propaganda	9	NA	1	0	2.48	0	0
propagate	8	NA	1	0	2.35	0	0
propel	3	NA	1	0	2.96	0	0
propeller	2	NA	1	0	4.90	0	0
propensity	1	NA	1	0	1.89	0	0
proper	32	NA	1	0	1.78	0	0
properly	19	NA	1	0	1.93	0	0
property	105	NA	1	0	3.90	0	1
prophase	21	2	1	0		1	0
proponent	3	NA	1	0	3.07	0	0
proportion	51	NA	1	0	2.57	0	1
proportional	2	NA	1	0	2.32	0	0
proportionate	1	NA	1	0	2.52	0	0
proportionately	1	NA	1	0	2.13	0	0
proposal	18	NA	1	0	2.75	0	0
propose	44	NA	1	0	2.19	0	0
proposition	1	NA	1	0	2.16	0	0
proprietor	2	NA	1	0	4.24	0	0
proprioception	1	NA	1	0		0	0
propst	3	NA	1	1		0	0
propulsion	2	NA	1	0	2.60	0	0
prosecution	7	NA	1	0	1.93	0	0
prosecutor	4	NA	1	0	4.24	0	0
prosimian	6	NA	1	0		1	0
prospect	12	NA	1	0	2.40	0	0
prospective	1	NA	1	0	1.93	0	0
prospector	2	NA	1	0	3.57	0	0
prosperity	3	NA	1	0	1.64	0	0
prostaglandin	1	NA	1	0		0	0
prostate	7	NA	1	0	4.21	0	0
prosthesis	1	NA	1	0	4.19	0	0
prostitution	5	NA	1	0	3.17	0	0
prostostomic	1	NA	1	0		0	0
protandry	1	NA	1	0		0	0
proteacea	1	NA	1	0		0	0
proteaceae	1	NA	1	0		0	0
protease	1	NA	1	0		0	0
protect	204	NA	1	0	2.86	0	0
protection	52	NA	1	0	2.50	0	0
protective	25	NA	1	0	2.54	0	0
protein	482	1	1	0	3.66	3	10
proteoglycans	1	NA	1	0		0	0
proteome	10	2	1	0		1	0
proteomic	4	NA	1	0		0	0
proteomics	7	1	1	1		1	0
proteoses	1	NA	1	0		0	0
protest	55	NA	1	0	3.21	0	0
protester	27	NA	1	0	3.96	0	0
protist	93	NA	1	0		0	0
protista	4	NA	1	1		0	0
proto	7	NA	1	0		0	0
protocol	9	NA	1	0	1.97	0	0
protogyny	1	NA	1	0		0	0
proton	42	1	1	0	3.00	2	2
protostome	2	NA	1	0		0	0
protostomes	8	NA	1	0		1	0
protostomic	1	NA	1	0		0	0
prototherian	1	NA	1	0		1	0
prototype	22	NA	1	0	3.69	0	0
protozoa	4	NA	1	0		0	0
protozoan	1	NA	1	0	3.62	0	0
protrude	9	NA	1	0	3.34	0	0
proud	27	0	1	0	2.07	0	0
proudly	5	NA	1	0	1.90	0	0
provatas	3	NA	1	1		0	0
prove	51	NA	1	0	1.83	0	0
provenance	2	NA	1	0		0	0
provence	2	NA	1	1		0	0
provide	318	NA	1	0	2.72	0	0
provider	14	NA	1	0	3.78	0	0
province	6	NA	1	1	3.10	1	0
provincial	1	NA	1	0	1.79	0	0
provision	2	NA	1	0	2.65	0	0
provisionally	2	NA	1	0	1.50	0	0
provisions	2	NA	1	0		0	0
provocative	1	NA	1	0	1.90	0	0
provoke	4	NA	1	0	2.39	0	0
prowess	1	NA	1	0	2.03	0	0
proximal	1	NA	1	0	2.44	0	0
proximate	1	NA	1	0	1.88	0	0
proximity	6	NA	1	0	2.93	0	0
prud	2	NA	1	1		0	0
prudent	1	NA	1	0	1.77	0	0
prudhomme	1	NA	1	0		0	0
przewalski's	1	NA	1	0		0	0
psa	1	NA	1	0		0	0
pseudobiceros	1	NA	1	0		0	0
pseudocoelom	2	NA	1	0		0	0
pseudocoelomate	2	NA	1	0		1	0
pseudocoelomates	8	NA	1	0		1	0
pseudocoelomic	1	NA	1	0		0	0
pseudofossils	1	NA	1	0		0	0
pseudomonas	2	NA	1	1		0	0
pseudopeptidoglycan	2	NA	1	0		1	0
pseudopodium	1	NA	1	0		0	0
psilophyte	1	NA	1	0		0	0
psv	3	NA	1	1		0	0
psyche	2	NA	1	0	1.34	0	0
psychiatry	2	NA	1	0	2.61	0	0
psychological	11	NA	1	0	2.22	0	0
psychologically	3	NA	1	0	1.74	0	0
psychologist	23	NA	1	0	4.33	0	2
psychology	25	NA	1	0	2.31	0	0
psychotherapist	2	NA	1	0	4.16	0	1
psychotherapy	1	NA	1	0	2.36	0	0
ptarmigan	2	NA	1	0		0	0
pterophyta	2	5	1	1		1	0
pterophytes	2	NA	1	0		0	1
pub	18	NA	1	0	4.71	0	1
puberty	2	NA	1	0	3.50	0	0
pubic	4	NA	1	0	4.07	0	0
pubis	2	NA	1	0		0	0
public	168	0	1	0	2.57	0	0
publication	19	NA	1	0	4.41	0	1
publicity	11	NA	1	0	2.74	0	0
publicize	8	NA	1	0	2.18	0	0
publicly	2	NA	1	0	2.38	0	0
publish	92	NA	1	0	3.26	0	0
publisher	15	NA	1	0	4.24	0	0
publishing	3	NA	1	0	2.86	0	0
puddle	1	NA	1	0	4.67	0	0
pudica	1	NA	1	0		0	0
puentes	4	NA	1	1		0	0
puffball	2	NA	1	0	4.37	0	0
puffing	1	NA	1	0	3.30	0	0
puget	1	NA	1	0		0	0
pull	46	0	1	0	3.97	0	0
pulling	11	NA	1	0		0	0
pullman	15	NA	1	1		0	0
pulmonary	9	NA	1	0	2.56	0	0
pulp	2	NA	1	0	4.30	0	0
pulse	4	NA	1	0	4.19	0	0
pumice	3	NA	1	0	3.85	0	0
pump	56	NA	1	0	4.31	0	0
punch	3	NA	1	0	4.39	0	0
punctuate	1	NA	1	0	3.00	0	0
puncture	2	NA	1	0	3.85	0	0
pundit	2	NA	1	0	2.76	0	0
pungent	1	NA	1	0	2.90	0	0
punish	1	NA	1	0	2.66	0	0
punishment	8	NA	1	0	2.46	0	0
punk	5	NA	1	1	3.10	0	0
punnet	1	NA	1	0		0	0
punnett	12	NA	1	1		0	0
pupil	27	NA	1	0	4.55	0	0
pur	1	NA	1	0		0	0
purchase	28	NA	1	0	2.96	0	0
purchaser	2	NA	1	0	3.24	0	0
pure	16	NA	1	0	1.87	0	0
purely	5	NA	1	0	1.68	0	0
purge	1	NA	1	0	2.88	0	0
purify	1	NA	1	0	2.35	0	0
purine	7	NA	1	0		0	0
purkinje	1	NA	1	0		0	0
purple	8	NA	1	0	4.04	0	0
purpose	31	NA	1	0	1.52	0	0
purposefully	4	NA	1	0	1.58	0	0
purpurea	2	NA	1	0		0	0
purse	3	NA	1	0	4.90	0	0
pursuant	1	NA	1	0	1.89	0	0
pursue	8	NA	1	0	2.83	0	0
pursued	2	NA	1	0		0	0
pursuit	6	NA	1	0	2.92	0	0
pus	1	NA	1	0	4.52	0	0
push	55	NA	1	0	4.21	0	1
pushing	10	NA	1	0	3.73	0	0
pussyfoot	2	NA	1	0	2.12	0	0
put	213	0	0	0	2.50	0	0
putin	2	NA	1	1		0	1
putting	44	NA	0	0		0	0
puzzle	9	NA	1	0	4.75	0	0
pygmy	1	NA	1	0	4.29	0	0
pyjama	3	NA	1	0		0	0
pyloric	3	NA	1	0		0	0
pyogenes	2	NA	1	0		0	0
pyramidal	2	NA	1	0	3.04	0	0
pyrimethamine	1	NA	1	0		0	0
pyrimidine	6	NA	1	0		0	0
pyroclastic	1	NA	1	0		0	0
pyrogen	4	NA	1	0		0	0
pyruvate	13	NA	1	0		1	0
pyruvic	4	NA	1	0		0	0
python	1	NA	1	0	4.96	0	0
qaida	3	NA	1	0		0	0
qatar	3	NA	1	1		0	0
qooq	3	NA	1	1		1	0
quackery	1	NA	1	0	1.88	0	0
quadrat	4	1	1	0		2	0
quadruple	1	NA	1	0	3.18	0	0
quake	2	1	1	1	3.64	1	0
quali	10	0	1	0		0	0
qualification	23	0	1	0	2.00	2	0
qualify	7	NA	1	0	1.93	0	0
qualitative	1	NA	1	0	2.04	0	0
quality	108	NA	1	0	2.18	0	0
qualm	1	NA	1	0	2.00	0	0
quantify	3	NA	1	0	1.76	0	0
quantitative	3	NA	1	0	1.92	0	0
quantity	18	NA	1	0	2.97	0	1
quantum	1	NA	1	0	1.90	0	0
quarry	2	NA	1	0	4.37	0	0
quart	1	NA	1	0	4.57	0	0
quarter	51	NA	1	0	4.43	0	0
quarterly	4	NA	1	0	2.29	0	0
quarters	7	NA	1	0	4.57	0	0
quartet	3	NA	1	0	4.39	0	0
quartz	1	NA	1	0	4.72	1	0
quash	1	NA	1	0		0	0
quaternary	4	NA	1	0		0	0
quay	1	NA	1	0		0	0
queen	31	1	1	1	4.45	1	0
queen's	1	NA	1	0		0	0
queens	1	NA	1	0		0	0
queensland	4	NA	1	1		0	0
quentin	3	NA	1	1		0	0
query	1	NA	1	0	2.89	0	0
quest	2	NA	1	0	2.87	0	0
question	146	0	1	0	3.36	0	0
questionable	3	NA	1	0	1.79	0	0
questioning	3	NA	1	0		0	0
questionnaire	11	NA	1	0	4.24	0	0
quetta	3	NA	1	1		0	0
queue	32	NA	1	0	2.86	0	0
quick	26	0	1	0	2.89	0	0
quickfire	1	NA	1	0		0	0
quickly	86	NA	1	0	2.36	0	0
quiescent	2	NA	1	0		0	0
quiet	25	0	1	0	2.76	0	0
quieten	2	NA	1	0		0	0
quietly	9	NA	1	0	3.00	0	0
quillwort	1	NA	1	0		0	0
quilt	1	NA	1	0	5.00	0	0
quinine	2	NA	1	0		0	0
quinn	9	NA	1	1		0	0
quinoa	5	NA	1	0		0	0
quirk	2	NA	1	0	2.25	0	0
quirky	4	NA	1	0	2.12	0	0
quit	18	0	1	0	2.56	0	0
quite	93	0	0	0	1.72	0	0
quo	2	NA	1	0		0	0
quota	3	NA	1	0	2.89	0	0
quote	9	NA	1	0	3.32	0	0
quotient	3	NA	1	0	2.71	0	0
rabat	3	NA	1	1		0	0
rabaul	1	NA	1	0		0	0
rabbit	5	NA	1	0	4.93	0	0
rabi	3	NA	1	1		0	0
rabid	1	NA	1	0	2.90	0	0
rabies	2	NA	1	0	3.83	0	0
race	47	NA	1	0	3.59	0	0
rachael	3	NA	1	1		0	0
rachel	4	NA	1	1		0	0
racial	8	NA	1	0	2.32	0	0
racing	3	NA	1	0	4.00	0	0
racism	1	NA	1	0	2.36	0	0
racist	2	NA	1	0	2.81	0	0
rack	3	NA	1	0	4.48	0	0
rad	3	NA	1	0		0	0
radar	3	NA	1	0	4.57	0	0
radial	12	NA	1	0	2.93	0	0
radiate	5	NA	1	0	2.93	0	0
radiation	44	3	1	0	3.43	1	0
radiative	1	NA	1	0		0	0
radiator	4	NA	1	0	4.78	0	0
radical	12	NA	1	0	2.10	0	0
radicle	2	NA	1	0		0	0
radio	28	0	1	0	4.74	0	0
radioactive	16	NA	1	0	3.14	0	0
radiography	3	NA	1	0	3.85	0	0
radiohead	2	NA	1	1		0	0
radioheads	1	NA	1	0		0	0
radioimmunoassay	1	NA	1	0		0	0
radioisotope	2	NA	1	0		0	0
radiolabeled	1	NA	1	0		0	0
radiologist	2	NA	1	0	4.52	0	0
radiomagnetic	3	NA	1	0		0	0
radiometric	1	NA	1	0	2.43	0	0
radiotherapy	6	NA	1	0	3.04	0	0
radiowaves	1	NA	1	0		0	0
radler	3	NA	1	1		0	0
radula	8	NA	1	0		1	0
rafael	3	NA	1	1		0	0
raft	1	NA	1	0	5.00	0	0
rag	1	NA	1	0	4.67	0	0
rage	1	NA	1	0	3.13	0	0
raid	3	NA	1	0	2.88	0	0
rail	4	NA	1	0	4.90	0	0
rails	1	NA	1	0		0	0
rain	52	1	1	0	4.97	2	0
rainbow	19	NA	1	0	4.57	1	0
raindrop	4	0	1	0	4.89	0	0
rainfall	43	NA	1	0	4.93	0	0
rainforest	42	NA	1	0	4.63	2	1
rainwater	19	NA	1	0	4.64	0	0
rainy	1	NA	1	0	4.32	0	0
raise	69	NA	1	0	3.80	0	0
raising	22	NA	1	0	3.00	0	0
raison	2	NA	1	0		0	0
rajagopalan	4	NA	1	1		1	0
ral	1	NA	1	0		0	0
raleigh	5	NA	1	1		0	0
rally	28	NA	1	0	3.34	0	0
ralph	6	NA	1	1		0	0
ramadan	21	NA	1	1	2.79	0	0
ramapo	1	NA	1	0		0	0
ramirez	3	NA	1	1		0	0
rampant	3	NA	1	0	2.25	0	0
rana	7	NA	1	1		0	0
rancho	6	NA	1	1		0	0
rancid	1	NA	1	0	2.97	0	0
random	30	NA	1	0	2.00	0	0
randomly	5	NA	1	0	1.90	0	0
randomness	2	NA	1	0	1.63	0	0
randy	1	NA	1	0	2.48	0	0
range	146	NA	1	0	3.22	1	1
rank	22	NA	1	0	2.86	0	0
ranking	24	NA	1	0	2.43	0	0
ranvier	1	NA	1	0		0	0
raonic	2	NA	1	1		0	0
raonics	1	NA	1	0		0	0
rape	6	NA	1	0	3.61	0	0
rapeseed	1	NA	1	0		0	0
rapid	49	NA	1	0	3.07	0	0
rapidly	57	NA	1	0	2.50	0	0
raratonga	3	NA	1	1		0	0
rare	55	NA	1	0	1.96	0	0
rarefaction	3	1	1	0		1	0
rarely	13	NA	1	0	1.64	0	0
rarity	1	NA	1	0	2.24	0	0
rash	1	NA	1	0	4.62	0	0
rashid	1	NA	1	0		0	0
raskauskas	6	NA	1	1		0	0
rasp	1	NA	1	0	3.17	0	0
raspberry	1	NA	1	0	4.93	0	0
rat	54	NA	1	0	4.85	0	1
rata	2	NA	1	0		0	0
ratchet	1	NA	1	0	4.64	0	0
rate	145	1	1	0	2.50	2	1
rates	78	0	1	0		0	1
rather	155	0	0	0	1.48	0	0
rati	1	NA	1	0		0	0
ratify	3	NA	1	0	2.47	0	0
rating	3	NA	1	0	2.26	0	0
ratio	30	NA	1	0	2.55	0	0
rational	1	NA	1	0	1.62	0	0
rationale	2	NA	1	0	2.13	0	0
rattan	1	NA	1	0		0	0
rattlesnake	1	NA	1	0	5.00	0	0
ravage	1	NA	1	0	2.29	0	0
ravaging	1	NA	1	0		0	0
ravish	1	NA	1	0	2.63	0	0
raw	16	NA	1	0	3.35	0	0
ray	30	0	1	0	3.57	1	0
raymond	7	NA	1	1		0	0
razor	3	NA	1	0	4.90	0	0
rde	4	NA	1	1		0	0
reabsorb	6	NA	1	0	2.42	0	0
reabsorption	2	NA	1	0		0	0
reacceded	1	NA	1	0		0	0
reach	135	NA	1	0	3.70	0	1
reaching	32	NA	1	0	3.50	0	0
react	24	NA	1	0	2.55	0	0
reactant	16	NA	1	0	2.65	0	0
reaction	236	2	1	0	2.41	3	7
reactivate	1	NA	1	0	2.48	0	0
reactivation	3	NA	1	0	2.08	0	0
reactive	2	NA	1	0	2.43	0	0
read	82	0	1	0	3.56	0	0
readability	1	NA	1	0	2.96	0	0
readapt	1	NA	1	0		0	0
reader	7	NA	1	0	3.89	0	0
readily	19	NA	1	0	1.88	0	0
reading	35	NA	1	0	3.71	0	0
ready	37	0	1	0	2.07	0	0
reagan	6	NA	1	1		0	0
real	161	0	1	0	2.50	0	0
realistic	8	NA	1	0	2.07	0	0
realistically	1	NA	1	0	1.70	0	0
reality	59	NA	1	0	1.72	0	0
realize	55	0	1	0	2.03	0	0
really	246	0	0	0	1.44	0	0
realm	11	NA	1	0	2.96	0	1
realsense	6	0	1	1		0	0
realworld	1	NA	1	0		0	0
ream	1	NA	1	0	3.44	0	0
reap	2	NA	1	0	3.14	0	0
reaper	3	NA	1	1	3.57	0	0
reappear	11	NA	1	0	3.19	0	0
reappearance	4	NA	1	0	2.55	0	0
rear	2	NA	1	0	3.59	0	0
rearrange	6	NA	1	0	3.26	0	0
rearrangement	5	NA	1	0	3.28	0	0
reason	168	0	1	0	1.93	0	1
reasonable	8	NA	1	0	1.78	0	0
reasoning	17	1	1	0	1.39	1	0
reassign	1	NA	1	0	2.38	0	0
reassure	3	NA	1	0	2.29	0	0
reatively	1	NA	1	0		0	0
reattaches	4	NA	1	0		0	0
reauthorized	2	NA	1	0		0	0
rebadged	1	NA	1	0		0	0
rebalance	1	NA	1	0	2.79	0	0
rebate	2	NA	1	0	3.21	0	0
rebecca	1	NA	1	0		0	0
rebecka	3	NA	1	1		0	0
rebel	17	NA	1	0	3.07	0	0
rebellion	2	NA	1	0	2.93	0	0
rebellious	2	NA	1	0	2.30	0	0
rebranding	3	NA	1	0		0	0
rebuild	12	NA	1	0	3.50	0	0
rebuilding	3	NA	1	0		0	0
rebuttal	1	NA	1	0	2.93	0	0
recall	28	NA	1	0	2.14	0	1
recapture	4	NA	1	0	3.07	1	0
receipts	5	NA	1	0	4.52	0	0
receive	143	NA	1	0	2.69	0	0
recent	147	0	1	0	2.50	0	0
recently	132	NA	1	0	1.89	0	0
receptacle	1	NA	1	0	4.58	0	0
reception	7	NA	1	0	2.93	0	0
receptionist	3	NA	1	0	4.36	0	0
receptor	59	5	1	0	4.04	1	2
recess	1	NA	1	0	3.07	0	0
recession	6	NA	1	0	2.42	0	0
recessive	48	NA	1	0	2.04	0	0
recessiveness	3	NA	1	0		0	0
recharge	5	NA	1	0	3.14	0	0
rechargeable	1	NA	1	0	3.03	0	0
recipe	10	NA	1	0	4.43	0	0
recipient	3	NA	1	0	3.86	0	0
reciprocal	9	NA	1	0	2.46	0	0
reciprocally	2	NA	1	0	2.00	0	0
reciprocate	2	NA	1	0	2.15	0	0
reciprocity	1	NA	1	0	2.34	0	0
recital	2	NA	1	0	3.86	0	0
reckon	2	NA	1	0	1.74	0	0
reckoning	1	NA	1	0	1.86	0	0
reclaim	1	NA	1	0	1.76	0	0
recognition	36	NA	1	0	2.39	1	0
recognizable	5	NA	1	0	2.16	0	0
recognize	84	NA	1	0	2.07	0	1
recolonization	1	NA	1	0		0	0
recombinant	19	NA	1	0		1	0
recombination	21	0	1	0	2.12	2	0
recombine	4	NA	1	0	2.76	0	0
recommend	31	NA	1	0	1.74	0	0
recommendation	4	NA	1	0	2.87	0	0
reconcile	6	NA	1	0	1.79	0	0
reconciliation	9	NA	1	0	2.19	0	0
reconnaissance	1	NA	1	0	2.04	0	0
reconnect	3	NA	1	0	2.48	0	0
reconnected	1	NA	1	0		0	0
reconnecting	2	NA	1	0		0	0
reconsider	1	NA	1	0	1.97	0	0
reconstitute	1	NA	1	0	2.83	0	0
reconstruct	7	NA	1	0	3.20	0	0
reconstruction	4	NA	1	0	3.17	0	0
reconstructive	2	NA	1	0	2.37	0	0
record	185	0	1	0	4.15	0	0
recorder	2	NA	1	0	4.43	0	0
recording	21	NA	1	0	3.68	0	0
recover	30	NA	1	0	2.64	0	0
recovery	8	NA	1	0	2.68	0	0
recreate	1	NA	1	0	2.41	0	0
recreation	2	NA	1	0	2.82	0	0
recreational	4	NA	1	0	2.85	0	0
recruit	13	NA	1	0	3.48	0	0
recruitment	2	NA	1	0	2.48	0	0
rectangle	3	NA	1	0	4.76	0	0
rectify	1	NA	1	0	2.08	0	0
rectum	6	1	1	0	4.92	1	0
recur	1	NA	1	0	2.50	0	0
recurrence	1	NA	1	0	2.00	0	0
recycle	28	NA	1	0	2.97	0	0
recycling	15	NA	1	0	3.25	0	1
red	122	0	1	0	4.24	0	0
reddish	1	NA	1	0	3.42	0	0
reddit	2	NA	1	1		0	0
rede	1	NA	1	0		0	0
redecorate	3	NA	1	0	3.55	0	0
redefine	1	NA	1	0	1.50	0	0
redemption	1	NA	1	0	1.88	0	0
redirect	1	NA	1	0	1.88	0	0
rediscover	3	NA	1	0	1.79	0	0
redisplayed	1	NA	1	0		0	0
redistribution	2	NA	1	0	2.20	0	0
redmond	24	NA	1	1		0	0
redness	2	NA	1	0	4.14	0	1
redraw	2	NA	1	0	3.56	0	0
reduce	232	NA	1	0	2.00	0	0
reducing	49	NA	1	0	2.50	0	0
reductase	2	NA	1	0		1	0
reduction	43	NA	1	0	2.75	1	1
reductive	1	NA	1	0	1.84	0	0
redundancy	1	NA	1	0	2.39	0	0
redundant	2	NA	1	0	2.00	0	0
redzepi	6	NA	1	1		0	0
reed	2	NA	1	1	4.70	0	0
reedijk	3	NA	1	1		0	0
reef	42	NA	1	0	4.70	2	0
reencounter	1	NA	1	0		0	0
reenters	1	NA	1	0		0	0
reeve	1	NA	1	0		0	0
reexposure	3	NA	1	0		0	0
ref	1	NA	1	0	3.93	0	0
refer	108	NA	1	0	2.41	0	0
referee	39	NA	1	0	4.43	0	0
reference	10	NA	1	0	2.38	0	0
referendum	18	1	1	0	2.97	1	0
refill	5	NA	1	0	3.40	0	0
refillable	2	NA	1	0	3.41	0	0
refine	5	NA	1	0	2.43	0	0
refinery	2	NA	1	0	4.59	0	0
reflect	58	NA	1	0	2.81	0	0
reflectance	1	NA	1	0		0	0
reflection	6	NA	1	0	3.29	0	0
reflective	1	NA	1	0	2.97	0	0
reflectivity	1	NA	1	0	2.52	0	0
reflex	14	1	1	0	3.10	2	1
reflux	1	NA	1	0	2.80	0	0
refocus	3	NA	1	0	2.35	0	0
reform	40	NA	1	0	2.00	0	0
reformation	1	NA	1	0	2.07	0	0
reformist	2	NA	1	0	2.62	0	0
refrain	2	NA	1	0	2.61	0	0
refreezing	1	NA	1	0		0	0
refresh	1	NA	1	0	2.63	0	0
refrigerator	8	NA	1	0	5.00	0	0
refuge	10	NA	1	0	3.37	0	0
refugee	14	NA	1	0	3.97	0	0
refund	6	NA	1	0	3.38	0	0
refurbish	2	NA	1	0	2.74	0	0
refurnish	1	NA	1	0	2.81	0	0
refusal	2	NA	1	0	2.81	0	0
refuse	29	NA	1	0	3.04	0	1
refute	1	NA	1	0	2.21	0	0
regain	2	NA	1	0	1.79	0	0
regal	3	NA	1	1	2.18	0	0
regalado	2	NA	1	1		0	0
regard	20	NA	0	0	1.79	0	0
regarde	3	NA	1	0		0	0
regardless	11	NA	1	0	1.52	0	0
regassa	3	NA	1	0		0	0
regenerate	25	NA	1	0	2.63	0	0
regeneration	10	NA	1	0	2.92	0	0
regenerative	2	NA	1	0	2.75	0	0
regime	19	NA	1	0	2.86	0	0
regimen	2	NA	1	0	2.74	0	0
reginald	1	NA	1	0		0	0
regio	3	1	1	1		1	0
region	229	NA	1	0	3.19	1	9
regional	18	NA	1	0	2.76	0	0
register	29	NA	1	0	3.87	0	0
registration	2	NA	1	0	3.68	0	0
registry	13	NA	1	0	3.50	0	0
regret	5	NA	1	0	1.80	0	0
regroup	1	NA	1	0	2.41	0	0
regrow	5	NA	1	0		0	0
regrowth	4	NA	1	0		0	0
regular	37	NA	1	0	2.40	0	0
regularly	20	NA	1	0	1.80	0	0
regulate	88	0	1	0	2.03	0	0
regulating	9	NA	1	0		0	0
regulation	67	1	1	0	2.00	2	0
regulator	11	NA	1	0	3.43	0	1
regulatory	20	NA	1	0	1.97	0	0
rehabilitate	2	NA	1	0	1.76	0	0
rehabilitation	9	NA	1	0	1.81	1	0
rehearsal	1	1	1	0	3.20	2	0
rehouse	2	NA	1	0		0	0
rehydrate	1	NA	1	0	3.54	0	0
reid	6	NA	1	1		0	0
reign	1	NA	1	0	2.37	0	0
reimagined	1	NA	1	0		0	0
reimburse	2	NA	1	0	2.63	0	0
reimbursement	4	NA	1	0	2.85	0	0
rein	1	NA	1	0		0	0
reindeer	7	NA	1	0	4.70	0	0
reinfect	1	NA	1	0		0	0
reinfection	4	NA	1	0		0	0
reinforce	4	NA	1	0	2.32	0	0
reinforcement	1	NA	1	0	2.86	0	0
reinhardt	3	NA	1	1		0	0
reinsertion	2	NA	1	0	2.71	0	0
reintegrate	1	NA	1	0	2.21	0	0
reinterpret	2	NA	1	0	2.66	0	0
reintroduce	11	NA	1	0	2.48	0	0
reintroduction	7	NA	1	0	2.03	0	0
reinvasion	1	NA	1	0		0	0
reinvent	4	NA	1	0	2.54	0	0
reinvigorate	6	NA	1	0	1.57	0	0
reisenauer	1	NA	1	0		0	0
reiss	3	NA	1	0		0	0
reject	49	NA	1	0	2.40	0	0
rejection	3	NA	1	0	2.25	0	0
rejoin	3	NA	1	0	2.54	0	0
rekindle	2	NA	1	0	2.36	0	0
relapse	1	NA	1	0	2.21	0	0
relate	139	NA	1	0	2.00	0	0
relatedness	3	NA	1	0	2.03	0	0
relation	3	1	1	0	2.11	1	0
relations	8	NA	1	0		0	0
relationship	185	3	1	0	2.80	2	6
relative	61	NA	1	0	2.97	1	1
relatively	59	NA	1	0	1.45	0	0
relativity	3	NA	1	0	1.70	0	0
relax	29	0	1	0	2.86	0	0
relaxation	10	NA	1	0	3.04	0	0
relay	10	NA	1	0	3.48	0	0
relearn	1	NA	1	0	2.36	0	0
release	322	NA	1	0	3.24	2	5
relegation	1	NA	1	0		0	0
relentless	2	NA	1	0	1.93	0	0
relevant	15	NA	1	0	1.72	0	0
reliability	3	NA	1	0	1.83	0	0
reliable	18	NA	1	0	1.86	0	0
reliably	2	NA	1	0	1.77	0	0
reliance	3	NA	1	0	2.20	0	0
reliant	7	NA	1	0	1.83	0	0
relief	16	NA	1	0	2.45	0	0
relieve	1	NA	1	0	2.47	0	0
reliever	1	NA	1	0	2.63	0	0
religion	14	NA	1	0	1.71	0	1
religious	30	NA	1	0	2.50	0	0
relinquish	1	NA	1	0	3.03	0	0
relish	1	NA	1	0	3.30	0	0
relocate	2	NA	1	0	2.76	0	0
reluctant	5	NA	1	0	1.76	0	0
rely	57	NA	1	0	1.93	0	0
remain	116	NA	1	0	1.96	0	0
remainder	3	NA	1	0	3.11	0	0
remains	69	NA	1	0	3.46	0	0
remark	7	NA	1	0	3.25	0	0
remarkable	17	NA	1	0	1.89	0	0
remarkably	5	NA	1	0	1.63	0	0
remedy	3	NA	1	0	2.96	0	0
remember	56	0	1	0	2.41	0	0
remind	26	NA	1	0	2.19	0	0
reminder	3	NA	1	0	2.41	0	0
reminiscent	2	NA	1	0	1.68	0	0
remix	5	NA	1	0	2.96	0	0
remnant	3	NA	1	0	2.89	0	0
remorse	2	NA	1	0	2.00	0	0
remortgaged	1	NA	1	0		0	0
remote	19	NA	1	0	3.44	0	0
removal	15	NA	1	0	3.00	0	0
remove	155	NA	1	0	3.14	0	2
remuneration	1	NA	1	0		0	0
ren	6	NA	1	1		0	0
renaissance	4	NA	1	1	2.30	0	0
renal	8	NA	1	0		0	0
rename	2	NA	1	0	2.59	0	0
renault	3	NA	1	1		0	0
render	5	NA	1	0	2.14	0	0
rendering	3	NA	1	0	2.47	0	0
rendition	1	NA	1	0	2.42	0	0
rene	2	NA	1	1		0	0
renew	8	NA	1	0	2.07	0	0
renewable	30	NA	1	0	2.26	0	0
renewal	7	NA	1	0	2.29	0	0
renovation	2	NA	1	0	3.07	0	0
renowned	3	NA	1	0	1.41	0	0
rent	57	NA	1	0	3.48	0	0
rental	2	NA	1	0	2.65	0	0
renting	6	NA	1	0		0	0
rentokil	3	NA	1	1		0	0
rentrak	1	NA	1	0		0	0
renzi	2	NA	1	1		0	0
reoffend	3	NA	1	0		0	0
reoffending	13	NA	1	0		0	0
reopen	9	NA	1	0	2.84	0	0
reorganize	3	NA	1	0	2.74	0	0
reorient	1	NA	1	0	2.36	0	0
reoxidized	1	NA	1	0		0	0
reoxygenation	1	NA	1	0		0	0
repackaged	1	NA	1	0		0	0
repair	45	NA	1	0	3.32	1	1
repay	3	NA	1	0	2.52	0	0
repeat	35	NA	1	0	2.90	0	0
repeatedly	3	NA	1	0	2.48	0	0
repeating	5	NA	1	0		0	0
repel	7	NA	1	0	3.00	0	0
repertoire	1	NA	1	0	2.41	0	0
repetition	5	NA	1	0	3.17	0	0
repetitive	2	NA	1	0	2.74	0	0
replace	80	NA	1	0	3.00	0	0
replacement	12	NA	1	0	3.47	0	0
replacing	16	NA	1	0		0	0
replant	1	NA	1	0	3.15	0	0
replay	3	NA	1	0	3.04	0	0
replenish	7	NA	1	0	2.18	0	0
replica	1	NA	1	0	3.86	0	0
replicability	1	NA	1	0		0	0
replicate	38	NA	1	0	3.33	0	0
replication	88	1	1	0	3.00	3	0
replicative	1	NA	1	0		0	0
reply	16	NA	1	0	2.96	1	0
repolarizing	1	NA	1	0		0	0
repopulate	1	NA	1	0	2.24	0	0
report	313	0	1	0	3.92	1	2
reportedly	8	NA	1	0	1.74	0	0
reporter	20	NA	1	0	4.63	0	0
reporting	7	NA	1	0		0	0
reposition	1	NA	1	0	3.21	0	0
repository	1	NA	1	0	3.66	0	0
repr	1	NA	1	0		0	0
represent	96	NA	1	0	2.12	0	0
representation	8	NA	1	0	2.19	0	2
representative	26	NA	1	0	3.39	0	0
repressor	2	NA	1	0	2.80	0	0
reprint	1	NA	1	0	3.71	0	0
reprisal	2	NA	1	0	2.16	0	0
reprise	1	NA	1	0	2.37	0	0
reprocess	1	NA	1	0	2.64	0	0
reproduce	70	NA	1	0	3.48	0	1
reproducer	2	NA	1	0	2.78	0	0
reproducible	1	NA	1	0	2.00	0	0
reproduction	121	1	1	0	2.92	5	4
reproductive	101	0	1	0	2.63	0	0
reproductively	1	NA	1	0	2.27	0	0
reptile	42	1	1	0	4.47	1	1
reptilia	3	NA	1	1		0	0
reptilian	3	NA	1	0	3.46	0	0
republic	14	NA	1	1	2.81	0	0
republican	44	NA	1	1	2.79	0	1
repugnant	1	NA	1	0	1.62	0	0
repulsion	1	NA	1	0	2.10	0	0
reputation	41	NA	1	0	1.64	0	0
reputedly	1	NA	1	0	1.56	0	0
request	36	NA	1	0	2.59	0	0
require	191	NA	1	0	2.07	0	0
requirement	19	NA	1	0	2.52	0	3
requisite	1	NA	1	0	1.66	0	0
rer	13	NA	1	1		0	0
rerun	2	NA	1	0	2.96	0	0
res	6	NA	1	0		0	0
resale	1	NA	1	0	2.26	0	0
rescue	25	NA	1	0	3.17	0	0
rescuer	3	NA	1	0	3.93	0	0
reseal	1	NA	1	0	3.62	0	0
research	259	NA	1	0	3.03	1	1
researcher	197	NA	1	0	3.81	0	3
resemblance	3	NA	1	0	2.07	0	0
resemble	21	NA	1	0	2.19	0	0
resent	2	NA	1	0	2.41	0	0
resentment	1	NA	1	0	1.78	0	0
reservation	6	NA	1	0	3.14	0	0
reserve	15	NA	1	0	2.29	0	0
reserves	17	0	1	0		0	0
reservoir	17	1	1	0	4.75	1	2
reset	9	NA	1	0	3.00	0	0
reshape	3	NA	1	0	2.47	0	0
reshuffle	1	NA	1	0	3.73	0	0
reside	13	NA	1	0	3.19	0	0
residence	6	NA	1	0	4.34	0	0
residency	2	NA	1	0	3.04	0	0
resident	46	NA	1	0	4.03	0	0
residential	5	NA	1	0	2.62	0	0
residual	2	NA	1	0	2.43	0	0
residue	7	NA	1	0	3.78	0	0
resign	17	NA	1	0	2.25	0	0
resignation	5	NA	1	0	2.93	0	0
resilience	9	1	1	0	2.26	1	0
resilient	3	NA	1	0	2.21	0	0
resin	1	NA	1	0	4.08	0	0
resist	10	NA	1	0	2.78	0	1
resistance	67	0	1	0	2.68	1	0
resistant	59	0	1	0	1.83	0	0
resolutely	1	NA	1	0	1.57	0	0
resolution	13	NA	1	0	2.37	0	0
resolve	7	NA	1	0	1.96	0	0
resolving	4	NA	1	0		0	0
resonance	3	NA	1	0	2.23	0	0
resonate	2	NA	1	0	2.00	0	0
resort	20	NA	1	0	4.30	0	0
resource	154	NA	1	0	2.55	0	4
resourceful	1	NA	1	0	2.00	0	0
resourcefulness	4	NA	1	0	1.55	0	0
respect	41	0	1	0	2.04	0	0
respectful	6	NA	1	0	2.19	0	0
respective	5	NA	1	0	1.79	0	0
respectively	19	NA	1	0	1.64	0	0
respects	7	NA	1	0		0	0
respiration	81	1	1	0	3.89	7	2
respirationit	1	NA	1	0		0	0
respirator	1	NA	1	0	4.56	0	0
respiratory	29	NA	1	0	3.25	0	0
respire	2	NA	1	0		0	0
respite	1	NA	1	0	1.77	0	0
respond	61	NA	1	0	2.64	0	1
respondent	5	NA	1	0	3.36	0	0
response	221	NA	1	0	3.00	5	7
responsibility	26	NA	1	0	1.40	0	0
responsible	68	NA	1	0	1.69	0	0
responsiveness	2	NA	1	0	2.00	0	0
rest	121	0	1	0	3.03	0	0
restart	2	NA	1	0	2.92	0	0
restaurant	136	NA	1	0	4.89	1	0
restful	2	NA	1	0	2.04	0	0
restock	2	NA	1	0	3.75	0	0
restoration	19	0	1	0	2.65	0	0
restorative	2	NA	1	0	2.00	0	0
restore	33	NA	1	0	2.79	0	0
restraint	3	NA	1	0	3.32	0	0
restrict	27	NA	1	0	2.21	0	0
restriction	19	NA	1	0	2.25	0	0
restructure	1	NA	1	0	1.80	0	0
result	489	NA	1	0	2.85	0	4
resume	3	NA	1	0	4.00	0	0
resurface	1	NA	1	0	3.29	0	0
resurrect	1	NA	1	0	2.64	0	0
retail	4	NA	1	0	2.92	0	0
retailer	41	NA	1	0	4.03	0	0
retain	26	NA	1	0	2.32	0	0
retake	3	NA	1	0	2.57	0	0
retell	2	NA	1	0	1.96	0	0
retention	2	NA	1	0	2.33	0	0
rethink	2	NA	1	0	2.17	0	0
reticulum	19	NA	1	0		0	1
retina	1	NA	1	0	4.46	0	0
retinoblastoma	1	NA	1	0		0	0
retire	31	NA	1	0	3.11	0	0
retirement	7	NA	1	0	3.03	0	0
retract	2	NA	1	0	2.42	0	0
retractable	1	NA	1	0	3.10	0	0
retreat	8	NA	1	0	3.03	0	0
retrieve	6	NA	1	0	3.32	0	0
retro	3	NA	1	0	2.21	0	0
retroviral	1	NA	1	0		0	0
retrovirus	4	NA	1	0	2.60	0	1
return	128	0	1	0	2.97	0	0
reunion	3	NA	1	0	3.22	0	0
reunite	1	NA	1	0	2.86	0	0
reusable	11	NA	1	0	2.34	0	0
reuse	12	NA	1	0	3.83	0	0
reuters	1	NA	1	0		0	0
rev	2	NA	1	1		0	0
reveal	63	NA	1	0	2.79	0	0
revealing	5	NA	1	0	2.74	0	0
revegetation	1	NA	1	0		0	0
revelation	5	NA	1	0	2.21	0	0
reveller	1	NA	1	0		0	0
revenge	6	NA	1	1	1.54	0	0
revenue	33	NA	1	0	3.11	0	0
revere	3	NA	1	0	1.70	0	0
reversal	2	NA	1	0	2.63	0	1
reverse	37	NA	1	0	3.38	0	0
reversible	1	NA	1	0	3.14	0	0
revert	2	NA	1	0	2.00	0	0
review	33	NA	1	0	2.81	0	0
revise	4	NA	1	0	2.33	0	0
revitalize	1	NA	1	0	2.29	0	0
revival	8	NA	1	0	2.79	0	0
revive	4	NA	1	0	3.13	0	0
revolt	1	NA	1	0	3.03	0	0
revolution	43	1	1	0	2.87	1	0
revolutionary	10	NA	1	0	2.26	0	0
revolutionize	8	NA	1	0	1.85	0	0
revolve	6	NA	1	0	3.44	0	0
reward	28	NA	1	0	3.41	0	0
rewilding	3	NA	1	1		0	0
rewinds	1	NA	1	0		0	0
rewood	1	NA	1	0		0	0
rework	3	NA	1	0	2.48	0	0
rewound	1	NA	1	0	2.85	0	0
reykjavik	6	NA	1	1		0	0
rgen	3	NA	1	0		0	0
rhagoletis	1	NA	1	0		0	0
rhamnus	1	NA	1	0		0	0
rhesus	2	NA	1	0		0	0
rhetoric	3	NA	1	0	1.50	0	0
rheumatic	1	NA	1	0		0	0
rheumatoid	2	NA	1	0	2.91	0	0
rheumatologist	3	NA	1	0		0	0
rhinitis	2	NA	1	0		0	0
rhino	46	NA	1	0	4.90	0	1
rhinoceros	12	NA	1	0	4.75	0	0
rhinoplasty	1	NA	1	0		0	0
rhinovirus	1	NA	1	0		0	0
rhizaria	2	1	1	0		1	0
rhizo	1	NA	1	0		0	0
rhizobium	1	NA	1	0		0	0
rhizoid	2	NA	1	0		0	0
rhizome	2	NA	1	0		0	0
rhizopus	1	NA	1	0		0	0
rhodes	3	NA	1	1		0	0
rhyolite	1	NA	1	0		0	0
rhythm	17	NA	1	0	3.07	0	0
rhythmically	2	NA	1	0	2.41	0	0
ria	1	NA	1	0		0	0
rib	13	NA	1	0	4.90	0	0
ribavirin	1	NA	1	0		0	0
ribbon	1	NA	1	0	4.89	0	0
ribcage	4	NA	1	0	4.96	0	0
ribonucleic	5	0	1	0		0	0
ribose	7	NA	1	0		1	0
ribosomal	11	0	1	0		0	0
ribosome	52	1	1	0		2	0
ribozymes	1	NA	1	0		0	0
ribulose	1	NA	1	0		0	0
rica	3	NA	1	1		0	0
ricardo	3	NA	1	1		0	0
rice	18	NA	1	0	4.86	0	0
rich	169	0	1	0	2.79	1	0
richard	54	0	1	1		1	0
richards	2	NA	1	1		0	0
riches	3	NA	1	0	3.52	0	0
richie	1	NA	1	0		0	0
richness	7	3	1	0	2.04	2	0
rick	1	NA	1	0		0	0
rickshaw	2	NA	1	0	4.62	0	0
rid	21	NA	1	0	2.13	0	0
ride	16	0	1	0	3.75	0	0
rider	5	NA	1	0	4.07	0	0
ridge	11	NA	1	0	4.48	0	1
ridiculous	6	NA	1	0	1.79	0	0
riding	12	NA	1	0	4.14	0	0
rifl	3	NA	1	0		0	0
rifle	2	NA	1	0	4.85	0	0
rift	2	NA	1	1	3.40	0	0
right	225	0	1	0	3.47	0	0
rightful	2	NA	1	0	1.60	0	0
rightfully	1	NA	1	0	1.43	0	0
rigid	7	NA	1	0	3.46	0	0
rigidity	3	NA	1	0	2.38	0	0
rigorous	4	NA	1	0	2.57	0	0
rigorously	1	NA	1	0	2.14	0	0
rigshospitalet	2	NA	1	1		0	0
riken	6	NA	1	1		0	0
rikenium	3	NA	1	0		0	0
riley	15	NA	1	1		0	0
rim	1	NA	1	0	4.62	0	0
rimac	3	NA	1	1		0	0
rind	1	NA	1	0	4.48	0	0
ring	32	0	1	0	4.81	0	0
ringelmann	14	NA	1	1		0	0
ringleader	1	NA	1	0	3.47	0	0
rings	11	NA	1	0		0	0
ringworm	2	NA	1	1	4.50	0	0
rio	18	NA	1	1		0	0
rio's	1	NA	1	0		0	0
riot	14	NA	1	0	4.45	0	0
rioter	8	NA	1	0	4.04	1	0
rioting	1	NA	1	0	3.79	0	0
riparian	1	NA	1	0		0	0
ripen	2	NA	1	0	3.31	0	0
ripening	1	NA	1	0	3.11	0	0
riposte	1	NA	1	0		0	0
ripple	1	NA	1	0	3.85	0	0
rise	232	NA	1	0	4.04	1	1
riser	2	NA	1	0	4.03	0	1
rising	69	NA	1	0	3.53	0	0
risk	101	NA	1	0	1.63	0	0
risky	2	NA	1	0	1.31	0	0
ritual	2	NA	1	0	2.60	0	0
ritualize	2	NA	1	0	2.14	0	0
ritzy	1	NA	1	0	2.46	0	0
rival	44	NA	1	0	3.03	0	0
rivalry	1	NA	1	0	2.14	0	0
river	94	NA	1	0	4.89	1	1
riverside	1	NA	1	0	3.86	0	0
riveter	3	NA	1	1	4.17	0	1
rivonia	2	NA	1	1		0	0
rjukan	27	NA	1	1		0	0
rjukanfossen	3	NA	1	1		0	0
rjukans	4	NA	1	1		0	0
rlaug	2	NA	1	0		0	0
rmed	2	NA	1	0		0	0
rmer	2	NA	1	1		0	0
rmly	1	NA	1	0		0	0
rms	2	NA	1	0		0	0
rna	104	NA	1	1		1	0
rnarsdottir	1	NA	1	0		0	0
road	74	0	1	0	4.75	1	0
roadblock	1	NA	1	0	4.71	0	0
roadmap	1	NA	1	0	4.82	0	0
roads	46	NA	1	0		0	1
roadway	1	NA	1	0	4.67	0	0
roam	4	NA	1	0	2.85	0	0
roast	1	NA	1	0	4.40	0	0
rob	12	NA	1	1	3.48	0	0
robben	3	NA	1	1		0	0
robert	19	0	1	1		0	0
roberts	3	NA	1	1		0	0
robertson	4	NA	1	1		0	0
robin	19	NA	1	1	4.61	0	0
robot	5	NA	1	0	4.65	0	0
robotic	3	NA	1	0	3.33	0	0
roboticist	2	NA	1	0		0	0
robotics	3	NA	1	1	3.65	0	0
robust	10	NA	1	0	2.64	0	0
robustly	1	NA	1	0	2.31	0	0
roche	16	1	1	1		1	0
rochester	3	NA	1	1		0	0
rocinha	1	NA	1	0		0	0
rock	171	0	1	0	4.91	0	2
rockefeller	1	NA	1	0		0	0
rocket	10	NA	1	0	4.73	0	0
rockies	3	NA	1	1		0	0
rockwool	1	NA	1	0		0	0
rocky	5	NA	1	0	4.17	0	0
rococo	1	NA	1	0		0	0
rod	8	NA	1	0	4.43	0	0
rodent	3	NA	1	0	4.70	0	0
rodentia	1	NA	1	0		0	0
rodeo	3	NA	1	1	4.81	0	0
rodri	2	NA	1	0		0	0
roe	2	NA	1	0		0	0
roeg	1	NA	1	0		0	0
roegs	1	NA	1	0		0	0
rogan	1	NA	1	0		0	0
roger	18	NA	1	1	2.59	0	0
rogozin	1	NA	1	0		0	0
rogue	6	NA	1	1	2.32	0	0
role	135	NA	1	0	2.19	0	0
rolex	6	NA	1	1	4.79	0	0
rolihlahla	3	NA	1	1		0	0
roll	19	NA	1	0	4.16	0	0
roller	1	NA	1	0	4.66	0	0
rolling	7	NA	1	1	4.04	0	0
roman	5	NA	1	1	3.33	0	0
romantic	14	NA	1	0	1.93	0	0
romantically	3	NA	1	0	2.14	0	0
rome	12	1	1	1		1	1
romeo	4	NA	1	1		0	0
romeva	5	NA	1	1		0	0
romevas	1	NA	1	0		0	0
romney	8	NA	1	1		0	0
romp	1	NA	1	0	2.76	0	0
ron	4	NA	1	1		0	0
ronald	5	NA	1	1		0	0
ronique	2	NA	1	0		0	0
roof	28	NA	1	0	4.79	1	0
rooftop	2	NA	1	0	4.86	0	0
rookie	2	NA	1	0	2.83	0	0
room	63	0	1	0	4.79	0	0
roommate	4	NA	1	0	4.52	0	0
rooms	17	NA	1	0	4.57	0	0
roosegaarde	6	NA	1	1		0	0
roosevelt	2	1	1	1		1	0
root	29	NA	1	0	4.34	0	0
roots	52	0	1	0		0	0
rope	12	NA	1	0	4.93	0	0
roquefort	1	NA	1	0		0	0
rosalind	2	NA	1	1		0	0
rosalyn	1	NA	1	0		0	0
rosati	1	NA	1	0		0	0
rosemary	1	NA	1	0	4.68	0	0
rosenstein	1	NA	1	0		0	0
roseus	1	NA	1	0		1	0
rosie	3	NA	1	1		0	0
ross	4	NA	1	1		0	0
rosser	11	NA	1	1		0	0
roswell	4	NA	1	1		0	0
rosy	3	NA	1	0	3.41	0	0
rot	15	NA	1	0	3.96	1	0
rota	6	NA	1	0		0	0
rotary	1	NA	1	0	3.14	0	0
rotate	10	NA	1	0	3.45	0	0
rotation	5	NA	1	0	3.32	0	1
rotational	3	NA	1	0	2.36	0	0
rote	3	NA	1	0		0	0
rotenone	1	NA	1	0		1	0
rotifer	3	NA	1	0		0	0
rotor	3	NA	1	0	3.84	0	0
rotten	3	NA	1	0	3.87	0	0
rotting	6	NA	1	0	3.48	0	0
rouble	3	NA	1	0		0	0
rouge	3	NA	1	1	3.77	0	0
rough	9	NA	1	0	3.83	0	0
roughly	15	NA	1	0	2.57	0	0
round	73	NA	1	0	3.90	0	1
roundworm	5	NA	1	0	4.36	0	0
roush	1	NA	1	0		0	0
rousseff	3	NA	1	1		0	0
route	18	NA	1	0	3.88	0	0
routine	7	NA	1	0	2.70	0	0
routinely	6	NA	1	0	2.19	0	0
rover	7	NA	1	1	3.90	0	0
row	28	0	1	0	3.93	0	0
rowing	3	NA	1	0	3.60	0	0
roy	1	NA	1	0		0	0
royal	58	0	1	0	3.14	0	1
royale	3	NA	1	1		0	0
rrna	7	NA	1	0		0	0
rrnas	2	NA	1	0		0	0
rryy	4	NA	1	1		0	0
rspb	3	NA	1	1		0	0
rspca	6	NA	1	1		0	0
rst	65	NA	1	0		0	0
rstbottlesofwecandoitweresoldout	1	NA	1	0		0	0
rub	4	NA	1	0	4.33	0	0
rubber	15	NA	1	0	4.86	0	0
rubbing	5	NA	1	0	3.76	0	0
rubbish	45	NA	1	0	3.64	0	1
rubble	2	NA	1	0	4.56	0	0
rubella	2	NA	1	0		0	0
rubisco	4	0	1	1		0	0
rubp	9	NA	1	1		0	0
rude	2	NA	1	0	2.52	0	0
rudimentary	2	NA	1	0	1.72	0	0
rugby	6	NA	1	0	4.33	0	0
rui	3	NA	1	1		0	0
ruin	13	NA	1	0	2.59	0	0
ruining	1	NA	1	0		0	0
rule	86	NA	1	0	2.57	0	2
ruler	5	0	1	0	4.66	0	0
ruling	16	NA	1	0	2.32	0	0
rumble	5	NA	1	1	3.73	0	0
rumbling	3	NA	1	0	3.00	0	0
rumen	1	NA	1	0		0	0
rumfelt	1	NA	1	0		0	0
ruminant	2	NA	1	0		0	0
rumour	6	NA	1	0		0	0
run	123	0	1	0	4.31	1	0
runaway	2	NA	1	0	3.81	0	0
rundown	1	NA	1	0	2.30	0	0
runner	6	0	1	1	4.86	0	0
running	51	0	1	0	4.27	0	0
runny	2	NA	1	0	3.12	0	0
runoff	21	NA	1	0	3.89	1	0
runway	3	NA	1	0	4.60	0	0
rupture	5	NA	1	0	3.70	0	0
rural	21	NA	1	0	2.67	0	0
rush	14	NA	1	0	2.90	0	0
rushing	2	NA	1	0	2.90	0	0
russell	1	NA	1	0		0	0
russia	44	NA	1	1		0	0
russian	38	NA	1	1		0	0
rust	3	NA	1	0	4.52	0	0
rustic	3	NA	1	0	2.70	0	0
rusting	1	NA	1	0		0	0
rustling	2	NA	1	0	3.41	0	0
ruth	7	0	1	1		0	0
rutledge	1	NA	1	0		0	0
rwanda	16	NA	1	1		0	0
rwandan	7	NA	1	1		0	0
ryan	9	0	1	1		0	0
rye	4	NA	1	1	4.74	0	0
rylance	3	NA	1	1		0	1
sabaa	3	NA	1	1		0	0
sabah	2	NA	1	1		0	0
sabetti	1	NA	1	0		0	0
sabotage	3	NA	1	0	2.77	0	0
sac	35	NA	1	0		0	3
sacchar	1	NA	1	0		0	0
saccharomyces	3	NA	1	1		0	0
saclike	2	NA	1	0		0	0
sacral	1	NA	1	0		0	0
sacrifice	6	NA	1	0	2.80	0	0
sacrum	3	NA	1	0		0	0
sad	19	NA	1	0	3.07	0	0
sadden	1	NA	1	0	2.44	0	0
sadia	2	NA	1	1		0	0
sadly	6	NA	1	0	2.43	0	0
sadness	7	NA	1	0	1.82	0	0
safari	3	NA	1	0	4.14	0	0
safe	72	0	1	0	3.41	0	1
safeguard	7	NA	1	0	2.21	0	0
safely	14	NA	1	0	2.27	0	0
safety	58	0	1	0	2.37	0	0
saga	4	1	1	1	2.19	1	0
sagan	3	NA	1	1		0	0
sage	2	NA	1	1	4.54	0	0
sagem	3	NA	1	1		0	0
saginata	1	NA	1	0		0	0
saginaw	2	NA	1	1		0	0
saguaro	2	NA	1	1		0	0
sahar	1	NA	1	0		0	0
sahara	12	NA	1	1		0	0
saharan	9	NA	1	0		0	0
sahel	3	NA	1	1		0	0
saiff	1	NA	1	0		0	0
sail	4	NA	1	0	4.59	0	0
sailing	7	NA	1	0	4.17	0	0
sailor	9	NA	1	0	4.86	0	1
sainsbury	6	NA	1	1		0	0
sainsburys	3	NA	1	1		0	0
saint	8	NA	1	1	3.45	0	0
sajiv	3	NA	1	1		0	0
sake	4	NA	1	0	2.74	0	0
sala	2	NA	1	1		0	0
salad	5	NA	1	0	4.97	0	0
salamander	18	NA	1	0	4.70	1	0
salami	1	NA	1	0	4.78	0	0
salary	60	1	1	0	3.69	2	1
sale	60	NA	1	0	3.37	0	0
saleemul	3	NA	1	1		0	0
sales	85	3	1	0	2.86	1	0
salesman	3	NA	1	0	4.81	0	0
salguero	3	NA	1	1		1	0
salicaria	1	NA	1	0		0	0
salicylic	1	NA	1	0		0	0
saline	1	NA	1	0	4.48	0	0
salinity	4	1	1	0		1	0
saliva	15	0	1	0	4.89	0	0
salivary	8	0	1	0		0	0
salix	1	NA	1	0		0	0
salk	1	NA	1	0		0	0
sally	1	NA	1	0		0	0
salmon	17	NA	1	0	4.81	1	1
salmond	3	NA	1	1		0	0
salmonella	4	NA	1	1	3.72	0	0
salon	3	NA	1	0	4.73	0	0
saloon	2	NA	1	0	4.68	0	0
salt	42	NA	1	0	4.89	0	1
saltburn	4	NA	1	0		0	0
saltwater	2	NA	1	0	4.77	0	0
salty	2	NA	1	0	3.93	0	0
salute	4	NA	1	0	4.48	0	1
salvador	19	NA	1	1		0	0
salvage	1	NA	1	0	3.21	0	0
salyers	2	NA	1	0		0	0
sam	18	0	1	1		0	0
samantha	1	NA	1	0		0	0
samara	1	NA	1	0		0	0
samaritan	3	NA	1	1		0	0
same	531	0	0	0	2.64	0	0
sami	1	NA	1	0		0	0
samoa	6	NA	1	1		0	0
sample	39	NA	1	0	3.79	0	0
sampling	3	NA	1	0	2.74	0	0
samsung	3	NA	1	1		0	1
samuel	4	NA	1	0		1	0
san	33	NA	1	1		0	0
sana	1	NA	1	0		0	0
sanaa	1	NA	1	0		0	0
sanch	8	NA	1	1		0	0
sanchz	4	NA	1	1		0	0
sanctuary	11	NA	1	0	3.64	0	0
sand	21	NA	1	0	5.00	0	0
sandal	3	NA	1	0	4.68	0	0
sandberg	9	NA	1	1		0	0
sander	8	NA	1	1		1	0
sandercock	8	NA	1	1		0	0
sandhills	1	NA	1	0		0	0
sandra	3	NA	1	1		0	0
sands	8	1	1	1		1	0
sandwich	15	NA	1	0	4.90	0	0
sandy	6	NA	1	1	4.07	0	0
sane	10	NA	1	0	1.79	0	0
sanitary	1	NA	1	0	2.93	0	0
sanitation	4	NA	1	0	3.60	0	0
sanity	2	NA	1	0	1.85	0	0
santana	1	NA	1	0		0	0
santos	3	NA	1	1		0	0
sapiens	2	NA	1	0		0	0
saprobe	5	NA	1	0		1	0
saprobic	2	NA	1	0		0	0
saprophyte	1	NA	1	0		0	0
saprophytic	1	NA	1	0		0	0
sara	1	NA	1	0		0	0
sarah	7	NA	1	0		0	0
sarcolemma	3	1	1	0		2	0
sarcomere	8	3	1	0		3	1
sarcoplasm	1	6	1	0		1	0
sarcopterygii	2	NA	1	0		0	0
sardinia	7	NA	1	1		0	0
sardou	3	NA	1	1		0	0
sasha	3	NA	1	1		0	0
satanic	1	NA	1	0	2.36	0	0
satellite	18	NA	1	0	4.73	0	1
satiety	3	NA	1	0		0	0
satisfaction	22	NA	1	0	1.90	0	0
satisfactory	2	NA	1	0	1.80	0	0
satisfy	15	NA	1	0	2.04	0	0
sativum	1	NA	1	0		0	0
satnav	3	NA	1	0		0	0
satnavs	3	NA	1	0		0	0
saturate	16	NA	1	0	3.48	0	0
saturday	17	NA	1	1	3.07	0	0
satyanarayanan	1	NA	1	0		0	0
sauce	5	NA	1	0	4.75	0	0
saucepan	1	NA	1	0	4.67	0	0
saudi	12	NA	1	1		0	0
sauerkraut	4	NA	1	0	4.54	0	0
sauna	3	NA	1	0	4.68	0	0
sausage	1	NA	1	0	4.88	0	0
savage	4	NA	1	1	2.71	1	0
savanna	9	NA	1	0	4.32	1	0
save	88	0	1	0	2.42	0	0
saving	16	NA	1	0	2.36	0	0
savings	4	0	1	0	3.32	0	0
savour	1	NA	1	0		0	0
savvy	7	NA	1	0	2.03	0	0
sawfish	1	NA	1	0		0	0
sawgrass	1	NA	1	0		0	0
saxophone	1	NA	1	0	5.00	0	0
say	1318	0	0	0	2.58	0	0
sayani	5	NA	1	1		1	0
saying	60	0	0	0	2.58	0	0
scaffold	1	NA	1	0	4.69	0	0
scaffolding	2	NA	1	0	4.83	0	0
scale	62	NA	1	0	4.39	1	2
scallop	6	NA	1	0	4.61	0	0
scalp	1	NA	1	0	4.82	0	0
scalpel	1	NA	1	0	4.86	0	0
scaly	3	NA	1	0	4.22	0	0
scan	21	NA	1	0	3.48	0	0
scandal	19	NA	1	0	2.13	1	0
scandalous	1	NA	1	0	1.89	0	0
scandinavia	1	NA	1	0		0	0
scandinavian	6	0	1	1		0	0
scanner	5	NA	1	0	4.79	0	0
scanning	13	NA	1	0	3.10	0	0
scaphopoda	2	NA	1	1		0	0
scapula	2	1	1	0	4.08	2	0
scar	3	NA	1	0	4.74	1	0
scarce	11	NA	1	0	2.57	0	0
scarcely	1	NA	1	0	1.83	0	0
scarcity	5	NA	1	0	2.07	0	0
scare	17	0	1	0	2.96	0	0
scarlett	13	NA	1	1		0	0
scary	15	NA	1	0	3.00	0	0
scatter	15	NA	1	0	3.55	0	0
scavenger	5	NA	1	0	3.93	0	0
scenario	15	NA	1	0	2.62	0	1
scene	39	0	1	0	3.93	0	1
scenearound	1	NA	1	0		0	0
scenic	1	NA	1	0	3.07	0	0
scent	7	NA	1	0	3.97	0	0
sceptic	8	NA	1	0		0	0
sceptical	16	NA	1	0		0	0
scepticism	3	NA	1	0		0	0
sceptism	1	NA	1	0		0	0
schedule	9	NA	1	0	3.48	0	0
schematic	2	NA	1	0	3.21	0	0
scheme	48	NA	1	0	2.41	0	0
schistosoma	1	NA	1	0		0	0
schistosomiasis	1	NA	1	0		0	0
schizophrenia	1	NA	1	0	2.33	0	0
schleiden	1	NA	1	0		0	0
scholar	5	NA	1	0	3.50	0	0
scholarship	2	NA	1	0	2.96	0	0
school	257	0	1	0	4.79	1	0
schoolchildren	7	NA	1	0		0	0
schoolfriend	1	NA	1	0		0	0
schoolmate	2	NA	1	0	4.64	0	0
schrader	1	NA	1	0		0	0
schraders	1	NA	1	0		0	0
schuchert	1	NA	1	0		0	0
schultz	3	NA	1	1		0	0
schwann	1	NA	1	0		0	0
schwarzenegger	4	NA	1	1		0	0
sci	3	NA	1	0		0	0
scid	1	NA	1	0		0	0
science	196	NA	1	0	2.79	3	4
sciencemag	1	NA	1	0		0	0
sciencenow	1	NA	1	0		0	0
scienti	7	NA	1	0		0	0
scientia	1	NA	1	0		0	0
scientific	102	NA	1	0	2.45	0	0
scientifically	3	NA	1	0	2.07	0	0
scientist	402	0	1	0	4.24	0	7
sclerophyll	1	NA	1	0		0	0
sclerosis	5	NA	1	0	3.68	0	0
scolex	2	NA	1	0		0	0
scoliosis	1	NA	1	0	4.12	0	0
scone	1	NA	1	0	4.85	0	0
scoop	5	NA	1	0	4.15	0	0
scope	9	NA	1	0	3.74	0	0
scorch	2	NA	1	0	4.08	0	0
score	13	NA	1	0	3.38	0	1
scorer	1	NA	1	0	3.45	0	0
scores	12	NA	1	0		0	0
scoria	1	NA	1	0		0	0
scoring	2	NA	1	0	2.86	0	0
scorpion	4	NA	1	0	4.84	0	0
scot	1	NA	1	0		0	0
scotia	3	NA	1	1		0	0
scotland	58	NA	1	1		0	0
scott	8	0	1	1		0	0
scottish	50	NA	1	1		0	0
scour	2	NA	1	0	3.42	0	0
scourge	1	NA	1	0	2.31	0	0
scrabble	1	NA	1	0	4.47	0	0
scramble	1	NA	1	0	3.31	0	0
scrap	3	NA	1	0	4.15	0	0
scrape	3	NA	1	0	4.15	0	0
scraper	1	NA	1	0	4.23	0	1
scraping	4	NA	1	0	3.82	0	0
scratch	5	NA	1	0	4.16	0	0
scratching	1	NA	1	0	4.30	0	0
scraton	2	NA	1	1		0	0
screen	59	NA	1	0	4.60	0	1
screening	7	NA	1	0	3.11	0	0
screw	2	NA	1	0	4.81	0	0
scribble	2	NA	1	0	4.10	0	0
scribbler	3	NA	1	1	3.70	0	0
scribbling	2	NA	1	0	4.10	0	0
script	7	NA	1	0	4.72	0	0
scrivener	5	NA	1	1		2	0
scroll	3	NA	1	0	4.11	0	0
scrotum	5	NA	1	0	4.87	1	0
scrub	2	NA	1	0	3.86	0	0
scrubber	1	NA	1	0	4.52	0	0
scrubbing	4	NA	1	0		0	0
scruffy	1	NA	1	0	3.07	0	0
scrutinize	2	NA	1	0	1.85	0	0
scrutiny	3	NA	1	0	2.26	0	0
scuba	12	NA	1	0	4.23	0	0
scuffle	2	NA	1	0	3.62	0	0
sculpt	2	NA	1	0	3.57	0	0
sculptor	3	NA	1	0	4.09	0	0
sculpture	4	NA	1	0	4.79	0	0
scum	11	NA	1	0	3.90	0	0
scutigera	1	NA	1	0		0	0
scyphozoa	1	NA	1	0		0	0
scyphozoan	3	NA	1	0		0	0
sea	179	NA	1	0	4.79	0	1
seabird	4	NA	1	0	4.89	0	0
seafood	8	NA	1	0	4.83	0	0
seahorse	5	NA	1	0	4.89	0	0
seal	22	NA	1	0	4.63	0	1
sealy	1	NA	1	0		1	0
seam	3	NA	1	0	4.50	0	0
seamless	1	NA	1	0	3.80	0	0
seamlessly	1	NA	1	0	1.96	0	0
sean	3	NA	1	1		0	0
search	41	NA	1	0	3.00	0	1
searchable	1	NA	1	0	2.65	0	0
seascape	2	NA	1	0	4.28	0	0
seashell	1	NA	1	0	4.96	0	0
seaside	5	NA	1	0	4.46	0	0
season	56	NA	1	0	3.32	0	0
seasonal	22	0	1	0	2.96	0	0
seasonality	3	NA	1	0	2.30	0	0
seat	13	0	1	0	4.78	0	0
seatbelt	1	NA	1	0	4.79	0	0
seating	1	NA	1	0	4.29	0	0
seats	18	NA	1	0		0	0
seattle	6	NA	1	1		0	0
seawall	1	NA	1	0	4.27	0	0
seawater	6	NA	1	0	4.41	0	0
seaweed	4	NA	1	0	4.89	0	0
seaworld	23	NA	1	1		0	0
seaworlds	3	NA	1	1		0	0
sebaceous	4	NA	1	0		0	0
sebasti	2	NA	1	1		0	0
sebastin	1	NA	1	0		0	0
sebum	2	NA	1	0		2	0
second	288	0	1	0	3.30	0	1
secondary	50	NA	1	0	2.37	0	0
secondhand	1	NA	1	0	2.75	0	0
secondly	3	NA	1	0	2.13	0	0
secrecy	2	NA	1	0	2.00	0	0
secret	47	0	1	0	2.19	0	0
secretary	18	NA	1	0	4.54	0	0
secrete	66	NA	1	0	4.04	0	0
secretion	12	NA	1	0	3.52	0	1
secretive	3	NA	1	0	2.25	0	0
secretory	9	NA	1	0		0	0
sectio	1	NA	1	0		0	0
section	39	NA	1	0	3.24	0	1
sectional	1	NA	1	0	3.81	0	0
sector	29	NA	1	0	3.41	0	0
secure	22	NA	1	0	2.69	0	0
securely	4	NA	1	0	2.86	0	0
security	99	0	1	0	2.82	0	0
seddon	3	NA	1	1		1	0
sedentary	1	NA	1	0	2.22	0	0
sediment	29	1	1	0	4.00	2	0
sedimentary	13	NA	1	0	2.87	0	0
sedimentology	1	1	1	0		1	0
see	676	0	0	0	3.21	0	1
seed	113	NA	1	0	4.71	0	0
seedless	31	0	1	0	4.21	0	0
seedling	4	NA	1	0	4.56	1	0
seedrs	3	NA	1	1		0	0
seeing	45	0	0	0	3.48	0	0
seek	34	NA	1	0	2.68	0	0
seeker	7	NA	1	0	3.44	0	0
seeking	14	NA	1	0	2.74	0	1
seem	139	0	0	0	1.75	0	0
seemingly	6	NA	1	0	1.52	0	0
seethe	1	NA	1	0	2.39	0	0
segment	41	NA	1	0	3.40	0	1
segmental	1	NA	1	0	2.27	0	0
segmentation	4	NA	1	0	3.32	0	0
segregate	7	NA	1	0	2.54	0	0
segregation	8	NA	1	0	2.65	0	0
seidenberg	2	NA	1	1		0	0
seismic	1	NA	1	0	3.07	0	0
seismically	2	NA	1	0	1.76	0	0
seize	5	NA	1	0	3.97	0	0
seizure	2	NA	1	0	3.79	0	0
sekai	1	NA	1	0		0	0
sekiguchi	5	NA	1	1		0	0
sel	1	NA	1	0		0	0
selaginellales	1	NA	1	0		0	0
select	41	NA	1	0	2.48	0	0
selection	80	NA	1	0	2.34	2	0
selective	10	NA	1	0	2.12	0	0
selectively	4	NA	1	0	1.90	0	0
selectivity	1	NA	1	0	1.81	0	0
selenium	2	NA	1	0		0	0
self	77	NA	1	0	3.10	0	0
selfdelete	1	NA	1	0		0	0
selfies	2	NA	1	0		0	0
sell	125	0	1	0	3.35	0	1
seller	15	NA	1	0	3.57	0	2
sellers	3	NA	1	0		0	0
selling	46	NA	1	0	2.89	0	0
sellotape	3	NA	1	1		0	0
sellout	1	NA	1	0	2.71	0	0
sem	1	NA	1	0		0	0
semantic	4	NA	1	0	1.82	0	0
semantics	4	NA	1	0	1.70	0	0
semen	9	NA	1	0	4.79	1	0
semester	2	NA	1	0	3.07	0	0
semi	14	NA	1	0	2.74	0	0
semicircular	1	NA	1	0	3.70	0	0
semiconservative	3	NA	1	0		0	0
seminal	8	NA	1	0	2.15	0	0
seminar	1	NA	1	0	3.48	0	0
seminiferous	11	NA	1	0		0	0
semipermeable	7	NA	1	0		0	0
semisolid	1	NA	1	0	3.69	0	0
senate	23	NA	1	1	3.81	0	0
senator	11	NA	1	0	4.59	0	0
send	126	0	1	0	2.70	0	0
sending	26	NA	1	0	2.87	0	0
senior	53	NA	1	0	2.97	0	0
sensation	7	6	1	0	2.87	2	0
sense	72	0	1	0	2.61	0	0
sensenbrenner	2	NA	1	1		0	0
sensible	11	NA	1	0	1.52	0	0
sensing	6	NA	1	0		0	0
sensitive	35	NA	1	0	2.21	0	0
sensitivity	15	NA	1	0	1.77	0	0
sensitization	2	NA	1	0	1.78	0	0
sensitize	3	NA	1	0	2.03	0	0
sensor	10	NA	1	0	3.96	0	0
sensory	38	NA	1	0	2.55	0	0
sentence	22	NA	1	0	3.57	0	0
sentiment	2	NA	1	0	2.10	0	0
sentinel	1	NA	1	0	3.67	0	0
sepal	9	NA	1	0		1	1
separate	144	NA	1	0	3.25	1	0
separately	5	NA	1	0	2.75	0	0
separation	24	NA	1	0	2.96	0	1
separatist	4	NA	1	0	2.44	0	0
sepp	3	NA	1	1		0	0
september	48	NA	1	1	3.81	0	0
septum	9	3	1	0	4.48	2	0
sequence	142	NA	1	0	3.10	0	4
sequencer	2	NA	1	0	3.48	0	0
sequential	7	NA	1	0	2.35	0	0
sequentially	3	NA	1	0	2.12	0	0
sequester	5	NA	1	0	2.61	0	0
sequoia	3	NA	1	0		0	0
ser	3	NA	1	1		0	0
serendipity	1	NA	1	0	1.62	0	0
sergey	3	NA	1	1		0	0
serial	2	NA	1	0	2.44	0	0
serie	3	NA	1	1		0	0
series	114	NA	1	0	2.92	0	1
serious	85	0	0	0	2.10	0	0
seriously	7	NA	1	0	2.00	0	0
seriousness	1	NA	1	0	1.50	0	0
serovar	1	NA	1	0		0	0
sertoli	7	0	1	1		0	0
serum	4	NA	1	0	4.27	0	0
servant	7	NA	1	0	4.64	0	0
serve	65	NA	1	0	3.78	0	1
server	13	NA	1	0	4.55	0	0
service	128	0	1	0	2.21	0	1
services	97	NA	1	0		1	0
serving	13	NA	1	0	3.32	0	0
sessile	8	NA	1	0		0	0
session	20	NA	1	0	2.58	0	0
sessions	15	NA	1	0	3.66	0	0
set	236	0	1	0	3.41	0	1
setback	2	NA	1	0	1.97	0	0
setchell	1	NA	1	0		1	0
setting	35	NA	1	0	2.96	0	0
settle	18	NA	1	0	2.31	0	0
settlement	17	NA	1	0	3.07	0	1
settler	3	NA	1	0	4.11	0	0
settling	1	NA	1	0	2.26	0	0
setup	1	NA	1	0	3.50	0	0
seven	82	0	0	0	3.72	0	0
seveneenth	1	NA	1	0		0	0
seventeen	1	NA	0	0	3.19	0	0
seventh	15	NA	1	0	3.90	0	0
seventy	1	NA	1	0	3.36	0	0
sever	1	NA	1	0	4.00	0	0
several	235	NA	0	0	3.00	0	0
severe	25	NA	1	0	2.43	0	0
severely	2	NA	1	0	1.76	0	0
sewage	8	NA	1	0	4.52	0	0
sewerage	1	NA	1	0		0	0
sex	70	0	1	0	4.10	0	0
sexist	1	NA	1	0	1.83	0	0
sexual	101	NA	1	0	2.50	0	0
sexually	24	NA	1	0	2.33	0	0
sexy	4	NA	1	0	2.64	0	0
sfr	2	NA	1	0		0	0
sfrur	1	NA	1	0		0	0
shack	2	NA	1	0	4.93	0	0
shade	13	NA	1	0	3.38	0	0
shading	2	NA	1	0	3.33	0	0
shadow	14	NA	1	0	4.54	0	0
shaft	2	NA	1	0	4.71	0	0
shah	5	NA	1	0		0	0
shaidullah	3	NA	1	1		0	0
shake	2	NA	1	0	4.07	0	0
shakespeare	67	NA	1	1		1	0
shaky	1	NA	1	0	3.40	0	0
shale	11	NA	1	0	3.84	0	0
shallow	11	NA	1	0	3.45	0	0
shampoo	6	NA	1	0	4.68	0	0
shan	1	NA	1	0		0	0
shanghai	5	NA	1	1	3.68	0	0
shangri	1	NA	1	0		0	0
shangrila	2	NA	1	0		0	0
shanhui	4	0	1	1		0	0
shant	1	NA	1	0		0	0
shanty	3	NA	1	0	3.97	0	0
shape	160	NA	1	0	3.14	0	2
shaping	4	NA	1	0	2.62	0	0
share	215	NA	1	0	2.96	0	1
shareable	2	NA	1	0	1.93	0	0
sharealike	1	NA	1	0		0	0
shareholder	2	NA	1	0	3.72	0	0
sharing	48	NA	1	0		0	0
shark	81	NA	1	0	4.93	0	0
sharon	3	NA	1	1		0	0
sharp	10	NA	1	0	3.86	0	0
sharpener	1	NA	1	0	4.64	0	0
sharpeville	3	NA	1	1		0	0
sharples	6	NA	1	1		0	0
sharply	4	NA	1	0	2.38	0	0
shatsky	1	NA	1	0		0	0
shatter	11	NA	1	0	3.96	0	0
shaun	3	NA	1	1		0	0
shaw	1	NA	1	0		0	0
shawl	2	NA	1	0	5.00	0	0
she	1	0	0	0	3.36	0	0
sheaf	1	NA	1	0		0	0
sheath	6	1	1	0	4.48	2	0
shed	17	NA	1	0	4.55	0	0
shedding	3	NA	1	0	3.96	0	0
sheehy	22	NA	1	1		0	0
sheep	25	NA	1	0	4.90	2	0
sheepdog	3	NA	1	1	4.72	0	0
sheer	3	NA	1	0	3.35	0	0
sheet	18	NA	1	0	4.93	0	3
sheffield	15	NA	1	1		0	0
shelf	22	NA	1	0	4.96	0	1
shell	87	NA	1	0	4.80	1	1
shellfish	5	NA	1	0	4.53	0	0
shelling	1	NA	1	0	3.17	0	0
shelter	19	NA	1	0	4.64	0	0
shepherd	34	NA	1	1	4.67	0	0
sherman	2	NA	1	0		0	0
sherpa	10	NA	1	1		0	0
sherryl	1	NA	1	0		0	0
sherwood	12	NA	1	1		0	0
shes	10	NA	1	0		0	0
shield	11	NA	1	0	4.66	0	0
shift	60	NA	1	0	2.81	0	0
shifting	6	NA	1	0	2.86	0	0
shiitake	1	NA	1	0		0	0
shimano	2	NA	1	1		1	0
shimbun	2	NA	1	1		0	0
shinbone	1	NA	1	0	4.80	0	0
shine	7	0	1	0	3.85	0	0
shing	4	NA	1	0		0	0
shining	1	NA	1	0	3.39	0	0
shinzo	2	NA	1	1		0	0
shiogama	1	NA	1	0		0	0
ship	52	0	1	0	4.87	0	0
shipment	1	NA	1	0	4.48	0	0
shipping	10	0	1	0	3.59	0	0
shipwreck	1	NA	1	0	4.30	0	0
shiraz	1	NA	1	0		0	0
shirt	11	NA	1	0	4.94	0	0
shisha	21	NA	1	0		0	0
shivering	2	NA	1	0	3.54	0	0
shmaefsky	1	NA	1	0		0	0
shock	90	1	1	0	4.00	2	0
shocker	2	NA	1	0	2.71	0	0
shoelace	2	NA	1	0	5.00	0	0
shoes	15	0	1	0		0	0
shoestring	1	NA	1	0	4.87	0	0
shoot	35	0	1	0	3.97	0	1
shooter	1	NA	1	0	4.14	0	0
shooting	2	NA	1	0	3.85	0	0
shop	118	NA	1	0	4.31	0	0
shopkeeper	7	NA	1	0	4.43	0	0
shoplifting	3	NA	1	0	3.33	0	0
shopper	62	NA	1	0	4.44	0	0
shopping	58	NA	1	0	3.44	0	0
shore	8	NA	1	0	4.79	0	0
shoreline	8	NA	1	0	4.87	0	0
short	133	0	1	0	3.61	0	1
shortage	24	NA	1	0	2.46	0	0
shortcoming	4	NA	1	0	2.17	0	0
shortcut	2	NA	1	0	3.20	0	0
shorten	14	NA	1	0	3.11	0	1
shortening	2	NA	1	0	4.04	0	0
shorthand	2	NA	1	0	3.57	0	0
shortlist	6	NA	1	0	3.13	0	0
shortly	18	NA	1	0	2.31	0	0
shorts	1	NA	1	0	4.82	0	0
shot	6	NA	1	0	4.44	0	0
shoulder	16	NA	1	0	4.93	0	1
shouldn	15	0	1	0		0	0
shouldnt	7	NA	1	0		0	0
shout	10	0	1	0	4.17	0	0
shouter	2	NA	1	0	3.62	0	0
shouting	1	NA	1	0	3.97	0	0
shove	1	NA	1	0	4.04	0	0
show	671	0	0	0	3.97	0	0
showcase	8	NA	1	0	3.39	0	0
showdown	4	NA	1	0	3.21	0	0
shower	49	NA	1	0	4.89	0	0
showing	39	NA	0	0	3.06	0	0
showy	1	NA	1	0	2.43	0	0
shrew	1	NA	1	0	4.07	0	0
shriek	1	NA	1	0	3.97	0	0
shrimp	8	NA	1	0	4.80	0	0
shrink	8	NA	1	0	3.55	0	0
shrinking	1	NA	1	0	3.20	0	0
shrivel	1	NA	1	0	3.57	0	0
shrub	12	NA	1	0	4.92	0	0
shrubby	1	NA	1	0		0	0
shuai	3	NA	1	1		0	0
shudder	1	NA	1	0	3.41	0	0
shuffling	2	NA	1	0	3.25	0	0
shukla	3	NA	1	1		0	0
shultz	1	NA	1	0		0	0
shunt	1	NA	1	0	3.50	0	0
shut	19	0	1	0	3.38	0	0
shutdown	10	NA	1	0	3.85	0	0
shutter	4	NA	1	0	4.38	0	0
shuttle	4	NA	1	0	4.63	0	0
shy	2	NA	1	0	2.52	0	0
siamese	1	NA	1	0	3.86	0	0
siberia	4	NA	1	1		0	0
siberian	2	NA	1	1	3.33	0	0
sibling	6	NA	1	0	4.37	0	0
sick	18	0	1	0	2.97	0	0
sicken	2	NA	1	0	2.74	0	0
sickle	4	NA	1	0	4.88	0	0
sickness	7	NA	1	0	3.45	0	0
side	116	0	0	0	3.68	0	0
sideline	1	NA	1	0	3.93	0	0
sidney	2	NA	1	1		0	0
sidorczuk	3	NA	1	1		0	0
siebold	1	NA	1	0		0	0
sierra	3	NA	1	1	3.42	0	0
sieve	2	NA	1	0	4.59	0	0
sigh	4	NA	1	0	3.89	0	0
sight	7	NA	1	0	3.21	0	0
sighting	6	NA	1	0	3.14	0	0
sightless	1	NA	1	0	2.55	0	0
sights	3	NA	1	0		0	0
sigmoid	1	NA	1	0		0	0
sign	94	0	1	0	4.62	0	0
signage	1	NA	1	0	3.85	0	0
signal	92	1	1	0	3.86	2	0
signaling	9	2	1	0		2	0
signature	20	2	1	0	4.43	2	0
signi	13	0	1	0		0	0
signifi	2	NA	1	0		0	0
significance	8	NA	1	0	1.68	0	0
significant	85	NA	1	0	1.67	0	0
significantly	21	NA	1	0	1.89	0	0
signified	1	NA	1	0		0	0
signify	2	NA	1	0	1.73	0	0
signing	7	NA	1	0		0	0
sigr	1	NA	1	0		0	0
sigrur	1	NA	1	0		0	0
sigurflj	3	NA	1	1		0	0
sikh	2	NA	1	1		0	0
silence	20	NA	1	0	3.33	0	0
silent	5	NA	1	0	3.67	0	0
silently	2	NA	1	0	3.00	0	0
silica	7	NA	1	0	4.22	0	0
silicate	4	NA	1	0		0	0
silico	1	NA	1	0		0	0
silicon	17	NA	1	1	4.68	0	0
silicone	1	NA	1	0	4.33	0	0
silje	3	NA	1	1		0	0
sills	1	NA	1	0		0	0
silly	11	NA	1	0	2.20	0	0
silo	2	NA	1	0	4.30	0	0
silt	9	NA	1	0	4.71	0	0
silurian	3	NA	1	1		0	0
silva	1	NA	1	0		0	0
silver	14	NA	1	0	4.52	0	0
silvio	3	NA	1	1		0	0
simbio	4	NA	1	1		0	0
similar	204	NA	1	0	2.46	0	0
similarity	27	NA	1	0	1.90	0	0
similarly	18	NA	1	0	2.83	0	0
simjian	3	NA	1	1		0	0
simon	9	0	1	1		0	0
simone	3	NA	1	1		0	0
simple	144	0	1	0	1.62	0	0
simplex	1	NA	1	0	1.78	0	0
simplicity	1	NA	1	0	1.96	0	0
simplification	3	NA	1	0	1.86	0	0
simplify	10	NA	1	0	1.89	0	0
simplistic	3	NA	1	0	1.93	0	0
simply	71	NA	1	0	1.83	0	0
simulate	1	NA	1	0	2.31	0	0
simulation	4	NA	1	0	3.03	0	0
simulator	3	NA	1	0	3.89	0	0
simultaneous	3	NA	1	0	2.25	0	0
simultaneously	15	0	1	0	2.47	0	0
sin	1	NA	1	0	1.85	0	0
since	301	0	0	0	1.38	0	0
sinceits	1	NA	1	0		0	0
sing	19	0	1	0	4.34	0	0
singapore	9	NA	1	1		0	0
singer	33	NA	1	0	4.62	0	0
singerer	9	NA	1	1		1	0
singh	25	NA	1	1		1	0
singing	10	NA	1	0	4.20	1	0
single	258	0	1	0	3.27	0	0
singlehandedly	1	NA	1	0	2.50	0	0
singles	6	NA	1	0	3.90	0	0
singular	16	NA	1	0	2.21	0	0
sinister	2	NA	1	0	2.38	0	0
sink	33	NA	1	0	4.74	0	0
sinking	8	NA	1	0	3.00	0	1
sinus	1	NA	1	0	4.27	0	0
sio	2	NA	1	1		0	0
siphon	5	NA	1	0	3.68	0	0
sir	21	0	1	1	3.10	0	0
siren	3	NA	1	1	4.45	0	0
sirtalis	1	NA	1	0		0	0
sister	70	0	1	0	4.00	0	0
sit	54	0	1	0	4.80	0	0
site	207	NA	1	0	4.56	1	3
sith	3	NA	1	1		0	0
sitting	28	0	1	0	3.76	0	0
situate	4	NA	1	0	1.96	0	0
situation	106	0	1	0	2.03	0	0
siwi	3	NA	1	1		0	0
six	171	0	0	0	3.43	0	0
sixteen	2	NA	0	0	3.88	0	0
sixth	11	NA	1	0	3.83	0	0
sixty	3	NA	0	0	3.56	0	0
sizable	1	NA	1	0	2.70	0	0
size	178	NA	1	0	3.13	0	5
skate	4	NA	1	0	4.56	0	0
skating	3	NA	1	0	4.75	0	0
skeletal	30	NA	1	0	3.67	0	0
skeleton	50	NA	1	0	4.97	1	0
skeptic	1	NA	1	0	2.31	0	0
skeptical	2	NA	1	0	1.70	0	0
sketch	1	NA	1	0	4.56	0	0
sketchy	1	NA	1	0	1.96	0	0
skew	2	NA	1	0	2.68	0	0
ski	3	NA	1	0	4.63	0	0
skiing	2	NA	1	0	4.42	0	0
skill	34	NA	1	0	2.17	1	0
skim	5	NA	1	0	3.76	0	0
skimming	2	NA	1	0	3.32	0	0
skimp	1	NA	1	0	2.31	0	0
skin	172	NA	1	0	4.79	0	0
skip	5	NA	1	0	4.07	0	0
skirt	3	NA	1	0	4.82	0	0
skull	23	NA	1	0	4.83	2	1
sky	91	NA	1	0	4.45	0	0
skycatch	1	NA	1	0		0	0
skydive	5	0	1	0	4.21	0	0
skydiver	4	NA	1	0	4.78	0	0
skyfall	19	NA	1	1		0	0
skyfalls	1	NA	1	0		0	0
skyline	1	NA	1	0	4.43	0	0
skype	14	NA	1	1	4.04	0	0
skyrocket	3	NA	1	0	3.73	0	0
skywalker	5	0	1	1		0	0
skywalkers	1	NA	1	0		0	0
skyworthy	1	NA	1	0		0	0
slab	1	NA	1	0	4.29	0	0
slack	2	NA	1	1	3.15	0	0
slacks	2	NA	1	0	4.57	0	0
slam	5	NA	1	0	4.00	0	0
slander	1	NA	1	0	2.33	0	0
slash	4	NA	1	0	3.52	0	0
slat	1	NA	1	0	4.04	0	0
slate	1	NA	1	0	4.58	0	0
slaughter	3	NA	1	0	3.68	0	0
slave	12	NA	1	1	4.38	0	0
slavery	2	NA	1	0	3.11	0	0
sleep	121	0	1	0	4.44	1	0
sleeping	15	NA	1	0	4.23	0	0
sleet	1	NA	1	0	4.78	0	0
sleeveless	1	NA	1	0	4.60	0	0
slender	3	NA	1	0	3.56	0	0
slice	8	0	1	0	3.85	0	0
slick	2	NA	1	0	3.69	0	0
slickly	1	NA	1	0	2.45	0	0
slide	20	NA	1	0	4.48	0	0
slight	5	NA	1	0	1.90	0	0
slightly	35	NA	1	0	1.79	0	0
slim	3	NA	1	0	3.93	0	0
slime	9	NA	1	0	4.48	0	0
slimy	3	NA	1	0	3.26	0	0
sling	1	NA	1	0	4.52	0	0
slip	10	NA	1	0	4.10	0	0
slish	1	NA	1	0		0	0
slit	18	NA	1	0	3.68	1	0
slither	1	NA	1	0	3.54	0	0
sliver	1	NA	1	0	3.88	0	1
slogan	8	NA	1	0	3.03	0	0
slope	4	NA	1	0	4.07	0	0
slot	1	NA	1	0	4.45	0	0
slough	1	NA	1	0		0	0
sloughing	1	NA	1	0		0	0
slovakia	3	NA	1	1		0	0
slow	89	0	1	0	3.28	0	0
slowdown	2	NA	1	0	2.50	0	0
slowing	19	NA	1	0		0	0
slowly	58	NA	1	0	3.10	0	0
slug	3	NA	1	0	4.64	0	0
slum	12	NA	1	0	4.03	0	0
slumber	2	NA	1	0	3.32	0	0
slump	2	NA	1	0	3.32	0	0
sm	2	NA	1	0		0	0
small	372	0	1	0	3.22	1	0
smaller	127	NA	1	0	2.46	0	0
smallmouth	1	NA	1	0		0	0
smallpox	4	NA	1	0	4.25	0	0
smart	44	0	1	0	1.75	0	0
smartphone	36	NA	1	0	4.57	1	0
smartphones	29	NA	1	0		0	0
smash	6	NA	1	0	3.79	0	0
smashburger	3	NA	1	1		0	0
smashing	2	NA	1	0	3.86	0	0
smear	3	1	1	0	3.66	1	0
smell	40	0	1	0	3.70	0	0
smelling	3	NA	1	0	3.58	0	0
smelly	1	NA	1	0	3.07	0	0
smelt	1	NA	1	0	3.93	0	0
smile	17	NA	1	0	4.50	0	0
smiley	3	NA	1	0	3.93	0	0
smiling	2	NA	1	0	3.88	0	0
smith	12	NA	1	1	3.81	0	0
smog	1	NA	1	0	4.14	0	0
smoke	51	1	1	0	4.96	1	0
smoker	35	0	1	0	4.59	1	0
smoking	72	0	1	0	4.32	0	0
smoky	2	NA	1	0	4.04	0	0
smooth	37	NA	1	0	3.81	0	0
smoothly	2	NA	1	0	2.64	0	0
smoothness	1	NA	1	0	3.87	0	0
smother	3	NA	1	0	3.10	0	0
smug	3	NA	1	0	1.83	0	0
smuggler	2	NA	1	0	4.31	0	0
smuts	1	NA	1	0		0	0
snag	2	NA	1	0	3.62	0	0
snail	9	NA	1	0	4.93	0	0
snake	22	NA	1	0	5.00	0	0
snakehead	1	NA	1	0	4.72	0	0
snap	3	NA	1	0	4.10	0	0
snapchat	2	NA	1	1		0	0
snapchats	1	NA	1	0		0	0
snapdragon	2	NA	1	0	4.32	0	0
snapshot	3	NA	1	0	4.68	0	0
snatch	4	NA	1	0	3.86	0	0
sneak	3	NA	1	0	2.82	0	0
sneezing	1	NA	1	0	4.36	0	0
sniff	4	NA	1	0	4.17	0	0
snipe	1	NA	1	0	3.37	0	0
snippet	1	NA	1	0	3.30	0	0
snob	3	NA	1	0	2.70	0	0
snobbery	1	NA	1	0	1.74	0	0
snooker	3	NA	1	0		0	0
snoopy	3	NA	1	1	2.93	0	0
snooze	1	NA	1	0	3.31	0	0
snoozer	1	NA	1	0	3.23	0	0
snorkel	9	NA	1	0	4.56	0	0
snort	1	NA	1	0	4.18	0	0
snout	2	NA	1	0	4.89	0	0
snow	16	NA	1	0	4.85	0	0
snowden	1	NA	1	0		0	0
snowfall	3	NA	1	0	4.66	0	0
snowmelt	1	NA	1	0		0	0
snowpacked	1	NA	1	0		0	0
snowshoe	2	NA	1	0	4.67	0	0
snowy	2	NA	1	0	4.25	0	0
snp	9	NA	1	1		0	0
so	1	0	0	0	1.42	0	0
soak	1	NA	1	0	4.21	0	0
soap	27	NA	1	0	4.93	0	0
soapy	1	NA	1	0	4.41	0	0
soar	4	NA	1	0	3.67	0	0
soaring	4	NA	1	0	3.71	0	0
sobel	2	1	1	1		1	0
soccer	1	NA	1	0	4.76	0	0
soci	1	NA	1	0		0	0
social	228	NA	1	0	2.27	0	0
socialbakers	5	NA	1	1		0	0
socialist	9	NA	1	1	3.19	0	0
socialization	1	NA	1	0	1.79	0	0
socializing	4	NA	1	0		0	0
socially	14	NA	1	0	1.85	0	0
socie	1	NA	1	0		0	0
society	89	NA	1	0	2.54	0	0
socio	2	NA	0	0		0	0
sociology	2	NA	1	0	1.79	0	0
sock	15	NA	1	0	4.91	0	0
socket	3	NA	1	0	4.32	0	0
sockeye	1	NA	1	0		0	0
soco	16	NA	1	1		0	0
soda	1	NA	1	0	4.97	0	0
sodalis	1	NA	1	0		0	0
sodano	3	NA	1	1		1	0
soderlund	3	NA	1	1		0	0
sodium	28	NA	1	0	4.21	0	0
sofa	4	NA	1	0	4.90	0	0
soft	29	NA	1	0	3.88	0	0
soften	2	NA	1	0	2.57	0	0
softening	1	NA	1	0	2.96	0	0
softex	3	NA	1	1		0	0
software	25	NA	1	0	4.08	0	0
sohay	15	NA	1	1		0	0
sohays	2	NA	1	1		0	0
soho	3	NA	1	1		0	0
soil	110	NA	1	0	4.87	0	1
solace	2	NA	1	1	2.04	0	0
solar	109	NA	1	0	4.00	0	0
soldier	10	NA	1	0	4.72	0	0
sole	1	NA	1	0	4.11	0	0
solely	3	NA	1	0	1.75	0	0
solicit	1	NA	1	0	2.83	0	0
solid	39	NA	1	0	4.42	0	0
solidarity	1	NA	1	0	1.90	0	0
solidify	5	NA	1	0	3.16	0	0
solitary	5	NA	1	0	3.31	0	0
solitude	4	NA	1	0	2.07	0	0
solja	5	NA	1	1		0	0
solnhofen	1	NA	1	0		0	0
solo	12	1	1	1	2.79	1	0
solomon	3	NA	1	1		0	0
solspeil	6	1	1	1		3	0
solubility	3	NA	1	0	3.14	1	0
solubilize	2	NA	1	0		0	0
soluble	12	NA	1	0	3.59	0	0
solute	38	NA	1	0		2	0
solute's	1	NA	1	0		0	0
solution	133	1	1	0	2.61	5	4
solvation	3	NA	1	0		1	0
solve	59	NA	1	0	2.10	0	0
solvent	16	NA	1	0	3.70	2	2
solving	15	NA	1	0		0	0
soma	2	NA	1	0		0	0
somalian	3	NA	1	1		0	0
somatic	18	0	1	0		0	0
somatosensation	1	NA	1	0		0	0
somatosensory	1	NA	1	0		0	0
sombre	1	NA	1	0		0	0
somebody	20	0	0	0	3.79	0	0
someday	6	NA	1	0	1.72	0	0
somehow	4	NA	0	0	1.28	0	0
someone	145	0	0	0	3.71	0	0
somerset	4	NA	1	1		0	0
something	206	0	0	0	1.82	0	0
somethings	1	NA	1	0		0	0
sometime	1	NA	0	0	1.47	0	0
sometimes	136	0	0	0	1.77	0	0
somewhat	19	NA	1	0	1.28	0	0
somewhere	18	0	0	0	2.08	0	0
somniferum	1	NA	1	0		0	0
son	65	0	1	0	4.14	0	0
song	18	0	1	0	4.46	0	0
songbird	1	NA	1	0	4.59	0	0
songwriter	7	0	1	0	4.33	0	1
songwriting	6	NA	1	0	3.53	0	0
sonic	2	NA	1	0	2.29	0	0
sonjag	4	NA	1	1		0	0
sonoran	2	NA	1	1		0	0
sony	7	NA	1	1		0	0
soon	93	0	1	0	1.79	0	0
sooner	5	NA	1	0	2.11	0	0
soot	7	NA	1	0	4.61	0	0
soothe	2	NA	1	0	2.14	0	0
sophie	4	NA	1	1		0	0
sophisticate	18	NA	1	0	1.93	0	0
sore	2	NA	1	0	3.23	0	0
sorghum	3	NA	1	0		0	0
sorrow	3	NA	1	0	2.36	0	0
sorry	8	0	1	0	1.90	0	0
sort	50	0	1	0	3.34	0	0
sorting	6	NA	1	0		0	0
sos	2	NA	1	1		0	0
soul	10	0	1	0	1.86	0	0
soulcycle	1	NA	1	0		0	0
soulier	6	NA	1	1		0	0
soulless	2	NA	1	0	1.52	0	0
sound	156	0	1	0	3.70	1	1
soundcloud	3	NA	1	1		0	0
sounding	2	NA	1	0	2.79	0	0
soundscapes	1	NA	1	0		0	0
soundtrack	3	NA	1	0	4.34	0	0
soup	6	NA	1	0	4.72	0	0
soupy	1	NA	1	0	3.48	0	0
sour	2	NA	1	0	3.14	0	0
source	210	NA	1	0	2.96	3	4
sousa	3	NA	1	1		0	0
south	235	NA	1	1	3.84	0	0
southeast	5	NA	1	1	3.80	0	0
southeastern	1	NA	1	0	3.52	0	0
southern	35	NA	1	0	2.62	0	0
southernmost	2	NA	1	0	3.85	0	0
southport	2	NA	1	1		0	0
southwest	1	NA	1	0	3.25	0	0
southwestern	5	NA	1	0	3.25	0	0
souza	1	NA	1	0		1	0
soviet	9	NA	1	1	3.15	0	0
sow	2	NA	1	0	4.04	0	0
soweto	3	NA	1	1		0	0
soybean	1	NA	1	0	4.82	0	0
spa	3	NA	1	0	4.67	0	0
space	171	NA	1	0	3.54	1	3
spacecraft	15	NA	1	0	4.80	0	0
spaceflight	6	NA	1	0	3.90	0	0
spacers	1	NA	1	0		0	0
spaceship	1	NA	1	0	4.48	0	1
spacesuit	1	NA	1	0	4.96	0	0
spacewalk	6	NA	1	0		0	0
spacex	2	NA	1	1		0	0
spain	80	NA	1	1		0	1
spall	2	NA	1	1		0	0
span	10	NA	1	0	3.00	0	0
spaniard	5	NA	1	1		0	0
spanish	32	NA	1	1		0	0
sparbo	6	NA	1	1		0	0
spare	11	NA	1	0	3.48	0	0
spark	6	NA	1	0	4.25	0	0
sparkling	2	NA	1	0	3.31	0	0
sparse	3	NA	1	0	2.31	0	0
sparsely	3	NA	1	0	2.18	0	0
spate	2	NA	1	0		0	0
spatial	1	NA	1	0	1.96	0	0
spatially	2	NA	1	0	1.89	0	0
spawn	11	NA	1	0	3.90	0	0
speak	68	0	1	0	3.70	0	0
speaker	6	0	1	1	4.69	0	0
speaking	40	NA	1	0	3.83	0	0
spear	1	NA	1	0	5.00	0	0
spearhead	2	NA	1	0	4.19	0	0
speci	8	NA	1	0		0	0
special	91	0	1	0	1.76	0	0
specialism	1	NA	1	0	1.42	0	0
specialist	20	NA	1	0	3.00	0	1
specialization	2	NA	1	0	2.57	0	0
specialize	93	0	1	0	1.70	0	0
specially	13	NA	1	0	1.74	0	0
speciation	41	2	1	0		1	3
species	912	2	1	0	3.36	8	11
specific	191	NA	1	0	2.18	0	0
specifically	17	NA	1	0	1.62	0	0
specification	1	NA	1	0	2.45	0	0
specificity	11	NA	1	0	1.88	0	0
specify	14	NA	1	0	2.30	0	0
specimen	12	NA	1	0	4.45	0	0
speck	3	NA	1	0	4.46	0	0
speckle	2	NA	1	0	3.88	0	0
spectacle	3	NA	1	0	3.45	0	0
spectacles	1	NA	1	0	4.56	0	0
spectacular	20	NA	1	0	1.82	0	0
spectacularly	1	NA	1	0	2.10	0	0
spectator	1	NA	1	0	4.07	0	0
spectral	1	NA	1	0		0	0
spectre	10	NA	1	1		0	0
spectrem	2	NA	1	1		0	0
spectrum	15	NA	1	0	2.97	3	1
speculate	3	NA	1	0	1.68	0	0
speculation	6	NA	1	0	2.15	0	0
speech	56	0	1	0	3.37	0	0
speechless	5	NA	1	0	2.41	0	0
speed	64	0	1	0	3.62	0	1
speeding	3	NA	1	0	3.63	0	0
speedy	2	NA	1	0	2.93	0	0
spell	2	NA	1	0	3.32	0	0
spelling	2	NA	1	0	3.63	0	0
spencer	11	1	1	1		1	0
spend	226	0	1	0	2.93	0	0
spender	2	NA	1	0	3.48	0	0
spending	52	NA	1	0	3.31	0	0
sperm	104	NA	1	0	4.82	0	1
spermatid	2	2	1	0		1	0
spermatocyte	5	2	1	0		1	0
spermatogenesis	9	1	1	0		2	0
spermatogonia	2	NA	1	0		0	0
spermatogonium	1	NA	1	0		0	0
spermatophyte	1	NA	1	0		0	0
spew	1	NA	1	0	3.20	0	0
sphenodontia	4	NA	1	1		1	0
sphere	5	NA	1	0	4.44	0	1
spherical	2	NA	1	0	3.83	0	0
spheroid	1	NA	1	0	3.96	0	0
sphincter	9	NA	1	0	4.54	0	0
spice	3	NA	1	0	4.54	0	0
spicebush	1	NA	1	0		0	0
spicule	3	2	1	0		2	0
spider	10	NA	1	0	4.97	0	0
spiegel	2	NA	1	1		0	0
spiers	14	NA	1	1		0	0
spike	7	NA	1	0	4.52	0	0
spill	19	NA	1	0	4.07	0	0
spin	18	NA	1	0	3.90	0	0
spinach	3	NA	1	0	4.77	0	0
spinal	41	NA	1	0	3.62	0	0
spindle	34	NA	1	0	4.92	1	0
spindly	1	NA	1	0	3.46	0	0
spine	13	NA	1	0	4.88	0	0
spinning	3	NA	1	0	3.83	0	0
spiny	4	NA	1	0	3.11	0	0
spiracle	3	1	1	0		2	0
spiral	7	NA	1	0	4.18	0	0
spirilla	2	NA	1	0		0	0
spirit	10	NA	1	0	1.60	0	0
spirits	2	NA	1	0	3.41	0	0
spiritual	7	NA	1	0	1.79	0	0
spirochete	1	NA	1	0		0	0
spite	12	NA	1	0	2.07	0	0
spitfire	3	NA	1	1	2.86	0	0
spitsbergen	2	NA	1	1		0	0
splash	1	NA	1	0	4.19	0	0
spleen	11	NA	1	0	4.70	1	0
splendid	2	NA	1	0	1.79	0	0
splice	8	NA	1	0	3.19	0	0
splicing	15	1	1	0	3.31	2	0
splint	1	NA	1	0	4.69	0	0
splintering	1	NA	1	0		0	0
split	28	NA	1	0	3.96	1	0
splurge	1	NA	1	0	2.00	0	0
spoil	6	NA	1	0	2.82	0	0
spoilage	2	NA	1	0	3.11	0	0
spokesman	31	NA	1	0	4.11	0	1
spokesperson	16	NA	1	0	3.89	0	0
spokeswoman	13	NA	1	0	4.55	0	0
spondylitis	1	NA	1	0		0	0
sponge	48	NA	1	0	5.00	0	2
spongocoel	6	1	1	0		1	0
spongy	1	NA	1	0	3.72	0	0
sponsor	3	NA	1	0	3.28	0	0
sponsorship	4	NA	1	0	2.60	0	0
spontaneous	10	NA	1	0	1.73	0	0
spontaneously	2	NA	1	0	2.21	0	0
sporadic	2	NA	1	0	2.38	0	0
sporangium	14	NA	1	0		1	1
spore	41	NA	1	0	4.14	0	2
sporocytes	1	NA	1	0		0	0
sporophyll	4	NA	1	0		1	0
sporophyte	27	2	1	0		4	0
sporopollenin	4	NA	1	0		1	0
sport	81	NA	1	0	3.48	0	1
sportscar	3	NA	1	0		0	0
sportspeople	3	NA	1	0		0	0
sporty	3	NA	1	0	2.62	0	0
spot	26	NA	1	0	4.21	0	0
spotify	21	NA	1	1		0	0
spotlight	5	0	1	0	4.63	0	0
spots	14	NA	1	0		0	0
spotter	1	NA	1	0	3.88	0	0
spouse	3	NA	1	0	3.85	0	0
spp	6	NA	1	0		0	0
sprawl	1	NA	1	0	3.30	0	0
sprawling	3	NA	1	0	2.62	0	0
spray	34	NA	1	0	4.50	0	1
spraying	1	NA	1	0		0	0
spread	54	NA	1	0	3.68	0	0
spreading	16	NA	1	0	3.18	0	0
spring	34	NA	1	0	3.89	0	0
springiness	3	NA	1	0	2.75	0	0
springy	2	NA	1	0	3.97	0	0
sprinkle	1	NA	1	0	3.82	0	0
sprint	7	NA	1	0	4.14	0	0
sprout	5	NA	1	0	4.64	0	0
spruce	4	NA	1	0	3.86	0	0
spur	4	NA	1	0	4.57	0	0
spurious	2	NA	1	0		0	0
spurn	1	NA	1	0	1.97	0	0
spurring	1	NA	1	0		0	0
spy	8	NA	1	0	4.14	0	1
spying	10	NA	1	0		0	0
spymonkey	1	NA	1	0		0	0
squabble	1	NA	1	0	2.63	0	0
squad	3	NA	1	0	3.65	0	0
squalor	4	NA	1	0	2.78	0	0
squamata	4	NA	1	1		1	0
squander	1	NA	1	0	2.54	0	0
square	105	0	1	0	4.33	2	1
squash	4	NA	1	0	4.70	0	0
squat	2	NA	1	0	4.32	0	0
squeeze	12	NA	1	0	3.75	0	0
squeezing	3	NA	1	0	3.89	0	0
squid	10	NA	1	0	4.71	1	0
squirrel	1	NA	1	0	4.89	0	0
squirt	1	NA	1	0	3.93	1	0
sri	6	NA	1	1		0	0
srinagar	9	NA	1	1		1	0
ssu	1	NA	1	0		0	0
stab	7	NA	1	0	4.07	0	1
stability	14	NA	1	0	2.41	0	0
stabilization	3	NA	1	0	2.00	0	0
stabilize	10	NA	1	0	2.72	0	0
stable	41	NA	1	0	3.77	0	0
stack	13	NA	1	0	4.30	0	1
stacks	2	NA	1	0		0	0
stadium	38	NA	1	0	4.79	0	0
staff	119	NA	1	0	4.36	0	0
stag	1	NA	1	0	4.39	0	0
stage	177	1	1	0	4.64	3	11
stagger	16	NA	1	0	3.57	0	0
staging	3	NA	1	0	2.89	0	0
stagnant	1	NA	1	0	3.07	0	0
stain	9	NA	1	0	4.59	0	0
staining	10	NA	1	0	3.56	1	0
stainless	3	NA	1	0	3.29	0	0
staircase	1	NA	1	0	4.66	0	0
stake	4	NA	1	0	4.21	0	0
stale	2	NA	1	0	3.48	0	0
staleness	2	NA	1	0	2.81	0	0
stalk	9	NA	1	0	3.50	0	1
stalker	1	NA	1	0	3.93	0	0
stall	1	NA	1	0	4.37	0	0
stalling	1	NA	1	0	2.89	0	0
stamen	10	NA	1	0	3.75	1	1
stamina	6	NA	1	0	2.81	0	0
staminate	1	NA	1	0		0	0
stamp	6	NA	1	0	4.70	0	0
stand	65	0	1	0	4.16	0	0
standalones	1	NA	1	0		0	0
standard	55	NA	1	0	1.83	0	0
standardize	3	NA	1	0	2.07	0	0
standing	31	0	1	0	4.04	0	0
standout	1	NA	1	0	2.85	0	0
stanford	18	NA	1	1		0	0
stapes	1	NA	1	0		0	0
staph	1	NA	1	0	3.33	0	0
staphylococcus	14	NA	1	1		0	0
staple	6	NA	1	0	4.34	0	0
star	114	0	1	0	4.69	0	2
starbucks	38	NA	1	1		0	0
starch	13	2	1	0	4.29	2	0
starches	5	NA	1	0		0	0
starchy	3	NA	1	0	3.23	0	0
stardom	1	NA	1	0	2.26	0	0
stardust	4	NA	1	1	3.08	0	0
stare	7	NA	1	0	4.10	0	0
starfish	1	NA	1	0	4.90	0	0
stargazer	3	NA	1	0	4.10	0	0
stargazing	6	NA	1	0	3.22	0	0
stark	3	NA	1	0	2.13	0	0
starling	1	NA	1	0		0	0
starman	3	NA	1	1		0	0
start	372	0	1	0	2.71	2	1
starting	62	NA	1	0	2.14	0	0
startle	7	NA	1	0	2.13	0	0
startup	5	NA	1	0	2.24	0	0
starve	4	NA	1	0	3.48	0	0
stasis	1	NA	1	0		0	0
state	306	0	1	0	3.52	3	2
stately	8	NA	1	0	1.83	0	0
statement	82	NA	1	0	2.96	1	0
staten	3	NA	1	1		0	0
statesman	2	NA	1	0	3.76	0	0
static	9	NA	1	0	3.32	0	0
statin	2	NA	1	0		0	0
station	37	0	1	0	4.32	0	0
stationary	10	NA	1	0	3.95	0	0
stations	32	NA	1	0		0	0
statistic	2	NA	1	0	2.88	0	0
statistical	5	NA	1	0	2.32	0	0
statistically	6	NA	1	0	2.07	0	0
statistician	1	NA	1	0	3.88	0	0
statistics	18	NA	1	1	3.39	0	0
statue	7	NA	1	0	4.93	0	0
stature	1	NA	1	0	2.32	0	0
status	37	NA	1	0	2.24	0	0
statute	1	NA	1	0	3.88	0	0
statutory	1	NA	1	0	1.75	0	0
staunch	1	NA	1	0	1.90	0	0
stay	131	0	1	0	2.15	0	0
stays	11	NA	1	0	2.86	0	0
steadily	7	NA	1	0	2.37	0	0
steady	23	NA	1	0	2.25	0	0
steal	19	NA	1	0	3.84	0	0
stealing	4	NA	1	0	3.28	0	0
stealth	2	NA	1	0	2.76	0	0
steam	16	NA	1	0	4.50	0	0
stearic	1	NA	1	0		0	0
steck	8	NA	1	1		0	0
stecks	1	NA	1	0		0	0
steel	20	NA	1	0	4.87	0	0
steele	3	NA	1	1		0	0
steep	4	NA	1	0	3.76	0	0
steeper	1	NA	1	0	2.95	0	0
steeply	2	NA	1	0	2.88	0	0
steer	2	NA	1	0	4.19	0	0
steere	3	NA	1	1		0	0
steering	11	NA	1	0	4.00	0	0
stefan	2	NA	1	1		0	0
steinar	3	NA	1	1		0	0
stellar	1	NA	1	0	2.45	0	0
stellarium	3	NA	1	1		0	0
steller	3	NA	1	0		0	0
stem	43	NA	1	0	4.63	0	1
steno	1	NA	1	0		0	0
step	77	0	1	0	4.54	0	3
stepdaughter	3	NA	1	0	4.07	0	0
stephan	6	NA	1	1		0	0
stephen	7	NA	1	1		0	0
steppe	1	NA	1	0		0	0
steps	55	NA	1	0	4.39	0	2
stepwise	1	NA	1	0		0	0
stereo	6	NA	1	0	4.63	0	0
stereoscopic	3	NA	1	0	2.76	0	0
sterile	4	NA	1	0	2.67	0	0
sterility	2	NA	1	0	2.28	0	0
sterilization	3	NA	1	0	3.24	0	1
sterilize	1	NA	1	0	2.97	0	0
sterling	2	NA	1	0	3.93	0	0
stern	7	NA	1	1	2.86	1	0
sternum	7	NA	1	0	4.69	0	0
steroid	18	2	1	0	3.97	1	1
steve	20	NA	1	1		0	0
steven	3	NA	1	1		0	0
stevens	2	NA	1	0		1	0
stevie	1	NA	1	0		0	0
stew	3	NA	1	0	4.43	0	1
stewardship	1	NA	1	0	2.54	0	0
stewart	3	NA	1	0		0	0
stick	24	0	1	0	4.59	1	0
sticker	6	NA	1	0	4.67	0	0
sticky	9	NA	1	0	3.59	0	0
stiff	1	NA	1	0	3.62	0	0
stiffen	1	NA	1	0	3.82	0	0
stiffness	2	NA	1	0	2.93	0	0
stigma	13	3	1	0	1.76	2	0
stigmasterol	1	NA	1	0		1	0
stigmatize	1	NA	1	0	2.04	0	0
still	362	0	0	0	3.46	0	0
stimulate	58	NA	1	0	3.22	0	1
stimulation	5	NA	1	0	2.44	0	0
stimulatory	2	NA	1	0	2.08	0	0
stimulus	10	NA	1	0	3.04	2	2
stinging	6	NA	1	0	4.04	0	0
stingray	1	NA	1	0	4.90	0	0
stint	2	NA	1	0	2.83	0	0
stipulate	3	NA	1	0	2.04	0	0
stir	1	NA	1	0	3.76	0	0
stirling	12	NA	1	1		0	0
stirrup	1	NA	1	0	4.90	0	0
stlka	1	NA	1	0		0	0
stock	9	NA	1	0	4.19	0	0
stockholm	15	NA	1	1		0	0
stocking	7	NA	1	1	4.86	0	0
stockmarket	1	NA	1	0		0	0
stocks	1	NA	1	0	3.97	0	0
stockwell	4	0	1	1		0	0
stoke	2	NA	1	1	3.58	0	0
stoma	12	NA	1	0	3.92	1	0
stomach	55	NA	1	0	4.89	1	0
stone	21	NA	1	0	4.72	0	0
stop	184	0	1	0	3.68	0	1
stopping	17	NA	1	0	3.19	0	0
stops	11	NA	1	0		0	0
stopwatch	1	NA	1	0	4.92	0	0
stor	2	NA	1	0		0	0
storage	45	NA	1	0	3.47	0	1
store	224	0	1	0	4.50	0	1
storey	10	NA	1	0		0	0
stork	4	NA	1	0	4.72	0	0
storm	12	NA	1	0	4.70	0	0
story	132	0	1	0	3.30	0	0
storyline	1	NA	1	0	2.78	0	0
stout	2	NA	1	0	3.41	0	0
stove	4	NA	1	0	4.96	0	0
stovetop	1	NA	1	0		0	0
strada	3	NA	1	1		0	0
straddle	1	NA	1	0	3.74	0	0
straight	21	0	1	0	2.76	0	0
straighten	2	NA	1	0	3.72	0	0
straightforward	4	NA	1	0	1.89	0	0
strain	29	NA	1	0	3.00	0	0
strait	7	NA	1	1	4.04	0	0
strand	87	NA	1	0	4.10	0	3
strange	19	0	1	0	1.86	0	0
strangely	1	NA	1	0	1.92	0	0
strangeness	1	NA	1	0	2.11	0	0
stranger	8	NA	1	0	3.76	0	0
strap	6	NA	1	0	4.79	0	0
strapline	1	NA	1	0		0	0
strategic	5	NA	1	0	1.93	0	0
strategist	3	NA	1	0	3.14	0	0
strategy	34	NA	1	0	1.93	0	0
stratford	29	1	1	1		1	0
stratification	4	NA	1	0		0	0
stratovolcano	4	NA	1	0		0	0
stratovolcanoes	3	NA	1	0		0	0
stratum	2	NA	1	0		0	0
straw	4	NA	1	0	4.77	0	0
strawberry	3	NA	1	0	5.00	0	0
stream	63	NA	1	0	4.50	1	0
streamflow	1	NA	1	0		0	0
streaming	50	NA	1	0	3.25	0	0
streamline	3	NA	1	0	2.61	0	0
street	155	0	1	0	4.75	0	1
streetlight	3	NA	1	0	4.82	0	0
streetscape	1	NA	1	0		0	0
strength	47	NA	1	0	2.96	0	1
strengthen	7	NA	1	0	2.50	0	0
strengthening	1	NA	1	0	2.14	0	0
strep	1	NA	1	0	3.46	0	0
streptococcus	2	NA	1	1		0	0
stress	40	NA	1	0	2.62	2	0
stressful	8	NA	1	0	1.89	0	0
stressor	2	NA	1	0	1.96	0	0
stretch	28	0	1	0	3.62	0	1
stretching	6	NA	1	0		0	0
striate	6	NA	1	0		0	0
striation	1	NA	1	0		0	0
stricken	4	NA	1	0	2.27	0	0
strickland	3	NA	1	1		0	0
strict	16	NA	1	0	2.72	0	0
strictly	12	NA	1	0	2.07	0	0
stride	1	NA	1	0	3.81	0	0
strife	1	NA	1	0	2.20	0	0
strike	22	NA	1	0	4.07	0	0
striker	3	NA	1	0	3.73	0	0
striking	8	0	1	0	2.85	0	0
strikingly	1	NA	1	0	1.89	0	0
string	9	NA	1	0	4.76	0	0
strings	2	NA	1	0	4.75	0	0
strip	6	NA	1	0	3.75	0	0
stripe	2	NA	1	0	4.72	0	0
strive	4	NA	1	0	2.07	0	0
strobilus	3	NA	1	0		0	1
stroke	14	1	1	0	4.10	4	0
stroll	3	NA	1	0	3.97	0	0
stroller	2	NA	1	0	4.96	0	0
stroma	11	7	1	0		2	0
stromatolite	2	NA	1	0		1	0
stromatolites	7	NA	1	0		0	0
strong	159	0	1	0	3.14	0	0
stronghold	2	NA	1	0	2.81	0	0
strongly	26	NA	1	0	2.39	0	0
structural	48	0	1	0	2.69	0	0
structurally	10	NA	1	0	2.66	0	0
structure	383	NA	1	0	4.03	3	31
strucure	1	NA	1	0		0	0
struggle	61	NA	1	0	2.79	0	0
strut	1	NA	1	0	3.97	0	0
strydom	17	1	1	1		1	0
stubborn	1	NA	1	0	2.18	0	0
stud	3	NA	1	0	4.00	0	0
student	190	NA	1	0	4.92	0	3
studio	16	NA	1	0	4.55	0	0
study	486	0	1	0	3.70	2	18
studying	25	NA	1	0		0	0
stuff	17	0	1	0	3.13	1	0
stumble	4	NA	1	0	3.75	0	0
stun	7	NA	1	0	3.14	0	0
stunt	16	NA	1	0	3.24	0	0
stupefy	1	NA	1	0	1.72	0	0
stupid	9	0	1	0	1.75	0	0
sturgeon	1	NA	1	0	4.52	0	0
sturnus	1	NA	1	0		0	0
style	23	NA	1	0	2.67	1	0
stylet	1	NA	1	0		0	0
stylish	2	NA	1	0	2.14	0	0
stylize	1	NA	1	0	2.03	0	0
styx	2	NA	1	1		0	0
sub	17	NA	1	0	3.46	0	0
subarctic	2	NA	1	0	3.04	0	0
subatomic	2	NA	1	0	2.85	0	0
subclass	4	NA	1	0	2.10	0	0
subcontinent	2	NA	1	0	3.93	0	0
subcutaneous	3	NA	1	0		0	0
subcycles	1	NA	1	0		0	0
subdivide	1	NA	1	0	2.86	0	0
subduct	1	NA	1	0		0	0
subduction	5	NA	1	0		1	0
subfreezing	1	NA	1	0	2.92	0	0
subject	43	NA	1	0	3.14	0	1
subjective	1	NA	1	0	1.43	0	0
subkingdom	1	NA	1	0		0	0
sublevel	2	NA	1	0	3.14	0	0
sublimation	3	NA	1	0	2.00	0	0
submarine	2	NA	1	0	4.80	0	0
submerge	6	NA	1	0	3.39	0	0
submission	2	NA	1	0	3.00	0	0
submit	9	NA	1	0	2.68	0	0
suboptimal	1	NA	1	0	1.58	0	0
subphylum	10	NA	1	0		0	0
subscriber	17	NA	1	0	3.31	0	0
subscript	1	NA	1	0	3.57	0	0
subscription	23	NA	1	0	3.22	0	0
subsequent	30	NA	1	0	2.14	0	0
subsequently	8	NA	1	0	1.46	0	0
subset	3	NA	1	0	2.41	0	0
subside	1	NA	1	0	2.26	0	0
subsidence	2	NA	1	0		0	0
subsidize	1	NA	1	0	1.73	0	0
subsidy	3	NA	1	0	2.16	0	0
subsistence	4	NA	1	0	2.28	0	0
subsoil	3	NA	1	0	4.30	0	0
subspecies	5	NA	1	0	3.11	0	0
substance	140	NA	1	0	3.44	0	10
substantial	10	NA	1	0	2.03	0	0
substantially	6	NA	1	0	2.21	0	0
substantiate	1	NA	1	0	1.68	0	0
substation	1	NA	1	0	3.88	0	0
substitute	4	NA	1	0	2.82	0	0
substitution	1	NA	1	0	2.52	0	0
substrate	45	4	1	0		1	0
subsurface	2	NA	1	0	3.41	0	0
subterranean	2	NA	1	0	3.40	0	0
subtle	5	NA	1	0	1.72	0	0
subtly	1	NA	1	0	1.54	0	0
subtract	2	NA	1	0	3.82	0	0
subtropical	18	NA	1	0	2.96	0	0
subtropics	1	NA	1	0	3.26	0	0
subtypes	1	NA	1	0		0	0
subunit	22	NA	1	0		0	0
suburb	5	NA	1	0	3.76	0	0
suburban	8	NA	1	0	3.27	0	0
subversion	1	NA	1	0	2.15	0	0
subway	24	NA	1	0	4.86	0	0
succeed	38	NA	1	0	2.33	0	0
success	93	NA	1	0	2.21	0	0
successful	87	NA	1	0	2.07	0	0
successfully	22	NA	1	0	1.96	0	0
succession	15	1	1	0	1.73	2	0
successive	5	NA	1	0	2.45	0	0
successively	2	NA	1	0	2.41	0	0
successor	4	NA	1	0	3.29	0	0
succulent	1	NA	1	0	2.75	0	0
succumb	3	NA	1	0	2.03	0	0
such	862	0	0	0	1.48	0	0
suchlike	1	NA	1	0		0	0
suck	3	NA	1	0	3.46	0	0
sucker	4	NA	1	0	3.79	0	0
sucking	4	NA	1	0	3.83	0	0
sucrose	4	NA	1	0		1	0
suction	1	NA	1	0	3.96	0	0
sudan	32	NA	1	1		1	0
sudden	13	NA	1	0	2.07	0	0
suddenly	31	NA	1	0	1.84	0	0
suddenness	1	NA	1	0	2.15	0	0
sudoriferous	2	NA	1	0		0	0
sue	28	NA	1	0	3.07	0	0
suffer	59	NA	1	0	2.28	0	0
sufferer	9	NA	1	0	3.13	0	0
suffering	25	NA	1	0	2.39	0	0
suffice	1	NA	1	0	1.72	0	0
sufficient	15	NA	1	0	1.90	0	0
sufficiently	4	NA	1	0	1.72	0	0
suffix	1	NA	1	0	3.61	0	0
sufi	1	NA	1	0		0	0
suga	2	NA	1	1		0	0
sugar	86	NA	1	0	4.87	1	3
sugary	2	NA	1	0	3.89	0	0
suggest	197	0	1	0	1.80	0	0
suggestion	11	NA	1	0	2.23	0	0
suggestive	1	NA	1	0	2.00	0	0
suicide	17	0	1	0	3.59	0	0
suit	49	NA	1	0	4.97	0	0
suitable	9	NA	1	0	1.93	0	0
suitably	2	NA	1	0	1.86	0	0
suitcase	4	NA	1	0	4.97	0	0
suite	4	NA	1	0	4.16	0	0
sulfadoxine	5	NA	1	1		0	0
sulfate	6	NA	1	0	3.86	0	0
sulfide	9	0	1	0	3.81	0	0
sulfur	26	NA	1	0	4.43	1	0
sulfuric	1	NA	1	0	2.64	0	0
sulfurous	3	NA	1	0	2.83	0	0
sullivan	33	NA	1	1		0	0
sulphur	4	NA	1	0	4.23	0	0
sum	14	NA	1	0	2.89	0	0
sumatra	4	NA	1	1		0	0
sumatran	1	NA	1	0		0	0
sumayya	3	NA	1	1		0	0
sumiti	1	NA	1	0		0	0
summarize	12	NA	1	0	2.32	0	0
summary	7	NA	1	0	3.03	0	0
summer	109	0	1	0	3.64	0	0
summertime	5	NA	1	0	2.96	0	0
summit	10	NA	1	0	4.21	0	0
summons	1	NA	1	0	2.97	0	0
sumptuous	2	NA	1	0		0	0
sun	104	NA	1	0	4.83	2	0
sun's	3	NA	1	0		0	0
sunbathe	7	NA	1	0	3.72	0	0
sundance	1	NA	1	0		0	0
sunday	9	NA	1	1	3.32	0	0
sunderland	2	NA	1	1		0	0
sundew	1	NA	1	0		0	0
suneel	3	NA	1	0		0	0
sunflower	1	NA	1	0	4.80	0	0
sung	3	NA	1	0	3.08	0	0
sunglasses	3	NA	1	0	4.83	0	0
sunlight	78	1	1	0	4.45	1	0
sunny	4	NA	1	0	4.20	0	0
sunrise	8	NA	1	0	4.69	0	0
sunset	6	NA	1	0	4.54	0	0
sunshine	7	NA	1	0	4.21	0	0
suny	1	NA	1	0		0	0
super	12	NA	1	1	1.90	0	0
superb	2	NA	1	0	1.62	0	0
superbug	1	NA	1	0		0	0
supercoiled	1	NA	1	0		0	0
supercoiling	2	NA	1	0		1	0
supercomputer	2	NA	1	0	4.00	0	0
supercontinent	4	NA	1	0	3.59	0	0
superfast	3	NA	1	0		0	0
superficial	6	NA	1	0	1.85	0	0
superficially	2	NA	1	0	1.86	0	0
supergroup	7	0	1	0		0	6
supergroups	4	NA	1	0		0	0
superhighway	1	NA	1	0	4.33	0	1
superhuman	1	NA	1	0	2.59	0	0
superintendent	2	NA	1	1	4.21	0	0
superior	2	NA	1	0	2.03	0	0
supermarket	14	NA	1	0	4.57	0	0
supermodel	1	NA	1	0	4.33	0	0
supernatural	1	NA	1	0	2.04	0	0
supernova	1	NA	1	0	3.78	0	0
superpower	5	NA	1	0	2.87	0	0
supersaturated	1	NA	1	0		0	0
supersede	1	NA	1	0	1.50	0	0
supersmart	2	NA	1	0		0	0
supersonic	8	0	1	0	2.27	0	0
supertrees	6	NA	1	0		0	0
supervise	2	NA	1	0	2.48	0	0
supervising	1	NA	1	0		0	0
supervision	5	NA	1	0	2.19	0	0
supervisor	2	NA	1	0	4.26	0	0
supper	2	NA	1	0	4.63	0	0
supplement	4	NA	1	0	3.07	0	0
supplier	11	NA	1	0	3.41	0	0
supply	77	NA	1	0	3.43	0	0
supplying	2	NA	1	0		0	0
support	286	NA	1	0	2.83	0	0
supporter	73	1	1	0	3.26	1	0
supporting	20	NA	1	0	2.52	0	0
supportive	4	NA	1	0	2.20	0	0
suppose	17	0	1	0	1.37	0	0
supposedly	1	NA	1	0	1.86	0	0
suppress	12	NA	1	0	2.22	0	0
suppression	4	NA	1	0	2.31	0	0
suppressor	4	NA	1	0	2.93	0	0
suprachiasmatic	1	NA	1	0		0	0
supreme	7	NA	1	1	2.00	0	0
sure	91	0	1	0	1.73	0	0
surely	2	NA	1	0	1.71	0	0
surf	3	NA	1	0	4.57	0	0
surface	252	NA	1	0	4.26	0	1
surfactant	1	NA	1	0		0	0
surfer	10	NA	1	0	4.73	0	1
surge	8	NA	1	0	2.78	0	0
surgeon	3	NA	1	0	4.54	0	0
surgery	13	NA	1	0	4.34	0	0
surgical	3	NA	1	0	2.89	0	0
suriname	3	NA	1	1		0	0
surloff	2	NA	1	1		0	0
surly	1	NA	1	0	2.32	0	0
surmountable	1	NA	1	0	1.88	0	0
surname	2	NA	1	0	2.79	0	0
surpass	1	NA	1	0	2.73	0	0
surplus	5	NA	1	0	3.33	0	0
surprise	124	0	1	0	3.24	1	0
surprisingly	14	NA	1	0	1.92	0	0
surreal	3	NA	1	0	1.30	0	0
surrender	1	NA	1	0	2.63	0	0
surrey	1	NA	1	0		0	0
surrogate	2	NA	1	0	2.83	0	0
surround	118	NA	1	0	2.81	0	1
surroundings	15	1	1	0	3.88	1	0
surveillance	43	NA	1	0	3.11	0	0
survey	82	1	1	0	4.08	1	0
surveying	1	NA	1	0	2.93	0	0
survival	49	NA	1	0	2.34	0	1
survive	135	NA	1	0	2.55	0	0
survivor	12	NA	1	0	3.33	0	0
survivorship	14	NA	1	0	2.08	0	0
susan	1	NA	1	0		0	0
susceptibility	4	NA	1	0	1.60	0	0
susceptible	2	NA	1	0	2.14	0	0
sushi	3	NA	1	0	4.96	0	0
suspect	24	NA	1	0	2.59	0	0
suspend	22	NA	1	0	2.74	0	0
suspension	8	NA	1	0	3.17	0	0
suspicion	7	NA	1	0	1.62	0	0
suspicious	2	NA	1	0	1.87	0	0
sussman	1	NA	1	0		0	0
sustain	25	NA	1	0	2.17	0	0
sustainability	8	NA	1	0	1.69	0	0
sustainable	22	NA	1	0	2.21	0	0
sustainably	6	NA	1	0		0	0
sustainia	6	NA	1	1		0	0
sustenance	1	NA	1	0	2.26	0	0
susumu	3	NA	1	0		0	0
sutherland	3	NA	1	1		1	0
suture	1	NA	1	0	4.15	0	0
suv	3	NA	1	1		0	0
svalbard	5	NA	1	1		0	0
swab	1	NA	1	0	4.34	0	0
swabey	10	1	1	1		2	0
swallow	21	NA	1	0	3.89	0	0
swamp	7	NA	1	0	4.96	0	0
swampy	1	NA	1	0	3.71	0	0
swap	19	NA	1	0	3.85	0	0
swarm	3	NA	1	0	3.97	0	0
swat	1	NA	1	0	4.27	0	0
swathe	1	NA	1	0		0	0
sweat	15	NA	1	0	4.71	0	0
sweating	9	NA	1	0	4.24	0	0
swede	3	NA	1	1		0	1
sweden	74	0	1	1		3	0
swedish	13	NA	1	1		0	0
sweep	2	NA	1	0	3.72	0	0
sweeping	3	NA	1	0	3.31	0	0
sweet	32	0	1	0	4.00	0	0
sweetie	2	NA	1	0	2.54	0	0
swell	5	NA	1	0	3.31	0	0
swelling	5	NA	1	0	4.13	0	0
swift	13	NA	1	1	3.04	0	0
swiftly	2	NA	1	0	2.29	0	0
swiftness	1	NA	1	0	2.71	0	0
swim	44	0	1	0	4.43	0	0
swimmer	6	NA	1	0	4.77	0	0
swimming	27	NA	1	0	4.44	0	0
swindle	2	NA	1	0	2.68	0	0
swing	12	NA	1	0	4.54	0	0
swinging	2	NA	1	0	3.50	0	0
swirl	2	NA	1	0	3.93	0	0
swiss	22	NA	1	1		0	0
switch	26	NA	1	0	4.07	2	0
switching	5	NA	1	0	2.45	0	0
switzerland	14	NA	1	1		0	0
swoop	2	NA	1	0	3.19	0	0
sword	4	NA	1	0	4.93	0	0
swordfish	1	NA	1	0	4.89	0	0
swordtail	1	NA	1	0		0	0
sydney	17	NA	1	1		0	0
syed	2	NA	1	0		0	0
syllabus	4	NA	1	0	4.07	0	0
sylvio	2	NA	1	0		0	0
symbionts	3	NA	1	0		0	0
symbioses	2	NA	1	0		0	0
symbiosis	3	NA	1	1	2.48	0	0
symbiotic	19	NA	1	0	1.88	0	0
symbiotically	1	NA	1	0	1.52	0	0
symbol	22	NA	1	0	3.11	0	1
symbolic	2	NA	1	0	2.11	0	0
symbolically	2	NA	1	0	1.64	0	0
symbolize	3	NA	1	0	2.40	0	0
symmetrical	5	NA	1	0	3.61	0	0
symmetry	20	NA	1	0	2.79	1	0
sympathetic	14	NA	1	0	1.77	0	0
sympathy	3	NA	1	0	1.88	0	0
sympatric	14	NA	1	0		0	0
symphysis	1	1	1	0		1	0
symptom	21	NA	1	0	3.19	0	0
symptomatic	1	NA	1	0	2.04	0	0
synapse	7	3	1	0	3.61	1	0
synapsis	13	2	1	0		4	0
synaptic	6	NA	1	0	2.54	0	0
synchronize	3	NA	1	0	2.73	0	0
synchrony	1	NA	1	0		0	0
syndrome	16	NA	1	0	2.48	1	0
synergistic	1	NA	1	0		0	0
syngamy	2	NA	1	0		1	0
synodinos	1	NA	1	0		0	0
synonymous	2	NA	1	0	2.22	0	0
synovial	11	NA	1	0		0	0
syntax	1	NA	1	0	2.08	0	0
synthase	11	4	1	0		2	0
synthesis	60	NA	1	0	1.54	1	0
synthesize	78	NA	1	0	2.22	0	2
synthetic	11	NA	1	0	3.00	0	0
synthetically	1	NA	1	0	2.42	0	0
syphilis	2	NA	1	0	3.93	0	0
syracuse	1	NA	1	0		0	0
syria	8	NA	1	1		0	0
syrian	9	NA	1	1		0	0
syrphus	1	NA	1	0		0	0
system	722	0	1	0	2.94	2	4
systematic	5	0	1	0	2.00	0	0
systematically	1	NA	1	0	2.45	0	0
systematics	4	1	1	0		3	0
systemic	17	NA	1	0	1.80	0	0
systole	5	2	1	0		1	0
szyszko	3	NA	1	1		0	0
tabata	34	NA	1	1		0	0
tabatas	7	NA	1	1		1	0
table	64	0	1	0	4.90	1	1
tablet	32	NA	1	0	4.82	0	1
tabloid	2	NA	1	0	4.07	0	0
taboo	6	NA	1	0	1.67	0	0
tabor	4	NA	0	1		0	0
tackle	29	NA	1	0	4.28	0	0
tactic	1	NA	1	0	2.10	0	0
tactics	2	NA	1	0	2.48	0	0
tadpole	7	2	1	0	4.86	1	1
taenia	1	NA	1	0		0	0
tafelband	1	NA	1	0		0	0
taff	8	1	1	1		1	0
tag	32	NA	1	0	4.25	0	0
tagus	1	NA	1	0		0	0
tahan	1	NA	1	0		0	0
tahiti	3	NA	1	1		0	0
tai	2	NA	1	0		0	0
taiga	2	NA	1	0		0	0
tail	43	NA	1	0	4.96	1	0
tailor	2	NA	1	0	4.67	0	0
tailoring	1	NA	1	0	3.71	0	0
tails	7	NA	1	0		0	0
tailwind	1	NA	1	0	3.08	0	0
taint	1	NA	1	0	2.19	0	0
taj	1	NA	1	0		0	0
takahito	4	NA	1	1		0	0
takashi	1	NA	1	0		0	0
take	720	0	0	0	3.06	0	1
takeaway	6	NA	1	0	3.15	0	0
takemitsu	3	NA	1	1		0	0
taking	109	0	0	0	2.79	0	0
takings	1	NA	1	0	2.26	0	0
taklimakan	1	NA	1	0		0	0
tale	12	NA	1	0	3.23	0	0
talent	20	NA	1	0	2.19	0	0
talented	3	NA	1	0	2.04	0	0
talib	3	NA	1	1		0	0
taliban	30	0	1	1		0	0
talk	98	0	1	0	4.07	0	0
talking	39	0	1	0	3.72	0	0
talks	18	NA	1	0		0	0
tall	29	NA	1	0	3.36	0	0
tally	1	NA	1	0	3.07	0	0
tamarack	3	NA	1	0		0	0
tamarin	1	NA	1	0		0	0
tambo	6	NA	1	1		0	0
tame	4	NA	1	0	2.04	0	0
tamer	1	NA	1	0	2.64	0	0
tamiflu	1	NA	1	0		0	0
tamu	4	NA	1	1		0	0
tandem	3	NA	1	0	3.16	0	0
tangible	1	NA	1	0	2.77	0	0
tangle	3	NA	1	0	3.96	0	1
tank	51	NA	1	0	4.80	0	1
tanker	2	NA	1	0	4.68	0	0
tannery	1	NA	1	0	4.18	0	0
tanni	3	NA	1	1		0	0
tanya	3	NA	1	1		0	0
tap	6	NA	1	0	4.29	0	0
tapa	2	NA	1	0		0	0
tape	3	NA	1	0	4.90	0	0
taper	3	NA	1	0	3.56	0	0
tapeworm	12	NA	1	0	4.93	0	0
taping	6	NA	1	0		0	0
tapping	2	NA	1	0	4.40	0	0
taproot	1	NA	1	0		0	0
taps	3	NA	1	0	3.75	0	0
tar	1	NA	1	0	4.78	0	0
tarantula	1	NA	1	0	4.83	0	0
target	119	NA	1	0	4.11	0	2
tarifa	25	0	1	1		1	0
tarifas	1	NA	1	0		0	0
tarmac	2	NA	1	0	4.80	0	0
tarnish	2	NA	1	0	3.29	0	0
tarsier	4	NA	1	0		0	0
tarzan	1	NA	1	0		0	0
task	60	NA	1	0	2.84	0	0
tasmanian	3	NA	1	1		0	0
tasmaniensis	1	NA	1	0		0	0
taste	32	1	1	0	4.07	1	0
tasteless	2	NA	1	0	2.54	0	0
taster	7	NA	1	0	3.55	0	0
tasting	14	1	1	0	3.60	2	0
tate	1	NA	1	0		0	0
tatra	3	NA	1	1		0	0
tattered	2	NA	1	0	3.70	0	0
tatyana	3	NA	1	0		0	0
taut	1	NA	1	0	3.92	0	0
tax	113	0	1	0	3.89	0	0
taxi	16	NA	1	0	4.93	0	0
taxis	8	NA	1	0	4.30	0	0
taxol	1	NA	1	0		0	0
taxon	15	NA	1	0		1	3
taxonomic	28	NA	1	0		0	0
taxonomy	4	NA	1	0		1	0
taxpayer	1	NA	1	0	4.14	0	0
taxus	1	NA	1	0		0	0
taylor	5	NA	1	1		0	0
tcagtact	1	NA	1	0		0	0
tea	46	NA	1	0	4.69	0	0
teabag	1	NA	1	0	4.82	0	0
teabreak	1	NA	1	0		0	0
teach	50	0	1	0	3.15	0	0
teacher	39	NA	1	0	4.52	0	1
teaching	17	NA	1	0	2.82	0	0
team	238	0	1	0	3.79	0	3
tear	20	NA	1	0	4.56	0	0
tearing	3	NA	1	0	3.46	0	0
tears	3	NA	1	0		0	0
teaser	2	NA	1	0	2.93	0	0
tech	22	NA	1	0	3.03	0	0
technical	23	NA	1	0	1.97	0	0
technically	10	NA	1	0	1.90	0	0
technician	16	NA	1	0	4.10	0	0
technique	69	NA	1	0	2.40	0	5
technological	9	NA	1	0	2.08	0	0
technologically	3	NA	1	0	2.29	0	0
technologist	1	NA	1	0	3.48	0	0
technology	265	NA	1	0	3.24	1	1
technomic	5	NA	1	1		0	0
tectonic	12	NA	1	0	2.48	0	0
tectonics	3	NA	1	0		0	0
ted	1	NA	1	0		0	0
tedious	2	NA	1	0	1.97	0	0
tedium	2	NA	1	0		0	0
teem	2	NA	1	0		0	0
teen	3	NA	1	0	4.16	0	0
teenage	5	NA	1	0	3.52	0	0
teenager	31	NA	1	0	4.34	0	0
teens	4	NA	1	0	3.69	0	0
teepee	1	NA	1	0	4.59	0	0
teeth	29	NA	1	0	4.96	0	0
tefal	1	NA	1	0		0	0
teff	48	NA	1	0		3	0
teicoplanin	3	NA	1	0		0	0
teide	2	NA	1	1		0	0
teixeira	6	0	1	1		1	0
telecom	8	NA	1	0	2.91	0	0
telecommunication	3	NA	1	0	3.00	0	0
telecommuting	2	NA	1	0		0	0
telegraph	3	NA	1	1	4.59	0	0
telepathy	22	NA	1	1	2.17	1	0
telephone	23	NA	1	0	4.96	0	0
telescope	14	NA	1	0	5.00	0	0
telescopic	7	NA	1	0	3.30	0	0
televise	4	NA	1	0	3.00	0	0
television	60	NA	1	0	4.83	1	0
tell	321	0	1	0	2.90	0	0
teller	3	NA	1	0	4.38	0	0
telling	16	0	1	0	2.45	0	0
telly	8	NA	1	0		0	0
telomerase	16	3	1	0		1	0
telomere	9	1	1	0		2	0
telophase	12	2	1	0		1	0
temeraire	3	NA	1	1		0	2
tempe	1	NA	1	0		0	0
temper	2	NA	1	0	2.56	0	0
temperate	37	NA	1	0	2.59	0	0
temperature	240	NA	1	0	3.71	1	4
tempest	2	NA	1	1	3.17	0	0
template	35	NA	1	0	4.19	0	0
temporal	7	NA	1	0	2.12	0	0
temporarily	7	NA	1	0	2.04	0	0
temporary	29	NA	1	0	2.27	0	0
tempt	2	NA	1	0	2.10	0	0
ten	196	0	0	0	3.39	0	0
tenant	7	NA	1	0	4.55	0	0
tend	51	NA	1	0	2.00	0	0
tendency	7	NA	1	0	1.83	0	0
tender	4	NA	1	0	2.58	0	0
tenderness	2	NA	1	0	2.06	0	0
tending	2	NA	1	0	1.96	0	0
tendon	1	NA	1	0	4.47	0	0
tenerife	2	NA	1	1		0	0
tenet	1	NA	1	0	3.20	0	0
tennessee	1	NA	0	0		0	0
tennis	6	NA	1	0	4.43	0	0
tensecond	1	NA	1	0		0	0
tensile	1	NA	1	0	2.25	0	0
tension	21	NA	1	0	2.60	1	0
tent	3	NA	1	0	4.96	0	0
tentacle	16	0	1	0	4.46	0	0
tentative	3	NA	1	0	2.03	0	0
tenth	5	NA	1	0	3.07	0	0
tentvillage	1	NA	1	0		0	0
tenure	1	NA	1	0	2.42	0	0
tenzing	2	NA	1	1		0	0
tepal	1	NA	1	0		0	0
tephra	2	NA	1	0		0	0
terawatts	1	NA	1	0		0	0
term	121	NA	1	0	2.82	0	4
terminal	9	NA	1	0	3.86	1	0
terminate	2	NA	1	0	2.29	0	0
termination	10	NA	1	0	2.47	0	0
terminology	2	NA	1	0	2.00	0	0
termite	7	NA	1	0	4.70	0	0
terms	59	NA	1	0		0	0
terrace	3	NA	1	0	4.67	0	0
terrain	5	NA	1	0	4.27	0	0
terrapin	1	NA	1	0		0	0
terrestrial	63	NA	1	0	3.04	0	0
terrestrially	2	NA	1	0		0	0
terri	1	NA	1	0		0	0
terrible	25	0	1	0	2.04	0	0
terrier	2	NA	1	0	4.62	0	0
terrific	2	NA	1	0	2.07	0	0
terrify	5	NA	1	0	2.71	0	0
territorial	8	NA	1	0	2.71	0	0
territory	26	NA	1	0	3.41	0	0
terror	8	NA	1	0	2.43	0	0
terrorism	7	NA	1	0	2.79	0	0
terrorist	22	NA	1	0	3.64	0	0
tertiary	6	NA	1	0		0	0
tesco	23	NA	1	1		0	0
tesla	1	NA	1	0		0	0
test	223	0	1	0	3.93	3	3
testable	2	NA	1	0	2.39	0	0
testament	1	NA	1	0	2.70	0	0
testicle	1	NA	1	0	4.59	0	0
testicular	7	NA	1	0	3.71	0	0
testimonial	1	NA	1	0	2.92	0	0
testimony	1	NA	1	0	3.21	0	0
testing	46	NA	1	0	3.43	0	0
testis	26	NA	1	0		2	0
testosterone	16	1	1	0	3.79	1	0
testudines	5	NA	1	1		0	0
tetanus	3	NA	1	0	4.19	0	0
teton	1	NA	1	0		0	0
tetra	2	1	1	0		1	1
tetrad	10	NA	1	0		0	0
tetrahedron	1	NA	1	0		0	0
tetrahymena	1	NA	1	0		0	0
tetraploid	1	NA	1	0		0	0
tetrapod	12	NA	1	0		1	0
texas	7	NA	1	1		0	0
text	36	NA	1	0	4.93	0	1
textbook	13	NA	1	0	4.86	0	0
textile	1	NA	1	0	4.23	0	0
texture	5	NA	1	0	3.83	0	0
textured	3	NA	1	0	3.50	0	0
tgi	3	NA	1	1		0	0
thailand	9	NA	1	1		0	0
thalamus	7	1	1	0		2	0
thales	1	NA	1	0		0	0
thali	3	NA	1	1		0	0
thaliana	1	NA	1	0		0	0
thallus	6	1	1	0		2	0
thames	6	NA	1	1		0	0
thamnophis	2	NA	1	1		0	0
thank	15	0	1	0	3.00	0	0
thankful	2	NA	1	0	1.69	0	0
thanks	18	0	1	0	2.15	0	0
that	2	0	0	0	1.54	0	0
thatcher	30	1	1	1		3	0
thatcherism	1	NA	1	0		0	0
thats	40	NA	1	0		0	0
thavis	9	NA	1	1		0	0
the	3	0	0	0	1.43	0	0
theatre	20	NA	1	0		0	0
theatrical	1	NA	1	0	2.18	0	0
theatrics	2	NA	1	0	2.43	0	0
theft	10	NA	1	0	2.93	0	0
theirs	3	NA	0	0	2.40	0	0
theme	16	NA	1	0	2.72	0	0
themselves	89	NA	0	0	2.93	0	0
thence	1	NA	0	0	1.36	0	0
theodor	1	NA	1	0		0	0
theodosius	4	NA	1	1		0	0
theology	1	NA	1	0	1.93	0	0
theophrastus	1	NA	1	0		0	0
theoretical	5	NA	1	0	1.37	0	0
theorist	2	NA	1	0	2.54	0	0
theory	78	1	1	0	1.47	3	1
therapeutic	4	NA	1	0	2.23	0	0
therapist	6	NA	1	0	4.52	0	1
therapy	34	NA	1	0	2.85	2	0
there	39	0	0	0	2.20	0	0
thereby	11	NA	0	0	1.42	0	0
therefore	119	NA	0	0	1.33	0	0
thereof	1	NA	1	0	1.31	0	0
therian	1	NA	1	0		0	0
thermal	9	NA	1	0	3.21	0	0
thermodynamic	2	NA	1	0	1.93	0	0
thermodynamically	1	NA	1	0	2.20	0	0
thermodynamics	11	1	1	0	2.74	2	0
thermophila	1	NA	1	0		0	0
thermoregulation	5	1	1	0	2.67	2	0
thermostat	3	NA	1	0	4.87	0	0
thetis	1	NA	1	0		0	0
theyd	2	NA	1	0		0	0
theyll	3	NA	1	0		0	0
theyre	24	NA	1	0		0	1
theyve	5	NA	1	0		0	0
thiago	3	NA	1	1		0	0
thick	60	NA	1	0	4.00	0	3
thicken	5	NA	1	0	3.52	0	0
thickening	1	NA	1	0	3.21	0	0
thickett	1	NA	1	0		0	0
thickness	8	NA	1	0	3.37	0	1
thigh	2	NA	1	0	4.90	0	0
thighbone	1	NA	1	0	4.96	0	0
thin	44	0	1	0	3.83	0	0
thing	184	0	1	0	3.17	0	1
things	279	0	1	0		0	1
think	582	0	1	0	2.41	0	1
thinker	1	NA	1	0	2.54	0	0
thinking	72	0	1	0	1.96	0	1
thinktank	3	NA	1	0	2.63	0	0
thinner	4	NA	1	0	2.70	0	0
thinning	1	NA	1	0	3.39	0	0
third	172	0	0	0	3.44	0	0
thirst	2	NA	1	0	3.04	0	0
thirteen	3	NA	1	0	3.69	0	0
thirteenth	3	NA	1	0	3.00	0	0
thirty	5	NA	0	0	3.75	0	0
this	1	0	0	0	2.14	0	0
thom	3	NA	1	1		0	0
thomas	11	NA	1	1		0	0
thompson	9	NA	1	1		0	0
thoracic	8	NA	1	0		0	0
thorax	9	NA	1	0	4.56	0	0
thorn	4	NA	1	0	5.00	1	0
thorough	5	NA	1	0	1.66	0	0
thoroughly	5	NA	1	0	2.19	0	0
though	104	0	0	0	1.20	0	0
thought	21	NA	1	0	1.97	0	0
thoughtful	2	NA	1	0	1.96	0	0
thousand	119	NA	0	0	3.08	0	0
thousandth	3	NA	1	0	3.21	0	0
thread	6	NA	1	0	4.83	0	0
threads	3	NA	1	0		0	0
threat	59	NA	1	0	2.52	0	4
threaten	54	NA	1	0	2.63	0	0
three	487	0	0	0	3.62	0	0
threefold	1	NA	1	0	2.25	0	0
threshold	6	NA	1	0	3.48	0	0
thrice	2	NA	1	0		0	0
thrill	10	NA	1	0	2.46	0	0
thrive	23	NA	1	0	2.21	0	0
throat	13	NA	1	0	4.97	0	1
throaty	1	NA	1	0	2.85	0	0
throes	1	NA	1	0		0	0
throne	8	NA	1	0	4.64	0	0
through	680	0	0	0	2.90	0	0
throughout	101	NA	0	0	2.27	0	0
throw	58	0	1	0	4.04	0	1
throwaway	2	NA	1	0	2.92	0	0
thrush	2	NA	1	0	3.92	0	0
thrust	4	NA	1	0	3.29	0	0
thud	1	NA	1	0	3.20	0	0
thumb	1	NA	1	0	4.96	0	0
thunder	2	NA	1	0	4.34	0	0
thunderball	6	NA	1	1		0	0
thunderclap	1	NA	1	0	3.96	0	0
thunderstorm	1	NA	1	0	4.83	0	0
thuringiensis	1	NA	1	0		0	0
thursday	6	NA	1	1	3.03	0	0
thus	96	NA	0	0	1.36	0	0
thut	8	NA	1	1		1	0
thylakoid	13	7	1	0		1	0
thylakoids	8	NA	1	0		2	0
thymine	17	NA	1	0		0	0
thymosin	2	1	1	0		1	0
thymus	9	2	1	0		2	0
thyroid	26	0	1	0	4.61	0	0
thyroxine	4	NA	1	0		0	0
tianjin	1	NA	1	0		0	0
tibet	3	NA	1	1		0	0
tibetan	1	NA	1	0		0	0
tic	2	NA	1	0	3.77	0	0
tick	2	NA	1	0	4.57	0	0
ticket	37	NA	1	0	4.70	0	1
ticketholders	1	NA	1	0		0	0
ticketlessness	2	NA	1	0		0	0
tickling	3	NA	1	0	4.17	0	0
tidal	5	NA	1	0	3.14	0	0
tide	9	NA	1	0	4.10	0	1
tider	3	NA	1	1		0	0
tie	16	NA	1	0	4.81	0	0
tier	3	NA	1	1	3.67	0	0
tiger	36	NA	1	0	5.00	0	0
tigers	34	NA	1	0		0	0
tight	19	NA	1	0	3.87	0	0
tighten	2	NA	1	0	3.33	0	0
tightly	17	NA	1	0	2.47	0	0
tigris	1	NA	1	0		0	0
tikka	1	NA	1	0		0	0
tile	12	NA	1	0	4.68	0	0
tilefish	1	NA	1	0		0	0
till	5	0	0	0	4.00	0	0
tim	6	NA	1	1		0	0
timber	10	NA	1	0	4.90	0	0
timberlake	2	NA	1	1		0	0
time	874	0	1	0	3.07	1	2
timeline	6	NA	1	0	3.57	0	0
times	200	0	1	0	2.07	0	0
timetable	13	NA	1	0	4.08	0	0
timing	19	NA	1	0	2.86	0	0
timmerman	1	NA	1	0		0	0
timmermans	2	NA	1	1		1	0
timms	8	NA	1	1		0	0
timothy	8	NA	1	1	3.48	0	0
tin	5	NA	1	0	4.87	0	0
tinder	1	NA	1	0	3.96	0	0
tinge	1	NA	1	0	2.65	0	0
tinmouth	3	NA	1	1		0	0
tiny	59	NA	1	0	3.11	0	0
tip	160	NA	1	0	4.50	0	0
tiques	2	NA	1	0		0	0
tire	17	0	1	0	5.00	0	0
tiredness	4	NA	1	0	2.68	0	0
tissue	243	2	1	0	4.93	3	5
titanium	2	NA	1	0	4.67	0	0
title	26	NA	1	0	3.32	0	0
titular	1	NA	1	0		0	0
titus	1	NA	1	0		0	0
tness	8	NA	1	0		0	0
toad	6	NA	1	0	5.00	0	0
toast	4	NA	1	0	4.93	0	0
toaster	2	NA	1	0	4.90	0	0
tobacco	34	0	1	0	4.88	0	0
today	154	0	1	0	2.57	0	0
todd	14	NA	1	1		0	0
toddler	1	NA	1	0	4.29	0	0
toe	6	NA	1	0	4.93	0	0
toenail	1	NA	1	0	4.86	0	0
together	244	0	0	0	2.74	0	0
togetherness	1	NA	1	0	2.62	0	0
toilet	15	NA	1	0	4.97	0	0
token	7	1	1	0	4.30	1	0
tokyo	15	NA	1	1		0	0
toledano	4	NA	1	1		0	0
toledo	1	NA	1	0		0	0
tolerance	11	NA	1	0	2.11	1	0
tolerant	3	NA	1	0	2.07	0	0
tolerate	1	NA	1	0	1.78	0	0
toll	4	NA	1	0	3.54	0	0
tom	13	0	1	1	3.96	0	0
tomato	9	NA	1	0	5.00	0	1
tomb	6	NA	1	0	4.73	0	0
tombaugh	3	NA	1	1		0	0
tommy	3	NA	1	1		0	0
tomography	3	NA	1	0		0	0
tomoo	1	NA	1	0		0	0
tomorrow	3	0	1	0	2.04	0	0
tomozawa	3	1	1	1		1	0
ton	4	NA	1	0	4.17	0	0
tonagawa	14	NA	1	1		0	0
tonagawas	2	NA	1	1		0	0
tone	8	NA	1	0	3.07	0	0
tonga	3	NA	1	1		0	0
tongue	12	NA	1	0	4.93	0	0
tonicity	4	2	1	0		1	0
tonight	3	0	1	1	2.93	0	0
tonne	46	NA	1	0		0	0
tons	2	NA	1	0		0	0
tonsil	3	NA	1	0	4.72	0	0
too	293	0	0	0	1.70	0	0
tool	48	NA	1	0	4.60	0	1
toolkit	8	0	1	1	4.76	0	0
tooth	7	NA	1	0	4.89	0	0
toothbrush	2	NA	1	0	5.00	0	0
toothed	3	NA	1	0	3.46	0	0
toothless	1	NA	1	0	4.26	0	0
toowoomba	1	NA	1	0		0	0
top	258	0	0	0	3.93	0	0
topic	21	NA	1	0	2.59	0	0
topical	2	NA	1	0	2.76	0	0
topless	3	NA	1	0	4.11	0	0
topper	2	NA	1	0	3.77	0	0
topping	7	NA	0	0	4.00	0	0
topple	1	NA	1	0	3.59	0	0
topshop	2	NA	1	1		0	0
topsoil	1	NA	1	0	4.85	0	0
torch	2	NA	1	0	4.76	0	0
toreid	3	NA	1	1		0	0
torment	2	NA	1	0	2.62	0	0
toronto	14	NA	1	1		0	0
torremolinos	3	NA	1	1		0	0
torso	4	NA	1	0	4.83	0	0
tortoise	4	NA	1	0	4.87	0	0
tortoiseshell	3	NA	1	0	4.65	0	0
torture	24	NA	1	0	3.59	0	0
torturer	1	NA	1	0	4.31	0	0
toru	3	NA	1	1		0	0
tory	1	NA	1	0		0	0
total	89	NA	1	0	2.80	0	1
totally	31	0	1	0	1.78	0	0
tote	1	NA	1	0	4.38	0	0
touch	38	0	1	0	3.86	0	0
touching	4	NA	1	0	3.43	0	0
tough	27	0	1	0	2.50	0	0
toughen	1	NA	1	0	2.41	0	0
toughness	4	NA	1	0	2.41	0	0
toulmin	1	NA	1	0		0	0
tour	40	NA	1	0	3.38	0	0
tourism	48	2	1	0	3.00	1	0
tourist	100	0	1	0	4.59	0	0
tournament	24	NA	1	0	4.11	0	0
tours	6	0	1	0		0	0
tout	2	NA	1	0		0	0
toward	52	NA	0	0	2.28	0	0
towards	75	NA	0	0	2.79	0	0
towel	3	NA	1	0	4.86	0	0
tower	36	1	1	0	4.76	2	0
town	168	0	1	0	4.64	0	4
townsendii	1	NA	1	0		0	0
township	1	NA	1	0	3.15	0	0
toxic	53	NA	1	0	3.13	0	0
toxicity	2	NA	1	0	2.79	0	0
toxicogenomics	1	NA	1	0		0	0
toxin	41	NA	1	0	3.89	0	2
toy	8	NA	1	0	4.93	0	0
toyota	3	NA	1	1		0	0
trace	26	NA	1	0	3.66	0	1
traceable	2	NA	1	0	2.14	0	0
tracey	6	NA	1	1		0	0
trachea	21	3	1	0	4.48	2	0
tracheal	1	NA	1	0		0	0
tracheid	3	NA	1	0		0	0
tracing	2	NA	1	0	3.78	0	0
track	39	1	1	0	4.31	1	0
tracker	8	NA	1	0	3.89	0	0
tracking	13	NA	1	0		0	0
tract	28	NA	1	0	3.46	0	0
traction	1	NA	1	0	3.59	0	0
trade	52	NA	1	0	3.08	0	0
trademark	4	NA	1	0	3.13	0	0
trader	3	NA	1	0	3.89	0	0
trading	12	NA	1	0	3.14	0	0
tradition	26	NA	1	0	1.69	0	1
traditional	94	0	1	0	1.76	0	0
traditionalist	2	NA	1	0	2.44	0	0
traditionally	17	NA	1	0	1.41	0	0
traeger	7	NA	1	0		0	0
traf	13	NA	1	0		0	0
trafalgar	3	NA	1	1		0	0
traffic	40	NA	1	0	4.67	0	0
trafford	3	NA	1	1		0	0
tragedy	11	NA	1	0	2.07	1	1
tragic	2	NA	1	0	2.00	0	0
trail	13	NA	0	0	4.46	0	0
trailblazer	3	NA	1	0	2.48	0	1
trailer	3	NA	1	0	4.79	0	0
train	33	0	1	0	4.79	0	0
trainee	5	NA	1	0	3.89	0	0
trainer	9	NA	1	0	4.31	0	0
training	49	0	1	0	3.30	0	0
trait	148	0	1	0	2.72	4	3
traitor	2	NA	1	0	3.69	0	0
trajectory	1	NA	1	0	3.10	0	0
tranquil	7	NA	1	0	1.90	0	0
trans	8	NA	1	0		0	0
transaction	1	NA	1	0	2.90	0	0
transactions	2	NA	1	0		0	0
transatlantic	2	NA	1	1	2.88	0	0
transcend	2	NA	1	0	1.93	0	0
transcendental	2	NA	1	0	1.48	0	0
transcribe	20	NA	1	0	3.38	0	0
transcript	13	NA	1	0	4.07	0	0
transcriptase	3	NA	1	0		0	0
transcription	33	1	1	0	3.32	2	0
transcriptional	6	NA	1	0	2.35	0	0
transduce	1	NA	1	0		0	0
transduction	2	1	1	0		1	0
transfer	75	NA	1	0	3.04	2	3
transform	43	NA	1	0	2.41	0	1
transformation	13	1	1	0	2.94	2	0
transformative	1	NA	1	0	1.56	0	0
transformer	1	NA	1	0	3.75	0	0
transgenic	16	NA	1	0		1	0
transgression	1	NA	1	0	2.48	0	0
transit	1	NA	1	0	3.61	0	0
transition	13	NA	1	0	2.19	0	0
transitional	2	NA	1	0	1.87	0	0
transitory	1	NA	1	0	1.64	0	0
translate	28	NA	1	0	2.69	0	0
translation	38	3	1	0	2.96	7	2
translational	5	NA	1	0	1.84	0	0
translocate	1	NA	1	0		0	0
translocation	13	1	1	0		4	0
translucent	1	NA	1	0	3.15	0	0
transmembrane	2	NA	1	0		0	0
transmission	21	NA	0	0	4.00	0	0
transmit	42	NA	1	0	3.31	0	0
transmitting	2	NA	1	0		0	0
transparency	11	NA	1	0	3.03	0	0
transparent	7	NA	1	0	3.18	0	0
transpiration	1	NA	1	0		0	0
transpire	1	NA	1	0	2.27	0	0
transplant	21	NA	1	0	3.77	0	0
transplantation	1	NA	1	0	3.48	0	0
transport	189	NA	1	0	3.50	2	3
transportation	60	0	1	0	3.89	0	0
transporter	1	NA	1	0	3.96	0	0
transverse	2	NA	1	0	2.19	0	0
trap	19	NA	1	0	4.30	0	0
trapping	5	NA	1	0	3.38	0	0
trappings	1	NA	1	0		0	0
trash	5	NA	1	0	4.70	0	0
trauma	5	NA	1	0	2.72	0	0
traumatic	9	NA	1	0	2.37	0	0
traumatize	2	NA	1	0	2.20	0	0
travel	125	NA	1	0	3.67	0	3
traveling	3	NA	1	0	3.50	0	0
traveller	9	NA	1	0	4.57	0	0
travelling	30	NA	1	0		0	0
travelmate	1	NA	1	0		0	0
traver	3	NA	1	0		0	0
traverse	1	NA	1	0	2.88	0	0
travesty	3	NA	1	0	2.07	0	0
trawler	2	NA	1	0		0	0
tre	2	NA	1	0		0	0
treasure	3	NA	1	0	4.32	0	0
treasury	2	NA	1	0	3.33	0	0
treat	79	NA	1	0	3.79	0	0
treatable	2	NA	1	0	2.55	0	0
treatise	1	NA	1	0		0	0
treatment	80	NA	1	0	2.93	1	0
treaty	16	0	1	0	3.07	0	0
treble	5	NA	1	0	2.72	0	0
tree	224	4	1	0	5.00	3	0
treeless	2	NA	1	0	4.24	0	0
treg	3	NA	1	1		0	0
trek	9	NA	1	1	3.31	0	0
trekker	3	NA	1	0	4.00	0	0
trematoda	2	NA	1	1		0	0
trematode	5	0	1	0		0	0
tremendous	13	NA	1	0	2.10	0	0
tremendously	3	NA	1	0	1.55	0	0
tremetol	2	NA	1	0		1	0
tremor	1	NA	1	0	3.89	0	0
trench	2	NA	1	1	4.46	0	0
trend	47	NA	1	0	2.42	0	0
trendsetting	2	NA	1	0	1.64	0	0
trendy	3	NA	1	0	2.33	0	0
trevor	4	NA	1	0		0	0
triage	1	NA	1	0	3.17	0	0
trial	29	NA	1	0	3.07	0	0
triassic	1	NA	1	0		0	0
tribe	3	NA	1	0	4.14	0	0
tribunal	3	NA	1	1	2.70	0	0
tributary	1	NA	1	0	3.68	0	0
tribute	17	NA	1	0	2.67	0	0
trichophyton	1	NA	1	0		0	0
trick	17	NA	1	0	3.36	0	0
trickle	4	0	1	0	3.59	0	0
tricky	8	NA	1	0	2.04	0	0
tricuspid	2	NA	1	0		0	0
trigger	23	NA	1	0	4.31	0	0
triglyceride	12	4	1	0	3.90	2	0
triiodothyronine	4	NA	1	0		0	0
trillion	10	NA	0	0	2.72	0	0
trilobite	3	NA	1	0		0	0
trilobitomorpha	1	NA	1	0		0	0
trilogy	4	NA	1	0	3.50	0	0
trimester	14	NA	1	0	2.78	0	0
trinity	2	NA	1	1	2.93	0	0
trio	1	NA	1	0	3.97	0	0
triose	1	NA	1	0		0	0
trip	58	0	1	0	3.71	0	1
tripathi	4	NA	1	1		1	0
triphosphate	9	1	1	0		1	0
triple	11	NA	1	0	3.59	0	0
triplet	6	NA	1	0	4.36	0	1
triplo	1	NA	1	0		0	0
triploblast	1	NA	1	0		1	0
triploblastic	3	NA	1	0		0	0
triploblasts	7	NA	1	0		1	1
triploid	3	NA	1	0		0	0
tripod	1	NA	1	0	4.72	0	0
triporate	1	NA	1	0		0	0
trisomic	2	NA	1	0		0	0
trisomy	6	NA	1	0		1	0
tristan	3	NA	1	1		0	0
trisulcate	2	NA	1	1		0	0
triumph	8	NA	1	0	2.17	0	0
triumphalist	1	NA	1	0		0	0
triunfo	3	NA	1	1		0	0
trna	21	4	1	0		1	0
troika	1	NA	1	0		0	0
trolley	4	NA	1	0	4.73	0	0
tronc	6	NA	1	0		0	0
troncmaster	1	NA	1	0		0	0
troop	1	NA	1	0	4.34	0	0
troops	7	NA	1	0	4.21	0	0
troph	2	NA	1	0		0	0
trophic	29	NA	1	0		0	0
trophoblast	4	2	1	0		1	0
trophy	1	NA	1	0	4.89	0	0
tropic	2	NA	1	1	3.16	0	0
tropical	74	NA	1	0	3.25	0	0
tropics	24	0	1	0	4.08	0	1
trouble	22	0	1	0	2.25	0	0
troublemaker	2	NA	1	0	2.96	0	0
trough	4	NA	1	0	4.17	0	0
troupe	1	NA	1	0	4.00	0	0
trout	7	NA	1	0	4.72	0	0
troy	2	NA	1	1		0	0
troyer	3	NA	1	1		0	0
truck	5	0	1	0	4.84	0	0
trudge	1	NA	1	0	3.21	0	0
true	114	0	1	0	1.70	0	0
truffle	1	NA	1	0	4.60	0	0
truly	17	NA	1	0	1.62	0	0
trump	43	NA	1	1	2.57	0	0
trumpet	2	NA	1	0	4.86	0	0
trumpets	1	NA	1	0		0	0
trunk	4	NA	1	0	4.71	0	0
trunks	5	NA	1	0	4.75	0	0
truss	3	NA	1	1		0	0
trust	43	0	1	0	2.04	0	1
trustworthy	3	NA	1	0	2.39	0	0
truth	38	0	1	0	1.96	1	0
truthful	2	NA	1	0	1.90	0	0
try	250	0	1	0	2.22	0	0
trypanosoma	1	NA	1	0		0	0
trypanosomes	1	NA	1	0		0	0
tsh	1	NA	1	0		0	0
tsunami	3	NA	1	0	4.33	0	0
ttaggg	1	NA	1	0		0	0
tted	1	NA	1	0		0	0
tter	2	NA	1	0		0	0
ttest	2	NA	1	0		0	0
ttip	2	NA	1	1		0	0
ttir	3	NA	1	0		0	0
ttl	1	NA	1	0		0	0
tua	16	NA	1	1		0	0
tuas	1	NA	1	0		0	0
tuatara	5	NA	1	0		0	0
tub	4	NA	1	0	4.64	0	0
tubal	1	NA	1	0		0	0
tube	47	2	1	0	4.82	1	4
tube's	1	NA	1	0		0	0
tuberculosis	7	NA	1	0	3.62	0	0
tubular	4	NA	1	0	2.76	0	0
tubule	25	NA	1	0		1	0
tubulin	7	NA	1	0		1	0
tuck	2	NA	1	0	3.86	0	0
tucson	1	NA	1	0		0	0
tudor	1	NA	1	0		0	0
tuesday	23	NA	1	1	3.29	0	0
tuff	2	NA	1	0		0	0
tuft	1	NA	1	0	3.85	0	0
tug	2	NA	1	0	3.50	0	1
tulip	1	NA	1	0	5.00	0	0
tumble	2	NA	1	0	3.89	0	0
tumefaciens	3	NA	1	0		0	0
tummy	3	NA	1	0	4.68	0	0
tumor	14	NA	1	0	4.56	0	0
tumorous	1	NA	1	0		0	0
tumour	3	NA	1	0		0	0
tuna	3	NA	1	0	4.89	0	0
tundra	20	NA	1	0	4.21	1	0
tune	10	NA	1	0	3.50	0	0
tungsten	1	NA	1	0	4.38	0	0
tunic	1	NA	1	0	3.75	0	0
tunicate	19	NA	1	0		1	1
tuning	2	NA	1	0	2.89	0	0
tunisia	3	NA	1	1		0	0
tunnel	4	NA	1	0	4.82	0	0
turbellaria	2	NA	1	1		0	0
turbellarian	1	NA	1	0		0	0
turbellarians	5	NA	1	0		0	0
turbine	19	NA	1	0	4.59	1	0
turbulence	5	NA	1	0	3.57	0	0
turfacea	1	NA	1	0		0	0
turgor	5	NA	1	0		0	0
turing	3	NA	1	1		0	0
turkestan	1	NA	1	0		0	0
turkey	6	NA	1	1	4.89	0	0
turmoil	2	NA	1	0	2.11	0	0
turn	155	0	1	0	3.44	0	0
turnaround	1	NA	1	0	2.96	0	0
turner	32	2	1	1	3.35	3	0
turning	22	NA	1	0	3.19	0	0
turnout	1	NA	1	0	3.07	0	0
turnover	1	NA	1	0	3.45	0	0
turnpike	1	NA	1	0	4.38	0	0
turnstile	4	NA	1	0	4.36	0	0
turntable	1	NA	1	0	4.57	0	0
turquoise	2	NA	1	0	4.41	0	0
turtle	31	NA	1	0	5.00	0	0
turvey	1	NA	1	0		0	0
tusk	2	NA	1	0	4.76	0	0
tuskegee	2	NA	1	1		0	0
tutankhamun	3	NA	1	1		0	0
tutankhamuns	1	NA	1	0		0	0
tutcher	3	NA	1	1		0	0
tutorial	3	NA	1	0	3.07	0	0
tutsi	5	NA	1	1		0	0
tutu	7	NA	1	1	4.68	0	0
tv	6	0	1	1	5.00	0	0
tweak	2	NA	1	0	2.79	0	0
tweet	12	NA	1	0	3.52	0	0
twelfth	1	NA	1	0	3.07	0	1
twelve	4	NA	0	0	3.61	0	0
twentieth	19	NA	1	0	3.58	0	0
twenty	15	NA	0	0	3.67	0	0
twentyseven	1	NA	1	0		0	0
twentysomething	1	NA	1	0		0	0
twentysomethings	1	NA	1	0		0	0
twice	44	NA	1	0	2.93	0	0
twig	2	NA	1	0	4.75	0	0
twin	4	NA	1	0	4.17	0	0
twins	1	NA	1	0	4.57	0	0
twist	11	NA	1	0	3.90	0	0
twitter	31	NA	1	1	4.10	0	0
two	1	0	0	0	4.18	0	0
twofold	2	NA	1	0	2.54	0	0
tycoon	4	NA	1	0	3.68	0	1
tylenol	1	NA	1	0		0	0
tyler	3	NA	1	1		1	0
type	340	NA	1	0	3.30	1	5
typhi	1	NA	1	0		0	0
typhoid	2	NA	1	0	3.38	0	0
typical	72	NA	1	0	1.52	0	0
typically	95	NA	1	0	1.67	0	0
typography	1	NA	1	0	3.34	0	0
tzu	1	NA	1	0		0	0
tzus	1	NA	1	0		0	0
uaa	1	NA	1	0		0	0
uag	1	NA	1	0		0	0
uav	2	NA	1	1		0	0
uber	3	NA	1	1		0	0
ubiquitous	3	NA	1	0	2.04	0	0
ucl	1	NA	1	0		0	0
ucla	1	NA	1	0		0	0
udall	4	NA	1	1		0	0
uefa	5	NA	1	1		0	0
uefalicensed	1	NA	1	0		0	0
ueli	6	NA	1	1		0	0
uence	2	NA	1	0		0	0
uenced	2	NA	1	0		0	0
uency	1	NA	1	0		0	0
uent	1	NA	1	0		0	0
ufo	4	NA	1	1		0	0
uga	1	NA	1	0		0	0
ugly	4	NA	1	0	3.23	0	0
ugt	1	NA	1	0		0	0
uk	9	NA	1	1		0	0
ukactive	3	1	1	0		2	0
ukraine	15	NA	1	1		0	0
ukrainian	1	NA	1	0		0	0
ulcer	1	NA	1	0	4.69	0	0
ulmi	1	NA	1	0		0	0
ulmus	1	NA	1	0		0	0
ultimate	22	NA	1	0	1.70	0	0
ultimately	29	NA	1	0	1.26	0	0
ultra	6	NA	1	0	1.55	0	0
ultrafiltration	1	NA	1	0		0	0
ultranationalist	1	NA	1	0		0	0
ultrasound	2	NA	1	0	3.97	0	0
ultraviolet	4	NA	1	0	3.22	0	0
umbrella	1	NA	1	0	5.00	0	0
umpteen	1	NA	1	0		0	0
umpteenth	1	NA	1	0		0	0
umunna	3	NA	1	1		0	0
un	3	NA	1	1		0	0
unable	42	NA	1	0	1.77	0	0
unacceptable	5	NA	1	0	1.73	0	0
unacceptably	2	NA	1	0	1.69	0	0
unadorned	1	NA	1	0	2.66	0	0
unaffected	7	NA	1	0	1.77	0	0
unaltered	2	NA	1	0	1.70	0	0
unanimous	4	NA	1	0	2.70	0	0
unanimously	1	NA	1	0	2.88	0	0
unapologetic	2	NA	1	0	1.93	0	0
unarm	2	NA	1	0	3.12	0	0
unarticulated	1	NA	1	0	2.00	0	0
unattainable	1	NA	1	0	1.73	0	0
unattractive	3	NA	1	0	2.04	0	0
unauthorized	1	NA	1	0	2.48	0	0
unavailable	3	NA	1	0	1.93	0	0
unavoidable	2	NA	1	0	1.64	0	0
unaware	5	NA	1	0	1.75	0	0
unbearable	7	NA	1	0	2.00	0	0
unbearably	2	NA	1	0	2.23	0	0
unbelievable	1	NA	1	0	1.54	0	0
unbelievably	2	NA	1	0	1.66	0	0
unbend	1	NA	1	0	3.27	0	0
unbind	1	NA	1	0	3.62	0	0
unblock	3	NA	1	0	3.00	0	0
unbranched	2	NA	1	0		0	0
unbranded	2	NA	1	0	2.65	0	0
unbroken	1	NA	1	0	3.37	0	0
uncertain	5	NA	1	0	1.88	0	0
uncertainty	12	NA	1	0	1.75	0	0
unchanged	5	NA	1	0	2.26	0	0
unchanging	2	NA	1	0	2.11	0	0
uncharged	1	NA	1	0	2.18	0	0
uncharted	4	NA	1	0	2.69	0	0
unchecked	6	NA	1	0	2.11	0	0
uncle	1	0	1	0	4.24	0	0
unclear	8	NA	1	0	2.39	0	0
uncoating	2	NA	1	0		0	0
uncoil	2	NA	1	0	3.79	0	0
uncomfortable	22	0	1	0	2.07	0	0
uncommon	4	NA	1	0	2.38	0	0
unconscious	9	NA	1	0	2.45	0	0
unconstitutional	1	NA	1	0	2.79	0	0
uncontrolled	8	NA	1	0	1.72	0	0
unconventional	1	NA	1	0	1.96	0	0
uncooked	1	NA	1	0	3.86	0	0
uncorrected	1	NA	1	0	2.22	0	0
uncover	17	NA	1	0	3.42	0	0
uncovering	1	NA	1	0		0	0
uncut	17	NA	1	1	3.11	0	0
undaunted	1	NA	1	0	1.97	0	0
under	233	0	0	0	3.45	0	0
underachiever	2	NA	1	0	2.21	0	0
underarm	1	NA	1	0	4.63	0	0
undercooked	1	NA	1	0	4.38	0	0
undercut	1	NA	1	0	2.07	0	0
underdevelop	4	NA	1	0	2.37	0	0
underestimate	8	NA	1	0	2.04	0	0
undergo	60	NA	1	0	2.41	0	1
undergraduate	1	NA	1	0	3.19	0	0
underground	39	NA	1	0	4.07	0	0
underlie	8	NA	1	0	1.96	0	0
underline	3	NA	1	0	3.95	0	0
undermine	7	NA	1	0	1.90	0	0
underneath	7	NA	1	0	3.71	0	0
undernourishment	1	NA	1	0	2.71	0	0
underpants	11	NA	1	0	4.89	0	0
underpass	1	NA	1	0	4.21	0	0
underperform	1	NA	1	0	2.29	0	0
underpin	2	NA	1	0		0	0
undersea	1	NA	1	0	3.83	0	0
underside	4	NA	1	0	3.79	0	0
understand	163	0	1	0	2.28	0	0
understandable	4	NA	1	0	1.85	0	0
understandably	3	NA	1	0	1.86	0	0
understanding	95	NA	1	0	1.92	0	1
understate	3	NA	1	0	2.08	0	0
understatement	1	NA	1	0	1.79	0	0
understory	4	NA	1	0		0	0
undertake	5	NA	1	0	1.71	0	0
undertaking	3	NA	1	0	2.22	0	0
underwater	58	NA	1	0	3.78	0	0
underway	8	NA	1	0	2.58	0	0
underwear	4	NA	1	0	4.96	0	0
undescribed	4	NA	1	0		0	0
undesired	2	NA	1	0	2.18	0	0
undetectable	1	NA	1	0	1.72	0	0
undetected	1	NA	1	0	2.43	0	0
undeterred	1	NA	1	0	1.77	0	0
undeveloped	1	NA	1	0	2.44	0	0
undiagnosed	1	NA	1	0	1.74	0	0
undifferentiated	2	NA	1	0	1.45	0	0
undigested	8	NA	1	0	2.97	0	0
undisclosed	4	NA	1	0	1.73	0	0
undiscovered	1	NA	1	0	2.14	0	0
undocumented	3	NA	1	0	2.43	0	0
undoing	1	NA	1	0	2.41	0	0
undoubtedly	2	NA	1	0	1.86	0	0
undue	1	NA	1	0	1.67	0	0
undulate	1	NA	1	0	3.15	0	0
undulation	1	NA	1	0	2.72	0	0
unearth	1	NA	1	0	3.17	0	0
unease	2	NA	1	0	1.93	0	0
unelected	1	NA	1	0	2.35	0	0
unemployed	14	NA	1	0	2.57	0	0
unemployment	30	NA	1	0	3.11	0	0
unequal	4	NA	1	0	2.72	0	0
unequally	1	NA	1	0	2.31	0	0
unequivocal	1	NA	1	0	2.04	0	0
unesco	6	NA	1	1		0	0
unethical	2	NA	1	0	1.62	0	0
uneven	3	NA	1	0	3.07	0	0
unexpected	11	NA	1	0	2.23	0	0
unexpectedly	3	NA	1	0	2.04	0	0
unexploded	3	NA	1	0	2.65	0	0
unfair	14	NA	1	0	1.62	0	0
unfairness	1	NA	1	0	1.67	0	0
unfalsifiable	1	NA	1	0		0	0
unfamiliar	2	NA	1	0	1.83	0	0
unfavorable	1	NA	1	0	1.92	0	0
unfavourable	1	NA	1	0		0	0
unfertilized	2	NA	1	0	2.81	0	0
unfit	1	NA	1	0	1.89	0	0
unfold	1	NA	1	0	3.55	0	0
unfolding	1	NA	1	0	3.04	0	0
unforgettable	3	NA	1	0	1.60	0	0
unforgivably	1	NA	1	0	1.33	0	0
unforgiving	1	NA	1	0	1.38	0	0
unfortunate	2	NA	1	0	1.78	0	0
unfortunately	24	NA	1	0	1.62	0	0
unfriend	4	NA	1	0		0	0
unhappiness	3	NA	1	0	1.52	0	0
unhappy	11	NA	1	0	2.04	0	0
unhealthy	4	NA	1	0	2.70	0	0
unheard	2	NA	1	0	2.22	0	0
unheated	1	NA	1	0	2.96	0	0
unhorse	1	NA	1	0		0	0
unicef	3	NA	1	1		0	0
unicellular	22	0	1	0	3.43	0	0
unidirectional	1	NA	1	0	2.76	0	0
unidirectionally	2	NA	1	0		0	0
unifier	3	NA	1	0	2.11	0	0
uniform	10	NA	1	0	4.67	0	0
uniformity	2	NA	1	0	2.46	0	0
unify	5	0	1	0	2.33	0	0
unilaterally	1	NA	1	0	2.35	0	0
unilever	3	NA	1	1		0	0
unimaginable	2	NA	1	0	1.37	0	0
unimportant	2	NA	1	0	1.83	0	0
uninfected	4	NA	1	0	2.75	0	0
uninhabitable	4	NA	1	0	2.27	0	0
uninhabited	2	NA	1	0	3.71	0	0
unintentional	3	NA	1	0	1.79	0	0
unintentionally	2	NA	1	0	2.32	0	0
union	60	NA	1	1	3.38	0	2
unionist	1	NA	1	0		0	0
unique	102	NA	1	0	1.89	0	0
uniquely	5	NA	1	0	2.03	0	0
uniqueness	1	NA	1	0	1.87	0	0
unison	5	NA	1	1	2.96	0	0
unit	85	NA	1	0	3.77	0	6
unite	160	NA	1	1	2.58	0	0
uniting	3	NA	1	0	2.10	0	0
unity	4	NA	1	0	2.23	0	0
universal	9	NA	1	0	1.87	0	0
universality	1	NA	1	0	1.36	0	0
universally	2	NA	1	0	1.71	0	0
universe	30	NA	1	0	3.85	0	0
university	221	NA	1	1	4.65	0	0
unjointed	1	NA	1	0		0	0
unjusti	2	NA	1	0		0	0
unjustifiable	1	NA	1	0	1.63	0	0
unjustified	2	NA	1	0	1.54	0	0
unkind	2	NA	1	0	2.22	0	0
unknown	16	NA	1	0	1.47	0	0
unlabelled	2	NA	1	0		0	0
unless	37	0	0	0	1.54	0	0
unlike	68	NA	0	0	2.67	0	0
unlikely	36	NA	1	0	1.93	0	0
unlimited	7	NA	1	0	1.88	0	0
unload	1	NA	1	0	3.21	0	0
unlucky	1	NA	1	0	1.79	0	0
unman	7	NA	1	0		0	0
unmanaged	1	NA	1	0	1.93	0	0
unmarked	1	NA	1	0	3.31	0	0
unmistakable	3	NA	1	0	1.73	0	0
unmoving	1	NA	1	0	2.31	0	0
unnamed	7	NA	1	0	2.39	0	0
unnecessarily	4	NA	1	0	1.52	0	0
unnecessary	19	NA	1	0	1.56	0	0
unnoticed	3	NA	1	0	2.25	0	0
unobtrusive	1	NA	1	0	2.11	0	0
unoccupied	1	NA	1	0	2.64	0	0
unofficial	2	NA	1	0	1.61	0	0
unopened	2	NA	1	0	3.29	0	0
unpaid	6	NA	1	0	2.52	0	0
unpaired	1	NA	1	0	3.14	0	0
unplanned	1	NA	1	0	1.52	0	0
unpleasant	6	NA	1	0	1.91	0	0
unplug	3	NA	1	0	4.19	0	0
unpopular	8	NA	1	0	2.07	0	0
unpopularity	2	NA	1	0	1.79	0	0
unprecedented	6	NA	1	0	1.59	0	0
unpredictable	15	NA	1	0	2.03	0	0
unprotected	3	NA	1	0	2.32	0	0
unproven	2	NA	1	0	1.73	0	0
unprovoked	1	NA	1	0	1.72	0	0
unpublished	1	NA	1	0	2.72	0	0
unquestioned	2	NA	1	0	1.72	0	0
unravel	3	NA	1	0	2.59	0	0
unrealistic	2	NA	1	0	1.89	0	0
unrealistically	2	NA	1	0		0	0
unreasonable	1	NA	1	0	1.60	0	0
unregulated	1	NA	1	0	1.66	0	0
unrelated	7	NA	1	0	1.74	0	0
unrelenting	2	NA	1	0	2.04	0	0
unreliable	11	NA	1	0	1.83	0	0
unremarkable	2	NA	1	0	1.81	0	0
unrepresentative	3	NA	1	0	1.58	0	0
unrest	8	NA	1	0	2.24	0	0
unrestricted	3	NA	1	0	2.04	0	0
unripened	1	NA	1	0		0	0
unrivalled	1	NA	1	0	1.65	0	0
unroll	1	NA	1	0	3.45	0	0
unsafe	5	NA	1	0	1.89	0	0
unsatisfactory	1	NA	1	0	2.10	0	0
unsaturated	13	NA	1	0	2.52	0	0
unsavory	1	NA	1	0	1.75	0	0
unsay	1	NA	1	0		0	0
unscientific	3	NA	1	0	1.96	0	0
unseen	1	NA	1	0	1.67	0	0
unshelled	1	NA	1	0	4.17	0	0
unsociable	2	NA	1	0	1.85	0	0
unsold	1	NA	1	0	2.74	0	0
unsourced	2	NA	1	0		0	0
unspeakable	2	NA	1	0	1.52	0	0
unspecified	4	NA	1	0	1.44	0	0
unspoilt	3	NA	1	0		0	0
unstable	7	NA	1	0	2.52	0	0
unstated	1	NA	1	0	1.92	0	0
unsuccessful	4	NA	1	0	2.25	0	0
unsupported	1	NA	1	0	2.04	0	0
unsure	3	NA	1	0	2.00	0	0
unsurprisingly	8	NA	1	0		0	0
unsustainability	1	NA	1	0		0	0
unsustainable	6	NA	1	0	1.46	0	0
unsustainably	1	NA	1	0		0	0
untangle	1	NA	1	0	3.08	0	0
untapped	2	NA	1	0	2.21	0	0
untestable	1	NA	1	0		0	0
unthinkable	2	NA	1	0	1.45	0	0
until	202	0	0	0	1.33	0	0
untrammelled	1	NA	1	0		0	0
untreated	5	NA	1	0	2.67	0	0
ununoctium	4	NA	1	0		0	0
ununpentium	4	NA	1	0		0	0
ununseptium	4	NA	1	0		0	0
ununtrium	6	NA	1	0		0	0
unusable	4	NA	1	0	1.88	0	0
unused	2	NA	1	0	2.65	0	0
unusual	21	NA	1	0	2.21	0	0
unusually	13	NA	1	0	1.81	0	0
unvarying	1	NA	1	0	1.67	0	0
unveil	5	NA	1	0	2.97	0	0
unveiling	2	NA	1	0	2.48	0	0
unwanted	11	NA	1	0	2.00	0	0
unwashed	1	NA	1	0	3.15	0	0
unwillingness	1	NA	1	0	1.80	0	0
unwind	11	NA	1	0	2.52	0	0
unwittingly	1	NA	1	0	2.00	0	0
unworried	2	NA	1	0	1.64	0	0
unyielding	1	NA	1	0	2.70	0	0
up	14	0	0	0	3.83	0	0
upbeat	1	NA	1	0	1.93	0	0
upcoming	1	NA	1	0	1.96	0	0
update	14	NA	1	0	2.79	0	0
updating	2	NA	1	0		0	0
updraft	1	NA	1	0	2.81	0	0
upgrade	5	NA	1	0	2.36	0	0
uphill	2	NA	1	0	3.60	0	0
uphold	3	NA	1	0	2.85	0	0
upland	1	NA	1	0		0	0
uplift	3	NA	1	0	2.34	0	0
uplifting	7	NA	1	0	1.96	0	0
upload	12	NA	1	0	3.11	0	0
upmarket	2	NA	1	0		0	0
upper	33	NA	1	0	3.37	0	0
uppermost	2	NA	1	0	2.70	0	0
upright	3	NA	1	0	3.59	0	0
uprising	3	NA	1	0	2.41	0	0
upset	9	0	1	0	2.41	0	0
upside	5	NA	1	0	2.62	0	0
upstream	2	NA	1	0	3.77	0	0
uptake	5	NA	1	0	2.76	0	0
uptown	3	NA	1	0	3.29	0	0
upturn	1	NA	1	0	2.61	0	0
upward	8	NA	1	0	3.57	0	0
upwards	9	NA	1	0	2.63	0	0
upwelling	1	NA	1	0		0	0
uracil	4	NA	1	0		0	0
ural	3	NA	1	1		0	0
uranium	3	NA	1	0	4.29	0	0
urban	37	NA	1	0	3.43	0	0
urbanites	1	NA	1	0		0	0
urbanization	4	NA	1	0	2.59	0	0
urchin	9	NA	1	0	4.25	0	0
urdu	3	NA	1	1		0	0
urea	2	NA	1	0		1	0
ureter	9	1	1	0		1	0
urethra	10	3	1	0	4.37	1	0
urge	14	NA	1	0	1.93	0	0
urgency	2	NA	1	0	2.03	0	0
urgent	7	NA	1	0	2.36	0	0
urgently	2	NA	1	0	2.10	0	0
urging	3	NA	1	0	2.10	0	0
uri	2	NA	1	0		0	0
uric	1	NA	1	0		0	0
urinary	17	NA	1	0	3.22	0	0
urinate	2	NA	1	0	4.46	0	0
urine	25	NA	1	0	4.93	1	1
urmson	6	NA	1	1		0	0
urochordata	4	NA	1	1		1	0
urodela	4	NA	1	1		0	0
urogenital	1	NA	1	0		0	0
usa	14	NA	1	1		0	0
usable	3	NA	1	0	2.00	0	0
usage	9	NA	1	0	2.07	0	0
usaid	3	NA	1	0		0	0
usda	3	NA	1	1		0	0
use	1366	0	1	0	2.78	1	4
useful	56	NA	1	0	2.14	0	0
usefulness	2	NA	1	0	1.86	0	0
useless	4	NA	1	0	1.78	0	0
user	126	NA	1	0	3.16	0	0
usgoesonairconditioningbuttheresearchers	1	NA	1	0		0	0
usher	1	NA	1	0	4.38	0	0
using	325	NA	0	0		0	0
usp	5	NA	1	1		0	0
usual	26	NA	1	0	1.90	0	0
usually	223	NA	1	0	2.04	0	0
uta	3	NA	1	0		0	0
uterine	11	NA	1	0	3.41	0	0
utero	1	NA	1	0		0	0
uterus	31	NA	1	0	4.71	2	0
utility	2	NA	1	0	3.07	0	0
utilize	4	NA	1	0	1.96	0	0
utmost	3	NA	1	0	1.64	0	0
utrecht	2	NA	1	1		0	0
utter	3	NA	1	0	3.03	0	0
utterance	1	NA	1	0	2.70	0	0
utterly	1	NA	1	0	1.69	0	0
vac	1	NA	1	0		0	0
vacancy	1	NA	1	0	3.28	0	0
vacant	6	NA	1	0	3.50	0	0
vacation	16	NA	1	0	3.14	0	0
vaccinate	3	NA	1	0	3.37	0	0
vaccination	16	NA	1	0	4.24	0	0
vaccine	42	2	1	0	4.69	1	1
vacuole	23	NA	1	0		2	0
vacuum	17	1	1	0	4.22	1	0
vacuus	1	NA	1	0		0	0
vader	10	NA	1	1		1	0
vagina	10	3	1	0	4.82	1	0
vagna	3	NA	1	1		0	0
vague	1	NA	1	0	1.55	0	0
vaguely	1	NA	1	0	1.74	0	0
vain	5	NA	1	0	1.91	0	0
val	3	NA	1	1		0	0
valdevaqueros	8	0	1	1		1	0
valdez	2	NA	1	1		0	0
valen	2	NA	1	1		0	0
valid	10	NA	1	0	2.27	0	0
validate	1	NA	1	0	2.18	0	0
validateyour	1	NA	1	0		0	0
validation	1	NA	1	0	2.24	0	0
validity	4	NA	1	0	1.89	0	0
valine	1	NA	1	0		0	0
vallaud	2	NA	1	0		0	0
valley	35	NA	1	0	4.72	0	1
vallone	9	NA	1	1		0	0
valter	3	NA	1	0		0	0
valuable	42	0	1	0	2.22	1	1
valuation	2	NA	1	0	2.08	0	0
value	89	NA	1	0	1.62	0	0
values	16	NA	1	0		0	1
valve	16	2	1	0	4.83	2	0
vampire	2	NA	1	0	4.18	0	0
van	40	NA	1	0	4.72	0	0
vancomycin	11	NA	1	0		0	0
vancouver	4	NA	1	1		0	0
vanessa	3	NA	1	1		0	0
vanguard	1	NA	1	0		0	0
vanilla	2	NA	1	0	4.68	0	0
vanish	1	NA	1	0	2.77	0	0
vanishingly	1	NA	1	0	1.93	0	0
vanity	1	NA	1	0	2.15	0	0
vanuatu	3	NA	1	1		0	0
vape	1	NA	1	0		0	0
vaped	2	NA	1	0		0	0
vaper	2	NA	1	0		0	0
vapers	17	NA	1	0		0	0
vaping	28	NA	1	0		0	0
vapings	1	NA	1	0		0	0
vapor	17	NA	1	0	4.15	0	0
vaporization	1	NA	1	0	3.42	0	0
vapour	15	NA	1	0		0	0
variability	3	NA	1	0	1.88	0	0
variable	12	1	1	0	2.24	2	0
variance	3	NA	1	0	1.84	0	0
variant	16	NA	1	0	2.10	0	2
variation	76	1	1	0	2.46	3	3
variegation	1	NA	1	0		0	0
variety	108	NA	1	0	2.13	0	2
variola	2	NA	1	0		0	0
various	95	NA	0	0	2.35	0	0
varma	3	NA	1	1		1	0
vary	86	NA	1	0	1.93	0	0
vas	3	NA	1	0		0	0
vascular	72	0	1	0	3.17	0	0
vasectomy	2	NA	1	0	4.46	2	0
vasoconstriction	3	NA	1	0		1	0
vasodilation	2	NA	1	0		1	0
vast	40	NA	1	0	2.10	0	0
vastly	2	NA	1	0	1.93	0	0
vat	3	NA	1	1	4.59	0	0
vatican	17	2	1	1		1	0
vault	5	NA	1	0	4.62	1	0
vaunt	1	NA	1	0		0	0
vea	1	NA	1	0		0	0
vector	11	NA	1	0		1	0
veer	1	NA	1	0	3.19	0	0
vega	3	NA	1	1		0	0
vegetable	39	0	1	0	4.89	0	0
vegetal	1	NA	1	0		0	0
vegetarian	13	NA	1	0	3.77	0	1
vegetation	25	NA	1	0	4.45	0	1
vegetative	6	NA	1	0	2.46	0	0
vehement	1	NA	1	0	1.92	0	0
vehicle	68	NA	1	0	4.64	0	0
veil	2	NA	1	1	4.45	0	0
vein	24	NA	1	0	4.63	1	1
veirs	9	NA	1	1		0	0
velella	1	NA	1	0		0	0
vellum	1	NA	1	0		0	0
velvety	1	NA	1	0	3.90	0	0
vena	6	NA	1	0		0	0
venation	1	NA	1	0		0	0
veneer	1	NA	1	0	4.04	0	0
venereal	1	NA	1	0		0	0
venezuela	6	NA	1	1		0	0
venezuelan	3	NA	1	1		0	0
venice	15	NA	1	1		0	0
venom	3	NA	1	0	4.62	0	0
venomous	1	NA	1	0	3.39	0	0
venous	1	NA	1	0		0	0
vent	22	NA	1	0	4.56	1	0
ventilate	2	NA	1	0	2.77	0	0
ventilation	2	NA	1	0	3.48	1	0
ventral	10	NA	1	0		0	0
ventrally	3	NA	1	0		0	0
ventricle	21	NA	1	0	4.36	0	0
ventricular	1	NA	1	0	2.88	0	0
venture	20	NA	1	0	2.60	0	1
venue	14	NA	1	0	3.54	0	0
venule	1	NA	1	0		0	0
venus	8	NA	1	1	4.54	0	0
veracruz	3	NA	1	1		0	0
verb	3	NA	1	0	2.85	0	0
verbal	6	0	1	0	2.50	0	0
verbally	2	NA	1	0	2.37	0	0
verde	1	NA	1	0		0	0
verdict	3	NA	1	0	2.19	0	0
vereines	1	NA	1	0		0	0
verge	2	NA	1	0	2.32	0	0
verhandlungen	1	NA	1	0		0	0
verify	7	NA	1	0	2.10	0	0
verizon	3	NA	1	1		0	0
vermiform	1	NA	1	0		0	0
vermont	1	NA	1	0		0	0
vernacular	2	NA	1	0	2.46	0	0
verne	3	NA	1	1		0	0
versa	2	NA	1	0		0	0
versatile	1	NA	1	0	2.04	0	0
version	55	NA	1	0	1.70	0	2
versuche	1	NA	1	0		0	0
versus	15	NA	0	0	1.86	0	0
vertebra	11	NA	1	0	4.45	0	0
vertebral	19	0	1	0		0	0
vertebrata	2	NA	1	0	3.70	1	0
vertebrate	69	3	1	0	4.38	1	1
vertical	4	NA	1	0	3.48	0	0
vertically	1	NA	1	0	3.63	0	0
vesicle	46	NA	1	0		3	1
vessel	42	NA	1	0	4.66	0	4
vest	2	NA	1	0	4.52	0	0
vestfjord	3	NA	1	1		0	0
vestibular	2	NA	1	0		0	0
vestibule	1	NA	1	0	4.37	0	0
vestigial	5	NA	1	0		0	0
vestin	1	NA	1	0		0	0
vesuvius	2	NA	1	0		0	0
veteran	7	0	1	0	4.58	0	0
veterinarian	1	NA	1	0	4.46	0	0
via	47	NA	0	0	1.79	0	0
viability	4	NA	1	0	1.93	0	0
viable	21	NA	1	0	1.62	0	0
viber	3	NA	1	1		0	0
vibrant	4	NA	1	0	2.38	0	0
vibrate	4	NA	1	0	4.00	0	0
vibration	12	NA	1	0	3.61	0	1
vibrio	1	NA	1	0		0	0
vibrissa	1	NA	1	0		1	0
vicariance	2	3	1	0		1	0
vice	11	NA	1	0	2.46	0	0
vicente	3	NA	1	1		0	0
vicinity	1	NA	1	0	2.37	0	0
vicious	4	NA	1	0	2.04	0	0
vicki	3	NA	1	0		0	0
victim	46	NA	1	0	3.59	0	0
victoria	18	3	1	1		1	0
victorious	2	NA	1	0	2.25	0	0
victory	33	0	1	0	2.55	0	0
video	107	NA	1	0	4.67	0	0
vidhya	3	NA	1	0		0	0
vieira	3	NA	1	0		0	0
vienna	38	1	1	1		1	0
viennese	4	0	1	1		0	0
vietnam	12	NA	1	1		0	0
view	124	1	1	0	3.21	2	0
viewer	2	NA	1	0	4.13	0	0
viewers	5	NA	1	0		0	0
viewing	16	NA	1	0	2.86	0	0
vig	3	NA	1	1		0	0
vigilance	2	NA	1	0	2.36	0	0
vigilant	1	NA	1	0	2.22	0	0
vigilantly	1	NA	1	0	1.62	0	0
vignette	1	NA	1	0	3.52	0	0
vii	6	NA	1	1		0	0
viii	6	NA	0	1		0	0
viktoria	3	NA	1	1		0	0
vila	7	NA	1	0		0	0
vilakazi	1	NA	1	0		0	0
vilify	2	NA	1	0		0	0
villa	10	NA	1	1	4.79	0	0
village	40	NA	1	0	4.89	0	0
villager	11	NA	1	0	4.24	0	0
villain	3	NA	1	0	3.79	0	1
ville	1	NA	1	0		0	0
villus	3	NA	1	0		1	0
vimeo	3	NA	1	0		0	0
vinayak	1	NA	1	0		0	0
vincent	3	NA	1	1		0	0
vincristine	2	NA	1	0		0	0
vindicate	3	NA	1	0	1.71	0	0
vine	2	NA	1	0	4.86	0	0
vinegar	4	NA	1	0	4.89	0	0
vineyard	3	NA	1	0	4.80	0	0
vint	6	NA	1	1		0	0
vinyl	6	NA	1	0	4.54	0	0
violaceum	1	NA	1	0		0	0
violaceus	1	NA	1	0		0	0
violate	2	NA	1	0	1.88	0	0
violation	3	NA	1	0	2.67	0	0
violence	78	NA	1	0	3.07	1	0
violent	24	NA	1	0	3.10	0	0
violently	6	NA	1	0	1.90	0	0
violet	16	NA	1	0	4.48	0	0
viper	1	NA	1	0	4.69	0	0
viral	55	NA	1	0	2.96	0	0
virgin	4	NA	1	1	3.31	0	0
virginia	9	0	1	1		0	0
virginianus	1	NA	1	0		0	0
viridis	1	NA	1	0		0	0
virion	19	2	1	0		1	0
virology	1	NA	1	0		0	0
virtobot	3	1	1	1		2	0
virtopsies	5	NA	1	0		0	0
virtopsy	14	NA	1	1		0	0
virtual	7	NA	1	0	2.17	0	0
virtually	20	NA	1	0	2.00	0	0
virtue	4	NA	1	0	1.62	0	0
virulence	1	NA	1	0		0	0
virunga	24	NA	1	1		0	0
virungas	2	NA	1	0		0	0
virus	162	1	1	0	3.48	1	1
viscera	1	NA	1	0		0	0
visceral	6	NA	1	0	2.36	0	0
viscosity	2	NA	1	0	2.96	0	0
viscous	1	NA	1	0	3.29	0	0
visibility	3	NA	1	0	3.04	0	0
visible	52	NA	1	0	3.08	0	0
visibly	2	NA	1	0	2.44	0	0
vision	28	NA	1	0	3.39	0	0
visionary	5	NA	1	0	2.48	0	0
visit	106	NA	1	0	3.92	0	0
visitbritain	5	NA	1	0		0	0
visitbritains	1	NA	1	0		0	0
visiting	27	NA	1	0	2.78	0	0
visitor	90	0	1	0	4.25	1	0
visor	4	NA	1	0	4.66	0	0
vista	2	NA	1	1	3.46	0	0
visual	20	NA	1	0	2.96	0	0
visualization	1	NA	1	0	2.83	0	0
visualize	9	NA	1	0	2.45	0	0
visually	2	NA	1	0	2.52	0	0
vital	34	NA	1	0	1.93	0	0
vitamin	28	NA	1	0	4.48	3	0
viterbese	3	NA	1	1		0	0
viticola	3	NA	1	0		0	0
vitro	5	NA	1	0		0	0
vivax	1	1	1	0		1	0
vivid	4	NA	1	0	2.04	0	0
viviparity	2	1	1	0		1	0
viviparous	4	NA	1	0		0	0
vizard	3	NA	1	1		0	0
vladimir	5	NA	1	1		0	0
vocabulary	1	NA	1	0	3.03	0	0
vocal	3	NA	1	0	2.93	0	0
vocalist	2	NA	1	0	4.20	0	0
vodafone	5	NA	1	1		0	0
vogue	1	NA	1	0	2.15	0	0
voice	34	0	1	0	4.13	0	0
voiceover	2	NA	1	0	3.77	0	0
void	4	NA	1	0	2.62	0	1
volcanic	19	NA	1	0	3.93	0	0
volcanism	1	NA	1	0		0	0
volcano	56	NA	1	0	4.75	1	2
volcano's	2	NA	1	0		0	0
volcanologists	1	NA	1	0		0	0
volkswagen	3	NA	1	1		0	0
volt	4	NA	1	0	3.43	0	0
voltage	13	NA	1	0	3.50	0	1
voltmeter	1	NA	1	0		0	0
volume	32	NA	1	0	3.07	0	3
voluntarily	7	NA	1	0	1.83	0	0
voluntary	22	NA	1	0	2.21	0	0
volunteer	36	NA	1	0	3.77	0	1
volvo	6	NA	1	1		0	0
vomit	8	0	1	0	4.75	0	0
vomiting	4	NA	1	0	4.31	0	0
von	4	NA	1	0		0	0
voracious	2	NA	1	0	1.74	0	0
vortex	2	NA	1	0	3.28	0	0
vote	76	0	1	0	3.85	0	1
voter	9	NA	1	0	3.93	0	0
vow	2	NA	1	0	2.42	0	0
voyage	12	1	1	1	3.43	1	0
voyager	4	NA	1	0	3.10	0	0
vronique	1	NA	1	0		0	0
vrsa	3	NA	1	1		0	0
vue	1	NA	1	0		0	0
vuitton	9	NA	1	1		1	0
vulgaris	2	NA	1	0		0	0
vulnerability	3	NA	1	0	2.36	0	0
vulnerable	30	NA	1	0	2.00	0	0
vulture	22	NA	1	0	4.73	0	0
vulva	1	NA	1	0	4.50	0	0
vyclone	3	NA	1	1		0	0
waals	5	NA	1	1		0	0
wacky	3	NA	1	0	2.00	0	0
wade	1	NA	1	0	3.47	0	0
wads	1	NA	1	0		0	0
wafer	1	NA	1	0	4.56	0	0
waffle	3	NA	1	0	4.71	0	0
wagamama	3	NA	1	0		0	0
wage	18	NA	1	0	3.79	0	0
wages	13	NA	1	0	3.96	0	0
wagyu	3	NA	1	0		0	0
wail	1	NA	1	0	3.93	0	0
wainwright	2	NA	1	1		0	0
waistcoat	2	NA	1	0	4.63	0	0
wait	30	0	1	0	2.68	0	0
waiter	45	NA	1	0	4.67	0	0
waiting	54	0	1	0	2.70	0	0
waitress	7	NA	1	0	4.56	0	0
waitrose	1	NA	1	0		0	0
wake	28	0	1	0	3.11	0	0
wakebe	6	NA	1	1		1	0
waking	6	NA	1	0	3.36	0	0
wales	54	NA	1	1		1	0
walk	59	0	1	0	4.07	0	0
walker	11	NA	1	1	4.42	0	0
walking	26	0	1	0	4.29	0	0
walkman	3	NA	1	1	4.50	0	0
walkway	7	NA	1	0	4.33	0	0
wall	214	2	1	0	4.86	3	1
wallace	11	NA	1	1		0	0
walldin	6	NA	1	1		0	0
wallet	12	NA	1	0	4.81	0	0
walleye	1	NA	1	0		0	1
wallpaper	1	NA	1	0	4.62	0	0
wally	3	NA	1	1		0	0
walmart	3	NA	1	1	4.68	0	0
walsh	1	NA	1	0		0	0
wambugu	3	NA	1	1		0	0
wander	10	NA	1	0	2.28	0	0
wangari	1	NA	1	0		0	0
waning	1	NA	1	0	2.12	0	0
want	611	0	1	0	1.93	1	0
war	104	0	1	1	3.63	2	0
warbler	2	NA	1	0	4.15	0	0
wardrobe	5	NA	1	0	4.67	0	0
ware	1	NA	1	0	3.54	0	0
warehouse	8	NA	1	0	4.69	0	0
warm	69	NA	1	0	3.56	0	1
warmer	15	NA	1	0	3.29	0	0
warming	53	NA	1	0	3.34	0	0
warmth	6	NA	1	0	3.39	0	0
warn	41	NA	1	0	2.89	0	0
warner	8	NA	1	1		0	1
warning	50	NA	1	0	3.21	0	0
warrant	3	NA	1	0	3.73	0	0
warren	3	NA	1	1		0	0
warrick	1	NA	1	0		0	0
warrington	1	NA	1	0		0	0
warrior	1	NA	1	0	4.17	0	0
warsaw	2	NA	1	1		0	0
wart	2	NA	1	0	4.89	0	0
warwickshire	3	NA	1	1		0	0
wary	4	NA	1	0	1.82	0	0
wash	32	NA	1	0	4.35	0	0
washing	8	NA	1	0	4.44	0	0
washington	23	NA	1	1		0	0
wasn	32	0	1	0		0	0
wasn't	1	NA	1	0		0	0
wasnt	18	NA	1	0		0	0
wasp	5	NA	1	0	4.96	0	0
waspish	1	NA	1	0		0	0
wastage	3	NA	1	0		0	0
waste	208	1	1	0	3.24	1	1
wasteful	1	NA	1	0	1.97	0	0
wasteland	2	NA	1	0	4.00	0	0
wastewater	1	NA	1	0	4.12	0	0
wasting	2	NA	1	0	2.10	0	0
watch	78	0	1	0	4.61	0	1
watcher	2	NA	1	0	4.17	0	0
watching	38	0	1	0	3.58	0	0
watchman	1	NA	1	0	4.68	0	0
water	847	0	1	0	5.00	2	1
water's	1	NA	1	0		0	0
wateraid	6	NA	1	1		0	0
waterborne	1	NA	1	0		0	0
watercolour	3	NA	1	0		0	0
watercourse	2	NA	1	0		0	0
waterfall	7	NA	1	0	4.90	0	0
waterflow	1	NA	1	0		0	0
waterfowl	1	NA	1	0	4.43	0	0
waterit	1	NA	1	0		0	0
waterman	1	NA	1	0		0	0
watermelon	1	NA	1	0	4.89	0	0
waterproof	1	NA	1	0	3.60	0	0
waters	31	NA	1	0		0	0
watertight	1	NA	1	0	3.00	0	0
waterway	3	NA	1	0	4.40	0	0
watery	6	NA	1	0	3.93	0	0
watson	6	NA	1	1		0	0
watt	3	NA	1	1	3.10	0	0
watts	13	NA	1	1		0	0
wave	44	NA	1	0	4.55	3	0
wavelength	23	NA	1	0	3.35	1	1
waving	4	NA	1	0	3.52	0	0
wax	5	NA	1	0	4.97	0	0
waxy	5	NA	1	0	4.10	0	0
way	438	0	1	0	2.34	0	2
wayne	3	NA	1	1		0	0
ways	125	NA	1	0	2.00	0	0
waze	6	NA	1	1		0	0
wcag	1	NA	1	0		0	0
we	2	0	0	0	3.08	0	0
we've	1	NA	1	0		0	0
weak	29	NA	1	0	2.79	0	0
weaken	9	NA	1	0	2.37	0	0
weakening	3	NA	1	0	2.17	0	1
weakly	3	NA	1	0	2.17	0	0
weakness	3	NA	1	0	2.59	0	0
wealth	71	NA	1	0	2.63	0	0
wealthy	68	NA	1	0	2.73	0	0
weapon	14	NA	1	0	4.76	0	1
wear	11	0	1	0	3.61	0	0
wearable	4	NA	1	0	2.59	0	0
wearing	31	0	1	0	3.59	0	0
weather	54	NA	1	0	3.83	1	0
weatherley	6	NA	1	1		0	0
weave	2	NA	1	0	4.20	0	0
weaver	1	NA	1	0	4.29	0	0
web	56	NA	1	0	4.37	0	1
webb	8	NA	1	1		0	0
webisode	1	NA	1	0		0	0
website	70	0	1	0	4.52	0	1
wecyclers	15	NA	1	1		1	0
wed	6	NA	1	0	3.11	0	0
wedding	18	0	1	0	3.92	0	0
wedge	3	NA	1	0	4.41	0	0
wedgwood	3	NA	1	1		0	0
wednesday	25	NA	1	1	3.14	0	0
weed	1	NA	1	0	4.90	0	0
week	173	0	1	0	3.48	0	0
weekend	21	NA	1	0	3.83	0	0
weekly	14	NA	1	0	3.28	0	0
weep	1	NA	1	0	4.54	0	0
weigh	15	NA	1	0	3.79	0	0
weighing	3	NA	1	0	3.29	0	0
weight	44	NA	1	0	3.94	0	0
weighting	1	NA	1	0	2.60	0	0
weightlessness	3	NA	1	0	2.69	0	0
weill	3	NA	1	1		0	0
weinberg	8	NA	1	0		0	0
weird	14	0	1	0	1.59	0	0
weiss	10	NA	1	1		1	0
welby	2	NA	1	1		0	1
welcome	33	0	1	0	2.07	0	0
weld	1	NA	1	0	4.18	0	0
welfare	14	NA	1	0	2.57	0	0
well	414	0	0	0	3.33	0	0
wellbeing	3	NA	1	0	2.30	0	0
wellcome	1	NA	1	0		0	0
wellington	3	1	1	1		2	0
wells	16	NA	0	1		0	0
wellwishers	1	NA	1	0		0	0
welsh	8	NA	1	1		0	0
welt	1	NA	1	0	4.43	0	0
welwitschia	3	NA	1	1		0	0
wembley	9	0	1	1		0	0
weren	3	0	1	0		0	0
werent	2	NA	1	0		0	0
west	60	NA	1	1	3.44	0	0
western	59	NA	1	1	2.80	0	0
westerner	3	NA	1	0	3.27	0	0
westminster	2	NA	1	1		0	0
wet	17	NA	1	0	4.46	0	0
wetherspoon	3	NA	1	1		0	0
wetland	19	0	1	0	4.29	0	1
wetsuit	1	NA	1	0	4.63	0	0
wetting	2	NA	1	0	3.37	0	0
weve	22	0	1	0		0	0
whale	79	NA	1	0	4.96	1	0
what	1	0	0	0	2.00	0	0
whatever	30	0	0	0	1.46	0	0
whats	10	NA	1	0		0	0
whatsapp	19	NA	1	1		0	0
whatsoever	2	NA	1	0	1.17	0	0
wheat	15	NA	1	0	4.89	0	0
wheel	14	NA	1	0	4.86	0	0
whenever	9	NA	0	0	1.79	0	0
where	624	0	0	0	1.66	0	0
whereas	78	NA	0	0	1.46	0	0
whereby	5	NA	0	0	1.41	0	0
wherein	3	NA	0	0	1.67	0	0
wherever	10	NA	0	0	1.23	0	0
whether	122	NA	0	0	1.59	0	0
whichever	3	NA	1	0	1.30	0	0
while	447	0	0	0	1.55	0	0
whilst	1	NA	0	0	1.85	0	0
whingeing	2	NA	1	0		0	0
whip	1	NA	1	0	4.68	0	0
whipping	1	NA	1	0	3.90	0	0
whir	1	NA	1	0	2.62	0	0
whirlwind	3	NA	1	0	4.07	0	0
whirring	2	NA	1	0		0	0
whisk	8	NA	1	0	4.33	0	0
whiskers	4	1	1	0	4.89	1	0
whisky	6	NA	1	0	5.00	0	0
whistle	3	NA	1	0	4.42	0	0
white	174	0	1	0	3.89	1	0
whitening	5	NA	1	0	3.83	0	0
whitewash	1	NA	1	0	3.70	0	0
whittle	3	NA	1	1	4.16	0	0
who	6	0	0	0	1.74	0	0
whoever	4	NA	0	0	1.93	0	0
whole	122	0	0	0	3.25	0	0
wholegrain	1	NA	1	0	4.19	0	0
wholeheartedly	1	NA	1	0	1.55	0	0
wholemeal	1	NA	1	0		0	0
wholl	1	NA	1	0		0	0
wholly	1	NA	1	0	2.19	0	0
whom	20	NA	0	0	1.93	0	0
whomever	1	NA	0	0	1.85	0	0
whorl	6	NA	1	0		0	1
whose	102	NA	0	0	1.68	0	0
whoworks	1	NA	1	0		0	0
why	2	0	0	0	1.86	0	0
wichmann	2	NA	1	1		1	0
wicker	1	NA	1	0	4.30	0	0
wide	80	NA	1	0	3.06	0	0
widely	26	NA	1	0	2.21	0	0
widen	4	NA	1	0	3.21	0	1
widening	2	NA	1	0		0	0
widespread	21	NA	1	0	2.23	0	0
widow	3	NA	1	0	4.33	0	0
width	8	NA	1	0	3.64	0	1
wielders	1	NA	1	0		0	0
wife	32	0	1	0	4.13	0	0
wikimedia	1	NA	1	0		0	0
wild	69	NA	1	0	2.41	0	0
wildanimal	1	NA	1	0		0	0
wilder	3	NA	1	1	2.10	2	0
wilderness	6	NA	1	0	3.79	0	0
wildfire	16	NA	1	0	4.59	1	0
wildlife	52	NA	1	0	4.26	0	0
wildly	4	NA	1	0	1.93	0	0
wiley	1	NA	1	0		0	0
wileyplus	3	NA	1	1		0	0
wilhelm	1	NA	1	0		0	0
wilkins	3	NA	1	1		0	0
will	1	0	0	0	2.64	0	0
willesden	1	NA	1	0		0	0
william	29	NA	1	1		0	0
williams	5	1	1	1		1	0
willing	13	NA	0	0	2.07	0	0
willingly	1	NA	1	0	2.04	0	0
willingness	2	NA	1	0	1.81	0	0
willow	2	NA	1	0	4.35	0	0
willy	1	NA	1	0		0	0
wilson	10	NA	1	1		0	0
wilt	3	NA	0	0	2.90	0	0
wimp	3	NA	1	0	2.90	0	0
win	120	0	1	0	2.67	0	0
wind	81	NA	1	0	3.93	0	0
windfall	6	0	1	0	2.52	0	0
winding	3	NA	1	0	3.63	0	0
windmill	2	NA	1	0	4.89	0	0
window	12	0	1	0	4.86	0	0
windows	25	NA	1	0		0	0
windscreen	3	NA	1	0	4.59	0	0
windsurfers	3	NA	1	0		0	0
windy	3	NA	1	0	3.86	0	0
wine	19	NA	1	0	4.79	0	0
wing	21	NA	1	0	4.86	0	0
wingback	1	NA	1	0	3.29	0	0
wings	17	NA	1	0		1	1
wingtips	1	NA	1	0		0	0
winkelmann	6	NA	1	1		0	0
winner	54	NA	1	0	3.21	0	0
winnie	2	NA	1	1		0	0
winning	12	NA	1	0	2.82	0	0
winston	5	NA	1	1		0	0
winter	54	NA	1	0	3.84	0	0
wipe	6	NA	1	0	4.00	0	0
wire	22	NA	1	0	4.72	0	0
wireless	1	NA	1	0	3.57	0	0
wirelessly	1	NA	1	0	2.58	0	0
wisconsin	4	NA	1	1		0	0
wisdom	5	NA	1	0	1.53	0	0
wise	16	NA	1	1	1.97	0	0
wish	50	0	1	0	1.77	0	0
wishers	1	NA	1	0		0	0
wishing	3	NA	1	0	2.04	0	0
wishlists	3	NA	1	0		0	0
witchcraft	3	NA	1	0	2.96	0	0
withdraw	15	NA	1	0	3.04	0	0
withdrawal	2	NA	1	0	2.33	0	0
wither	1	NA	1	0	2.71	0	0
withering	1	NA	1	0	3.21	0	0
withhold	1	NA	1	0	2.68	0	0
withholding	1	NA	1	0	2.15	0	0
within	366	NA	0	0	2.81	0	0
without	279	0	0	0	2.15	0	0
withstand	5	NA	1	0	2.27	0	0
witness	14	2	1	0	4.07	1	0
wits	1	NA	1	0	1.76	0	0
woese	7	NA	1	1		0	0
wok	3	NA	1	1	4.57	0	0
wolf	127	NA	1	0	4.79	4	0
wolverine	5	NA	1	0	4.77	0	0
woman	318	0	1	0	4.46	0	1
womb	1	NA	1	0	4.37	0	0
women	7	NA	1	0		0	0
wonder	21	0	1	0	1.80	0	0
wonderful	20	0	1	0	1.82	0	0
wont	18	NA	1	0	1.59	0	0
woo	2	NA	1	0	2.19	0	0
wood	44	1	1	0	4.85	3	1
woodburner	1	NA	1	0		0	0
wooden	14	NA	1	0	4.61	0	0
woodland	1	NA	1	0	3.76	0	0
woods	4	NA	1	0	4.87	0	0
woody	5	NA	1	0	3.12	0	0
wookiees	1	NA	1	0		0	0
wool	1	NA	1	0	4.86	0	0
woolly	11	0	1	0	3.96	0	0
wooly	1	NA	1	0		0	0
word	75	0	1	0	3.56	0	0
wordperfect	1	NA	1	0		0	0
words	101	0	1	0		0	0
wordsworth	2	NA	1	1		0	0
wordy	3	NA	1	0	3.20	0	0
work	675	0	1	0	3.48	0	0
workable	2	NA	1	0	2.21	0	0
workaholic	2	NA	1	0	2.44	0	0
worker	161	NA	1	0	4.59	0	3
workforce	8	NA	1	0	3.63	1	0
working	157	0	1	0	3.48	0	1
workings	3	NA	1	0	2.59	0	0
workman	4	NA	1	0	4.11	0	0
workplace	16	NA	1	0	4.48	0	0
works	117	0	1	0	3.79	1	1
workshop	2	NA	1	0	4.54	0	0
world	876	0	1	0	4.36	1	1
world's	7	NA	1	0		0	0
worldwide	39	NA	1	0	2.52	0	0
worm	37	NA	1	0	4.90	0	0
worm's	1	NA	1	0		0	0
worry	87	0	1	0	2.55	0	0
worrying	17	NA	1	0	2.21	0	0
worse	58	0	1	0	1.61	0	0
worsen	3	NA	1	0	1.70	0	0
worsening	1	NA	1	0	1.96	0	0
worship	1	NA	1	0	2.62	0	0
worst	90	0	1	0	1.54	1	2
worth	75	0	1	0	1.89	0	0
worthwhile	5	NA	1	0	2.00	0	0
worthy	3	NA	1	0	2.00	0	0
wouldn	12	0	1	0		0	0
wouldn't	1	NA	1	0		0	0
wouldnt	7	NA	1	0		0	0
wound	3	NA	1	0	4.24	0	0
wow	3	0	1	1	1.48	0	0
wozniacki	3	NA	1	1		0	0
wrangel	1	NA	1	0		0	0
wrap	9	NA	1	0	4.11	0	0
wrasse	1	1	1	0		1	0
wreak	1	NA	1	0	2.83	0	0
wreathe	1	NA	1	0	3.96	0	0
wreck	2	NA	1	0	4.07	0	0
wrecking	6	NA	1	0	3.41	0	0
wrestle	2	NA	1	0	4.33	0	0
wriggle	3	NA	1	0	3.63	0	0
wright	11	NA	1	1		0	0
wright's	1	NA	1	0		0	0
wrinkle	8	NA	1	0	4.30	0	1
wrinkly	3	NA	1	0	3.52	0	0
wrist	2	NA	1	0	4.93	0	0
write	181	0	1	0	4.22	0	0
writer	33	NA	1	0	4.32	0	0
writing	37	NA	1	0	3.70	0	0
writinginthejournal	1	NA	1	0		0	0
writings	5	NA	1	0		0	0
wrong	71	0	1	0	1.83	0	0
wrongdoing	3	NA	1	0	2.43	0	0
wrongly	2	NA	1	0	1.83	0	0
wwf	20	NA	1	1		0	0
www	13	NA	1	0		0	0
wyden	10	NA	1	1		0	0
wyllie	6	NA	1	1		0	0
wynwood	1	NA	1	0		0	0
wyoming	2	NA	1	1		0	0
xbox	3	NA	1	1	4.89	0	0
xed	1	NA	1	0		0	0
xenophanes	1	NA	1	0		0	0
xenopus	1	NA	1	0		0	0
xinhua	2	NA	1	1		0	0
xiphophorus	2	NA	1	1		0	0
xvi	3	NA	1	1		0	0
xwxw	5	NA	1	1		0	0
xwy	5	NA	1	1		0	0
xxy	1	NA	1	0		0	0
xylem	9	3	1	0		1	0
yahoo	5	NA	1	1	2.58	0	0
yale	6	NA	1	1		0	0
yalow	2	NA	1	1		0	0
yam	1	NA	1	0	4.93	0	0
yanagisawa	1	NA	1	0		0	0
yapijakis	1	NA	1	0		0	0
yard	7	NA	1	0	4.82	0	0
yarrell	15	NA	1	1		0	0
yates	3	NA	1	1		0	0
yeah	1	0	1	1	1.89	0	0
year	559	0	1	0	3.25	0	1
yearling	1	NA	1	0	3.92	0	0
yearly	2	NA	1	0	3.17	0	0
yearold	1	NA	1	0		0	0
years	823	0	1	0		0	0
yeast	24	NA	1	0	4.72	3	0
yell	1	NA	1	0	3.86	0	0
yellow	35	NA	1	0	4.30	0	0
yellowish	1	NA	1	0	3.50	0	0
yellowknife	2	NA	1	1		0	0
yellowstone	9	NA	1	1		0	0
yelp	3	NA	1	1	3.54	0	0
yemen	8	NA	1	1		0	0
yen	5	NA	1	0	4.04	0	1
yersinia	2	NA	1	1		0	0
yes	46	0	1	1	2.14	0	0
yesterday	2	0	1	0	3.00	0	0
yet	140	0	0	0	1.39	0	0
yew	2	NA	1	0		0	0
yeya	1	NA	1	0		0	0
yield	18	NA	1	0	2.93	0	0
yielding	2	NA	1	0	2.82	0	0
ying	4	NA	1	0		0	0
yoga	50	NA	1	0	4.53	1	0
yogurt	4	NA	1	0	4.90	0	0
yolk	6	NA	1	0	4.78	0	0
yomiuri	2	NA	1	1		0	0
yong	3	NA	1	1		0	0
york	74	0	1	1		0	0
yorke	3	NA	1	1		0	0
yorker	5	NA	1	1		0	0
yorkshire	19	NA	1	1		0	0
yosemite	3	NA	1	1		0	0
yoshihide	2	NA	1	1		0	0
you	8	0	0	0	4.11	0	0
yougov	1	NA	1	0		0	0
youll	5	NA	1	0		0	0
young	249	0	1	0	3.16	0	0
younger	52	NA	1	0	2.79	0	0
youngster	2	NA	1	0	3.76	0	0
youre	28	NA	0	0		0	0
yours	2	0	0	1	2.14	0	0
yourself	17	0	0	0	4.39	0	0
yousafzai	3	NA	1	1		0	0
youth	31	NA	1	0	3.28	0	0
youtube	33	NA	1	1	4.35	0	0
youve	13	NA	1	0		0	0
yuba	2	NA	1	1		0	0
yucat	1	NA	1	0		0	0
yuck	1	NA	1	0	1.83	0	0
yunnan	1	NA	1	0		0	0
yuu	3	NA	1	0		0	0
yves	1	NA	1	0		0	0
zaglumyonova	6	NA	1	1		0	0
zalia	3	NA	1	1		0	0
zambezi	2	NA	1	1		0	0
zambia	1	NA	1	0		0	0
zap	1	NA	1	0	2.85	0	0
zealand	25	0	1	1		1	0
zebra	4	NA	1	0	4.86	0	0
zee	2	NA	1	1		0	0
zeina	3	NA	1	0		1	0
zeitung	1	NA	1	0		0	0
zeppelin	3	NA	1	1	4.44	0	0
zero	73	NA	1	0	2.86	0	0
zeteki	1	NA	1	0		0	0
zhirinovsky	5	NA	1	1		0	0
zhorna	3	NA	1	1		0	0
ziggy	4	NA	1	1		0	0
zimarco	9	NA	1	1		0	0
zimarcos	1	NA	1	0		0	0
zimbabwe	6	NA	1	1		0	0
zimerman	3	NA	1	1		0	0
zinc	1	NA	1	0	4.40	0	0
zinnia	1	NA	1	0		0	0
zizzi	3	NA	1	1		0	0
zoella	1	NA	1	0		0	0
zona	3	NA	1	0		0	0
zone	71	1	1	0	3.07	10	3
zoo	19	NA	1	0	4.81	0	0
zooey	3	NA	1	1		0	0
zoogeography	1	NA	1	0		0	0
zookeepers	4	NA	1	0		0	0
zoological	3	NA	1	1	2.40	0	0
zoologist	3	NA	1	1	4.30	0	0
zoology	3	NA	1	1	3.37	0	0
zoonosis	2	NA	1	0		1	0
zooplankton	5	NA	1	0		0	0
zooxanthellae	2	NA	1	0		0	0
zoubina	1	NA	1	0		0	0
zuccarini	1	NA	1	0		0	0
zucchini	1	NA	1	0	4.87	0	0
zuckerberg	12	NA	1	1		0	0
zulekha	3	NA	1	1		0	0
zulu	2	NA	1	1		0	0
zuma	10	0	1	1		0	0
zurich	18	NA	1	1		0	0
zygomycota	4	NA	1	1		0	0
zygospore	1	NA	1	0		0	0
zygote	30	2	1	0		1	0
zygotic	1	NA	1	0		0	0
